USE [resdb]
GO
ALTER TABLE [dbo].[usersLogs] DROP CONSTRAINT [FK_usersLogs_users]
GO
ALTER TABLE [dbo].[usersLogs] DROP CONSTRAINT [FK_usersLogs_pos]
GO
ALTER TABLE [dbo].[userSetValues] DROP CONSTRAINT [FK_userSetValues_users2]
GO
ALTER TABLE [dbo].[userSetValues] DROP CONSTRAINT [FK_userSetValues_users1]
GO
ALTER TABLE [dbo].[userSetValues] DROP CONSTRAINT [FK_userSetValues_users]
GO
ALTER TABLE [dbo].[userSetValues] DROP CONSTRAINT [FK_userSetValues_setValues]
GO
ALTER TABLE [dbo].[tags] DROP CONSTRAINT [FK_tags_users4]
GO
ALTER TABLE [dbo].[tags] DROP CONSTRAINT [FK_tags_users3]
GO
ALTER TABLE [dbo].[tablesReservations] DROP CONSTRAINT [FK_tablesReservations_users]
GO
ALTER TABLE [dbo].[tablesReservations] DROP CONSTRAINT [FK_tablesReservations_updateUsers]
GO
ALTER TABLE [dbo].[tablesReservations] DROP CONSTRAINT [FK_tablesReservations_tables]
GO
ALTER TABLE [dbo].[tablesReservations] DROP CONSTRAINT [FK_tablesReservations_reservations]
GO
ALTER TABLE [dbo].[tables] DROP CONSTRAINT [FK_tables_users2]
GO
ALTER TABLE [dbo].[tables] DROP CONSTRAINT [FK_tables_users1]
GO
ALTER TABLE [dbo].[tables] DROP CONSTRAINT [FK_tables_users]
GO
ALTER TABLE [dbo].[tables] DROP CONSTRAINT [FK_tables_updateUsers]
GO
ALTER TABLE [dbo].[tables] DROP CONSTRAINT [FK_tables_hallSections]
GO
ALTER TABLE [dbo].[tables] DROP CONSTRAINT [FK_tables_branches]
GO
ALTER TABLE [dbo].[sysEmails] DROP CONSTRAINT [FK_sysEmails_users1]
GO
ALTER TABLE [dbo].[sysEmails] DROP CONSTRAINT [FK_sysEmails_users]
GO
ALTER TABLE [dbo].[sysEmails] DROP CONSTRAINT [FK_sysEmails_branches]
GO
ALTER TABLE [dbo].[subscriptionFees] DROP CONSTRAINT [FK_subscriptionFees_memberships]
GO
ALTER TABLE [dbo].[setValues] DROP CONSTRAINT [FK_setValues_setting]
GO
ALTER TABLE [dbo].[serials] DROP CONSTRAINT [FK_serials_users1]
GO
ALTER TABLE [dbo].[serials] DROP CONSTRAINT [FK_serials_users]
GO
ALTER TABLE [dbo].[serials] DROP CONSTRAINT [FK_serials_items]
GO
ALTER TABLE [dbo].[sections] DROP CONSTRAINT [FK_sections_branches]
GO
ALTER TABLE [dbo].[residentialSectorsUsers] DROP CONSTRAINT [FK_residentialSectorsUsers_users2]
GO
ALTER TABLE [dbo].[residentialSectorsUsers] DROP CONSTRAINT [FK_residentialSectorsUsers_users1]
GO
ALTER TABLE [dbo].[residentialSectorsUsers] DROP CONSTRAINT [FK_residentialSectorsUsers_users]
GO
ALTER TABLE [dbo].[residentialSectorsUsers] DROP CONSTRAINT [FK_residentialSectorsUsers_residentialSectors]
GO
ALTER TABLE [dbo].[residentialSectors] DROP CONSTRAINT [FK_residentialSectors_users1]
GO
ALTER TABLE [dbo].[residentialSectors] DROP CONSTRAINT [FK_residentialSectors_users]
GO
ALTER TABLE [dbo].[reservations] DROP CONSTRAINT [FK_reservations_users]
GO
ALTER TABLE [dbo].[reservations] DROP CONSTRAINT [FK_reservations_updateUsers]
GO
ALTER TABLE [dbo].[reservations] DROP CONSTRAINT [FK_reservations_branches]
GO
ALTER TABLE [dbo].[propertiesItems] DROP CONSTRAINT [FK_propertiesItems_users1]
GO
ALTER TABLE [dbo].[propertiesItems] DROP CONSTRAINT [FK_propertiesItems_users]
GO
ALTER TABLE [dbo].[propertiesItems] DROP CONSTRAINT [FK_propertiesItems_properties]
GO
ALTER TABLE [dbo].[properties] DROP CONSTRAINT [FK_properties_users1]
GO
ALTER TABLE [dbo].[properties] DROP CONSTRAINT [FK_properties_users]
GO
ALTER TABLE [dbo].[printers] DROP CONSTRAINT [FK_printers_users1]
GO
ALTER TABLE [dbo].[printers] DROP CONSTRAINT [FK_printers_users]
GO
ALTER TABLE [dbo].[posUsers] DROP CONSTRAINT [FK_posUsers_users2]
GO
ALTER TABLE [dbo].[posUsers] DROP CONSTRAINT [FK_posUsers_users1]
GO
ALTER TABLE [dbo].[posUsers] DROP CONSTRAINT [FK_posUsers_users]
GO
ALTER TABLE [dbo].[posUsers] DROP CONSTRAINT [FK_posUsers_pos]
GO
ALTER TABLE [dbo].[posSetting] DROP CONSTRAINT [FK_posSetting_users1]
GO
ALTER TABLE [dbo].[posSetting] DROP CONSTRAINT [FK_posSetting_users]
GO
ALTER TABLE [dbo].[posSetting] DROP CONSTRAINT [FK_posSetting_printers1]
GO
ALTER TABLE [dbo].[posSetting] DROP CONSTRAINT [FK_posSetting_printers]
GO
ALTER TABLE [dbo].[posSetting] DROP CONSTRAINT [FK_posSetting_posSerials]
GO
ALTER TABLE [dbo].[posSetting] DROP CONSTRAINT [FK_posSetting_pos]
GO
ALTER TABLE [dbo].[posSetting] DROP CONSTRAINT [FK_posSetting_paperSize]
GO
ALTER TABLE [dbo].[pos] DROP CONSTRAINT [FK_pos_users1]
GO
ALTER TABLE [dbo].[pos] DROP CONSTRAINT [FK_pos_users]
GO
ALTER TABLE [dbo].[pos] DROP CONSTRAINT [FK_pos_branches]
GO
ALTER TABLE [dbo].[Points] DROP CONSTRAINT [FK_Points_users1]
GO
ALTER TABLE [dbo].[Points] DROP CONSTRAINT [FK_Points_users]
GO
ALTER TABLE [dbo].[Points] DROP CONSTRAINT [FK_Points_agents]
GO
ALTER TABLE [dbo].[packages] DROP CONSTRAINT [FK_packages_users2]
GO
ALTER TABLE [dbo].[packages] DROP CONSTRAINT [FK_packages_users1]
GO
ALTER TABLE [dbo].[packages] DROP CONSTRAINT [FK_packages_itemsUnits1]
GO
ALTER TABLE [dbo].[packages] DROP CONSTRAINT [FK_packages_itemsUnits]
GO
ALTER TABLE [dbo].[orderPreparingStatus] DROP CONSTRAINT [FK_orderPreparingStatus_users1]
GO
ALTER TABLE [dbo].[orderPreparingStatus] DROP CONSTRAINT [FK_orderPreparingStatus_users]
GO
ALTER TABLE [dbo].[orderPreparingStatus] DROP CONSTRAINT [FK_orderPreparingStatus_orderPreparing]
GO
ALTER TABLE [dbo].[orderPreparing] DROP CONSTRAINT [FK_orderPreparing_users1]
GO
ALTER TABLE [dbo].[orderPreparing] DROP CONSTRAINT [FK_orderPreparing_users]
GO
ALTER TABLE [dbo].[orderPreparing] DROP CONSTRAINT [FK_orderPreparing_invoices]
GO
ALTER TABLE [dbo].[objects] DROP CONSTRAINT [FK_objects_objects]
GO
ALTER TABLE [dbo].[notificationUser] DROP CONSTRAINT [FK_notificationUser_users2]
GO
ALTER TABLE [dbo].[notificationUser] DROP CONSTRAINT [FK_notificationUser_users1]
GO
ALTER TABLE [dbo].[notificationUser] DROP CONSTRAINT [FK_notificationUser_users]
GO
ALTER TABLE [dbo].[notificationUser] DROP CONSTRAINT [FK_notificationUser_pos]
GO
ALTER TABLE [dbo].[notificationUser] DROP CONSTRAINT [FK_notificationUser_notification]
GO
ALTER TABLE [dbo].[notification] DROP CONSTRAINT [FK_notification_users1]
GO
ALTER TABLE [dbo].[notification] DROP CONSTRAINT [FK_notification_users]
GO
ALTER TABLE [dbo].[menuSettings] DROP CONSTRAINT [FK_menuSettings_users]
GO
ALTER TABLE [dbo].[menuSettings] DROP CONSTRAINT [FK_menuSettings_itemsUnits]
GO
ALTER TABLE [dbo].[menuSettings] DROP CONSTRAINT [FK_menuSettings_branches]
GO
ALTER TABLE [dbo].[membershipsOffers] DROP CONSTRAINT [FK_membershipsOffers_users1]
GO
ALTER TABLE [dbo].[membershipsOffers] DROP CONSTRAINT [FK_membershipsOffers_users]
GO
ALTER TABLE [dbo].[membershipsOffers] DROP CONSTRAINT [FK_membershipsOffers_offers]
GO
ALTER TABLE [dbo].[membershipsOffers] DROP CONSTRAINT [FK_membershipsOffers_memberships]
GO
ALTER TABLE [dbo].[memberships] DROP CONSTRAINT [FK_memberships_users1]
GO
ALTER TABLE [dbo].[memberships] DROP CONSTRAINT [FK_memberships_users]
GO
ALTER TABLE [dbo].[medals] DROP CONSTRAINT [FK_medals_users1]
GO
ALTER TABLE [dbo].[medals] DROP CONSTRAINT [FK_medals_users]
GO
ALTER TABLE [dbo].[medalAgent] DROP CONSTRAINT [FK_medalAgent_users1]
GO
ALTER TABLE [dbo].[medalAgent] DROP CONSTRAINT [FK_medalAgent_users]
GO
ALTER TABLE [dbo].[medalAgent] DROP CONSTRAINT [FK_medalAgent_medals]
GO
ALTER TABLE [dbo].[medalAgent] DROP CONSTRAINT [FK_medalAgent_agents]
GO
ALTER TABLE [dbo].[locations] DROP CONSTRAINT [FK_locations_users1]
GO
ALTER TABLE [dbo].[locations] DROP CONSTRAINT [FK_locations_users]
GO
ALTER TABLE [dbo].[locations] DROP CONSTRAINT [FK_locations_sections]
GO
ALTER TABLE [dbo].[locations] DROP CONSTRAINT [FK_locations_branches1]
GO
ALTER TABLE [dbo].[itemUnitUser] DROP CONSTRAINT [FK_itemUnitUser_users2]
GO
ALTER TABLE [dbo].[itemUnitUser] DROP CONSTRAINT [FK_itemUnitUser_users1]
GO
ALTER TABLE [dbo].[itemUnitUser] DROP CONSTRAINT [FK_itemUnitUser_users]
GO
ALTER TABLE [dbo].[itemUnitUser] DROP CONSTRAINT [FK_itemUnitUser_itemsUnits]
GO
ALTER TABLE [dbo].[itemTransferOffer] DROP CONSTRAINT [FK_itemTransferOffer_users1]
GO
ALTER TABLE [dbo].[itemTransferOffer] DROP CONSTRAINT [FK_itemTransferOffer_users]
GO
ALTER TABLE [dbo].[itemTransferOffer] DROP CONSTRAINT [FK_itemTransferOffer_offers]
GO
ALTER TABLE [dbo].[itemTransferOffer] DROP CONSTRAINT [FK_itemTransferOffer_itemsTransfer]
GO
ALTER TABLE [dbo].[itemsUnits] DROP CONSTRAINT [FK_itemsUnits_users1]
GO
ALTER TABLE [dbo].[itemsUnits] DROP CONSTRAINT [FK_itemsUnits_users]
GO
ALTER TABLE [dbo].[itemsUnits] DROP CONSTRAINT [FK_itemsUnits_units]
GO
ALTER TABLE [dbo].[itemsUnits] DROP CONSTRAINT [FK_itemsUnits_storageCost]
GO
ALTER TABLE [dbo].[itemsUnits] DROP CONSTRAINT [FK_itemsUnits_items]
GO
ALTER TABLE [dbo].[itemsTransfer] DROP CONSTRAINT [FK_itemsTransfer_offers]
GO
ALTER TABLE [dbo].[itemsTransfer] DROP CONSTRAINT [FK_itemsTransfer_itemsUnits]
GO
ALTER TABLE [dbo].[itemsTransfer] DROP CONSTRAINT [FK_itemsTransfer_invoices]
GO
ALTER TABLE [dbo].[itemsTransfer] DROP CONSTRAINT [FK_itemsTransfer_inventoryItemLocation]
GO
ALTER TABLE [dbo].[itemsProp] DROP CONSTRAINT [FK_itemsProp_users1]
GO
ALTER TABLE [dbo].[itemsProp] DROP CONSTRAINT [FK_itemsProp_users]
GO
ALTER TABLE [dbo].[itemsProp] DROP CONSTRAINT [FK_itemsProp_propertiesItems]
GO
ALTER TABLE [dbo].[itemsProp] DROP CONSTRAINT [FK_itemsProp_items]
GO
ALTER TABLE [dbo].[itemsOffers] DROP CONSTRAINT [FK_itemsOffers_users1]
GO
ALTER TABLE [dbo].[itemsOffers] DROP CONSTRAINT [FK_itemsOffers_users]
GO
ALTER TABLE [dbo].[itemsOffers] DROP CONSTRAINT [FK_itemsOffers_offers]
GO
ALTER TABLE [dbo].[itemsOffers] DROP CONSTRAINT [FK_itemsOffers_itemsUnits]
GO
ALTER TABLE [dbo].[itemsMaterials] DROP CONSTRAINT [FK_itemsMaterials_units]
GO
ALTER TABLE [dbo].[itemsMaterials] DROP CONSTRAINT [FK_itemsMaterials_items1]
GO
ALTER TABLE [dbo].[itemsMaterials] DROP CONSTRAINT [FK_itemsMaterials_items]
GO
ALTER TABLE [dbo].[itemsLocations] DROP CONSTRAINT [FK_itemsLocations_users3]
GO
ALTER TABLE [dbo].[itemsLocations] DROP CONSTRAINT [FK_itemsLocations_users2]
GO
ALTER TABLE [dbo].[itemsLocations] DROP CONSTRAINT [FK_itemsLocations_users1]
GO
ALTER TABLE [dbo].[itemsLocations] DROP CONSTRAINT [FK_itemsLocations_users]
GO
ALTER TABLE [dbo].[itemsLocations] DROP CONSTRAINT [FK_itemsLocations_locations]
GO
ALTER TABLE [dbo].[itemsLocations] DROP CONSTRAINT [FK_itemsLocations_itemsUnits]
GO
ALTER TABLE [dbo].[itemsLocations] DROP CONSTRAINT [FK_itemsLocations_invoices]
GO
ALTER TABLE [dbo].[items] DROP CONSTRAINT [FK_items_users3]
GO
ALTER TABLE [dbo].[items] DROP CONSTRAINT [FK_items_users2]
GO
ALTER TABLE [dbo].[items] DROP CONSTRAINT [FK_items_users1]
GO
ALTER TABLE [dbo].[items] DROP CONSTRAINT [FK_items_users]
GO
ALTER TABLE [dbo].[items] DROP CONSTRAINT [FK_items_units1]
GO
ALTER TABLE [dbo].[items] DROP CONSTRAINT [FK_items_units]
GO
ALTER TABLE [dbo].[items] DROP CONSTRAINT [FK_items_tags]
GO
ALTER TABLE [dbo].[items] DROP CONSTRAINT [FK_items_categories]
GO
ALTER TABLE [dbo].[itemOrderPreparing] DROP CONSTRAINT [FK_itemOrderPreparing_users1]
GO
ALTER TABLE [dbo].[itemOrderPreparing] DROP CONSTRAINT [FK_itemOrderPreparing_users]
GO
ALTER TABLE [dbo].[itemOrderPreparing] DROP CONSTRAINT [FK_itemOrderPreparing_orderPreparing]
GO
ALTER TABLE [dbo].[itemOrderPreparing] DROP CONSTRAINT [FK_itemOrderPreparing_itemsUnits]
GO
ALTER TABLE [dbo].[invoiceTables] DROP CONSTRAINT [FK_invoiceTables_users]
GO
ALTER TABLE [dbo].[invoiceTables] DROP CONSTRAINT [FK_invoiceTables_updateUsers]
GO
ALTER TABLE [dbo].[invoiceTables] DROP CONSTRAINT [FK_invoiceTables_tables]
GO
ALTER TABLE [dbo].[invoiceTables] DROP CONSTRAINT [FK_invoiceTables_invoices]
GO
ALTER TABLE [dbo].[invoiceStatus] DROP CONSTRAINT [FK_invoiceStatus_users1]
GO
ALTER TABLE [dbo].[invoiceStatus] DROP CONSTRAINT [FK_invoiceStatus_users]
GO
ALTER TABLE [dbo].[invoiceStatus] DROP CONSTRAINT [FK_invoiceStatus_invoices]
GO
ALTER TABLE [dbo].[invoicesClassMemberships] DROP CONSTRAINT [FK_invoicesClassMemberships_users1]
GO
ALTER TABLE [dbo].[invoicesClassMemberships] DROP CONSTRAINT [FK_invoicesClassMemberships_users]
GO
ALTER TABLE [dbo].[invoicesClassMemberships] DROP CONSTRAINT [FK_invoicesClassMemberships_memberships]
GO
ALTER TABLE [dbo].[invoicesClassMemberships] DROP CONSTRAINT [FK_invoicesClassMemberships_invoicesClass]
GO
ALTER TABLE [dbo].[invoices] DROP CONSTRAINT [FK_invoices_waiters]
GO
ALTER TABLE [dbo].[invoices] DROP CONSTRAINT [FK_invoices_users5]
GO
ALTER TABLE [dbo].[invoices] DROP CONSTRAINT [FK_invoices_users4]
GO
ALTER TABLE [dbo].[invoices] DROP CONSTRAINT [FK_invoices_users3]
GO
ALTER TABLE [dbo].[invoices] DROP CONSTRAINT [FK_invoices_users2]
GO
ALTER TABLE [dbo].[invoices] DROP CONSTRAINT [FK_invoices_users1]
GO
ALTER TABLE [dbo].[invoices] DROP CONSTRAINT [FK_invoices_users]
GO
ALTER TABLE [dbo].[invoices] DROP CONSTRAINT [FK_invoices_shippingCompanies]
GO
ALTER TABLE [dbo].[invoices] DROP CONSTRAINT [FK_invoices_reservations]
GO
ALTER TABLE [dbo].[invoices] DROP CONSTRAINT [FK_invoices_pos]
GO
ALTER TABLE [dbo].[invoices] DROP CONSTRAINT [FK_invoices_memberships]
GO
ALTER TABLE [dbo].[invoices] DROP CONSTRAINT [FK_invoices_invoices]
GO
ALTER TABLE [dbo].[invoices] DROP CONSTRAINT [FK_invoices_branches1]
GO
ALTER TABLE [dbo].[invoices] DROP CONSTRAINT [FK_invoices_branches]
GO
ALTER TABLE [dbo].[invoices] DROP CONSTRAINT [FK_invoices_agents]
GO
ALTER TABLE [dbo].[invoiceOrder] DROP CONSTRAINT [FK_invoiceOrder_itemsTransfer]
GO
ALTER TABLE [dbo].[invoiceOrder] DROP CONSTRAINT [FK_invoiceOrder_invoices1]
GO
ALTER TABLE [dbo].[invoiceOrder] DROP CONSTRAINT [FK_invoiceOrder_invoices]
GO
ALTER TABLE [dbo].[invoiceClassDiscount] DROP CONSTRAINT [FK_invoiceClassDiscount_invoicesClass]
GO
ALTER TABLE [dbo].[invoiceClassDiscount] DROP CONSTRAINT [FK_invoiceClassDiscount_invoices]
GO
ALTER TABLE [dbo].[inventoryItemLocation] DROP CONSTRAINT [FK_inventoryItemLocation_users1]
GO
ALTER TABLE [dbo].[inventoryItemLocation] DROP CONSTRAINT [FK_inventoryItemLocation_users]
GO
ALTER TABLE [dbo].[inventoryItemLocation] DROP CONSTRAINT [FK_inventoryItemLocation_itemsLocations]
GO
ALTER TABLE [dbo].[inventoryItemLocation] DROP CONSTRAINT [FK_inventoryItemLocation_Inventory]
GO
ALTER TABLE [dbo].[Inventory] DROP CONSTRAINT [FK_Inventory_users1]
GO
ALTER TABLE [dbo].[Inventory] DROP CONSTRAINT [FK_Inventory_users]
GO
ALTER TABLE [dbo].[Inventory] DROP CONSTRAINT [FK_Inventory_pos]
GO
ALTER TABLE [dbo].[Inventory] DROP CONSTRAINT [FK_Inventory_branches]
GO
ALTER TABLE [dbo].[hallSections] DROP CONSTRAINT [FK_hallSections_branches]
GO
ALTER TABLE [dbo].[groups] DROP CONSTRAINT [FK_groups_users2]
GO
ALTER TABLE [dbo].[groups] DROP CONSTRAINT [FK_groups_users1]
GO
ALTER TABLE [dbo].[groupObject] DROP CONSTRAINT [FK_groupObject_users1]
GO
ALTER TABLE [dbo].[groupObject] DROP CONSTRAINT [FK_groupObject_users]
GO
ALTER TABLE [dbo].[groupObject] DROP CONSTRAINT [FK_groupObject_objects]
GO
ALTER TABLE [dbo].[Expenses] DROP CONSTRAINT [FK_Expenses_users]
GO
ALTER TABLE [dbo].[error] DROP CONSTRAINT [FK_error_users]
GO
ALTER TABLE [dbo].[error] DROP CONSTRAINT [FK_error_pos]
GO
ALTER TABLE [dbo].[error] DROP CONSTRAINT [FK_error_branches]
GO
ALTER TABLE [dbo].[docImages] DROP CONSTRAINT [FK_docImages_users1]
GO
ALTER TABLE [dbo].[docImages] DROP CONSTRAINT [FK_docImages_users]
GO
ALTER TABLE [dbo].[dishIngredients] DROP CONSTRAINT [FK_dishIngredients_users1]
GO
ALTER TABLE [dbo].[dishIngredients] DROP CONSTRAINT [FK_dishIngredients_users]
GO
ALTER TABLE [dbo].[dishIngredients] DROP CONSTRAINT [FK_dishIngredients_itemsUnits]
GO
ALTER TABLE [dbo].[couponsMemberships] DROP CONSTRAINT [FK_couponsMemberships_users1]
GO
ALTER TABLE [dbo].[couponsMemberships] DROP CONSTRAINT [FK_couponsMemberships_users]
GO
ALTER TABLE [dbo].[couponsMemberships] DROP CONSTRAINT [FK_couponsMemberships_memberships]
GO
ALTER TABLE [dbo].[couponsMemberships] DROP CONSTRAINT [FK_couponsMemberships_coupons]
GO
ALTER TABLE [dbo].[couponsInvoices] DROP CONSTRAINT [FK_couponsInvoices_users1]
GO
ALTER TABLE [dbo].[couponsInvoices] DROP CONSTRAINT [FK_couponsInvoices_users]
GO
ALTER TABLE [dbo].[couponsInvoices] DROP CONSTRAINT [FK_couponsInvoices_invoices]
GO
ALTER TABLE [dbo].[couponsInvoices] DROP CONSTRAINT [FK_couponsInvoices_coupons]
GO
ALTER TABLE [dbo].[coupons] DROP CONSTRAINT [FK_coupons_users1]
GO
ALTER TABLE [dbo].[coupons] DROP CONSTRAINT [FK_coupons_users]
GO
ALTER TABLE [dbo].[cities] DROP CONSTRAINT [FK_cities_countriesCodes]
GO
ALTER TABLE [dbo].[categories] DROP CONSTRAINT [FK_categories_users1]
GO
ALTER TABLE [dbo].[categories] DROP CONSTRAINT [FK_categories_users]
GO
ALTER TABLE [dbo].[cashTransfer] DROP CONSTRAINT [FK_cashTransfer_users2]
GO
ALTER TABLE [dbo].[cashTransfer] DROP CONSTRAINT [FK_cashTransfer_users1]
GO
ALTER TABLE [dbo].[cashTransfer] DROP CONSTRAINT [FK_cashTransfer_users]
GO
ALTER TABLE [dbo].[cashTransfer] DROP CONSTRAINT [FK_cashTransfer_shippingCompanies]
GO
ALTER TABLE [dbo].[cashTransfer] DROP CONSTRAINT [FK_cashTransfer_pos1]
GO
ALTER TABLE [dbo].[cashTransfer] DROP CONSTRAINT [FK_cashTransfer_pos]
GO
ALTER TABLE [dbo].[cashTransfer] DROP CONSTRAINT [FK_cashTransfer_invoices]
GO
ALTER TABLE [dbo].[cashTransfer] DROP CONSTRAINT [FK_cashTransfer_cashTransfer]
GO
ALTER TABLE [dbo].[cashTransfer] DROP CONSTRAINT [FK_cashTransfer_cards]
GO
ALTER TABLE [dbo].[cashTransfer] DROP CONSTRAINT [FK_cashTransfer_bondes]
GO
ALTER TABLE [dbo].[cashTransfer] DROP CONSTRAINT [FK_cashTransfer_banks]
GO
ALTER TABLE [dbo].[cashTransfer] DROP CONSTRAINT [FK_cashTransfer_agents]
GO
ALTER TABLE [dbo].[cards] DROP CONSTRAINT [FK_cards_users1]
GO
ALTER TABLE [dbo].[cards] DROP CONSTRAINT [FK_cards_users]
GO
ALTER TABLE [dbo].[branchStore] DROP CONSTRAINT [FK_branchStore_users1]
GO
ALTER TABLE [dbo].[branchStore] DROP CONSTRAINT [FK_branchStore_users]
GO
ALTER TABLE [dbo].[branchStore] DROP CONSTRAINT [FK_branchStore_branches2]
GO
ALTER TABLE [dbo].[branchStore] DROP CONSTRAINT [FK_branchStore_branches]
GO
ALTER TABLE [dbo].[branchesUsers] DROP CONSTRAINT [FK_branchesUsers_users]
GO
ALTER TABLE [dbo].[branchesUsers] DROP CONSTRAINT [FK_branchesUsers_branches]
GO
ALTER TABLE [dbo].[branches] DROP CONSTRAINT [FK_branches_users1]
GO
ALTER TABLE [dbo].[branches] DROP CONSTRAINT [FK_branches_users]
GO
ALTER TABLE [dbo].[bondes] DROP CONSTRAINT [FK_bondes_users1]
GO
ALTER TABLE [dbo].[bondes] DROP CONSTRAINT [FK_bondes_users]
GO
ALTER TABLE [dbo].[bondes] DROP CONSTRAINT [FK_bondes_cashTransfer]
GO
ALTER TABLE [dbo].[agents] DROP CONSTRAINT [FK_agents_users1]
GO
ALTER TABLE [dbo].[agents] DROP CONSTRAINT [FK_agents_users]
GO
ALTER TABLE [dbo].[agents] DROP CONSTRAINT [FK_agents_residentialSectors]
GO
ALTER TABLE [dbo].[agents] DROP CONSTRAINT [FK_agents_Points]
GO
ALTER TABLE [dbo].[agents] DROP CONSTRAINT [FK_agents_memberships]
GO
ALTER TABLE [dbo].[agentMembershipCash] DROP CONSTRAINT [FK_agentMembershipCash_users1]
GO
ALTER TABLE [dbo].[agentMembershipCash] DROP CONSTRAINT [FK_agentMembershipCash_users]
GO
ALTER TABLE [dbo].[agentMembershipCash] DROP CONSTRAINT [FK_agentMembershipCash_subscriptionFees]
GO
ALTER TABLE [dbo].[agentMembershipCash] DROP CONSTRAINT [FK_agentMembershipCash_memberships]
GO
ALTER TABLE [dbo].[agentMembershipCash] DROP CONSTRAINT [FK_agentMembershipCash_cashTransfer]
GO
ALTER TABLE [dbo].[agentMembershipCash] DROP CONSTRAINT [FK_agentMembershipCash_agents]
GO
ALTER TABLE [dbo].[tablesReservations] DROP CONSTRAINT [DF_tablesReservations_isActive]
GO
ALTER TABLE [dbo].[tables] DROP CONSTRAINT [DF_tables_isActive]
GO
ALTER TABLE [dbo].[storageCost] DROP CONSTRAINT [DF_storageCost_cost]
GO
ALTER TABLE [dbo].[shippingCompanies] DROP CONSTRAINT [DF_shippingCompanies_balance]
GO
ALTER TABLE [dbo].[sections] DROP CONSTRAINT [DF_sections_isKitchen]
GO
ALTER TABLE [dbo].[reservations] DROP CONSTRAINT [DF_reservations_isActive]
GO
ALTER TABLE [dbo].[packages] DROP CONSTRAINT [DF_packages_isActive]
GO
ALTER TABLE [dbo].[packages] DROP CONSTRAINT [DF_packages_quantity]
GO
ALTER TABLE [dbo].[notificationUser] DROP CONSTRAINT [DF_notificationUser_isRead]
GO
ALTER TABLE [dbo].[menuSettings] DROP CONSTRAINT [DF_menuSettings_isActive]
GO
ALTER TABLE [dbo].[menuSettings] DROP CONSTRAINT [DF_menuSettings_wed]
GO
ALTER TABLE [dbo].[menuSettings] DROP CONSTRAINT [DF_menuSettings_tues]
GO
ALTER TABLE [dbo].[menuSettings] DROP CONSTRAINT [DF_menuSettings_mon]
GO
ALTER TABLE [dbo].[menuSettings] DROP CONSTRAINT [DF_menuSettings_sun]
GO
ALTER TABLE [dbo].[menuSettings] DROP CONSTRAINT [DF_menuSettings_sat]
GO
ALTER TABLE [dbo].[memberships] DROP CONSTRAINT [DF_memberships_deliveryDiscountPercent]
GO
ALTER TABLE [dbo].[memberships] DROP CONSTRAINT [DF_memberships_isFreeDelivery]
GO
ALTER TABLE [dbo].[locations] DROP CONSTRAINT [DF_locations_isKitchen]
GO
ALTER TABLE [dbo].[itemsUnits] DROP CONSTRAINT [DF_itemsUnits_isCountable]
GO
ALTER TABLE [dbo].[itemsUnits] DROP CONSTRAINT [DF_itemsUnits_priceWithService]
GO
ALTER TABLE [dbo].[invoiceTables] DROP CONSTRAINT [DF_invoiceTables_isActive]
GO
ALTER TABLE [dbo].[invoices] DROP CONSTRAINT [DF_invoices_realShippingCost]
GO
ALTER TABLE [dbo].[invoices] DROP CONSTRAINT [DF_invoices_shippingCost]
GO
ALTER TABLE [dbo].[invoices] DROP CONSTRAINT [DF_invoices_isOrginal]
GO
ALTER TABLE [dbo].[invoices] DROP CONSTRAINT [DF_invoices_printedcount]
GO
ALTER TABLE [dbo].[invoices] DROP CONSTRAINT [DF_invoices_cashReturn]
GO
ALTER TABLE [dbo].[invoices] DROP CONSTRAINT [DF_invoices_isActive]
GO
ALTER TABLE [dbo].[invoices] DROP CONSTRAINT [DF_invoices_manualDiscountValue]
GO
ALTER TABLE [dbo].[invoiceClassDiscount] DROP CONSTRAINT [DF_invoiceClassDiscount_discountType]
GO
ALTER TABLE [dbo].[invoiceClassDiscount] DROP CONSTRAINT [DF_invoiceClassDiscount_discountValue]
GO
ALTER TABLE [dbo].[inventoryItemLocation] DROP CONSTRAINT [DF_inventoryItemLocation_isFalls]
GO
ALTER TABLE [dbo].[dishIngredients] DROP CONSTRAINT [DF_dishIngredients_isActive]
GO
ALTER TABLE [dbo].[countriesCodes] DROP CONSTRAINT [DF_countriesCodes_currencyId]
GO
ALTER TABLE [dbo].[countriesCodes] DROP CONSTRAINT [DF_countriesCodes_isDefault]
GO
ALTER TABLE [dbo].[agents] DROP CONSTRAINT [DF_agents_canReserve]
GO
ALTER TABLE [dbo].[agents] DROP CONSTRAINT [DF_agents_isLimited_1]
GO
ALTER TABLE [dbo].[agentMembershipCash] DROP CONSTRAINT [DF_agentMembershipCash_total]
GO
ALTER TABLE [dbo].[agentMembershipCash] DROP CONSTRAINT [DF_agentMembershipCash_discountValue]
GO
/****** Object:  Table [dbo].[usersLogs]    Script Date: 4/18/2022 1:28:39 PM ******/
IF  EXISTS (SELECT * FROM sys.objects WHERE object_id = OBJECT_ID(N'[dbo].[usersLogs]') AND type in (N'U'))
DROP TABLE [dbo].[usersLogs]
GO
/****** Object:  Table [dbo].[userSetValues]    Script Date: 4/18/2022 1:28:39 PM ******/
IF  EXISTS (SELECT * FROM sys.objects WHERE object_id = OBJECT_ID(N'[dbo].[userSetValues]') AND type in (N'U'))
DROP TABLE [dbo].[userSetValues]
GO
/****** Object:  Table [dbo].[users]    Script Date: 4/18/2022 1:28:39 PM ******/
IF  EXISTS (SELECT * FROM sys.objects WHERE object_id = OBJECT_ID(N'[dbo].[users]') AND type in (N'U'))
DROP TABLE [dbo].[users]
GO
/****** Object:  Table [dbo].[units]    Script Date: 4/18/2022 1:28:39 PM ******/
IF  EXISTS (SELECT * FROM sys.objects WHERE object_id = OBJECT_ID(N'[dbo].[units]') AND type in (N'U'))
DROP TABLE [dbo].[units]
GO
/****** Object:  Table [dbo].[tags]    Script Date: 4/18/2022 1:28:39 PM ******/
IF  EXISTS (SELECT * FROM sys.objects WHERE object_id = OBJECT_ID(N'[dbo].[tags]') AND type in (N'U'))
DROP TABLE [dbo].[tags]
GO
/****** Object:  Table [dbo].[tablesReservations]    Script Date: 4/18/2022 1:28:39 PM ******/
IF  EXISTS (SELECT * FROM sys.objects WHERE object_id = OBJECT_ID(N'[dbo].[tablesReservations]') AND type in (N'U'))
DROP TABLE [dbo].[tablesReservations]
GO
/****** Object:  Table [dbo].[tables]    Script Date: 4/18/2022 1:28:39 PM ******/
IF  EXISTS (SELECT * FROM sys.objects WHERE object_id = OBJECT_ID(N'[dbo].[tables]') AND type in (N'U'))
DROP TABLE [dbo].[tables]
GO
/****** Object:  Table [dbo].[sysEmails]    Script Date: 4/18/2022 1:28:39 PM ******/
IF  EXISTS (SELECT * FROM sys.objects WHERE object_id = OBJECT_ID(N'[dbo].[sysEmails]') AND type in (N'U'))
DROP TABLE [dbo].[sysEmails]
GO
/****** Object:  Table [dbo].[subscriptionFees]    Script Date: 4/18/2022 1:28:39 PM ******/
IF  EXISTS (SELECT * FROM sys.objects WHERE object_id = OBJECT_ID(N'[dbo].[subscriptionFees]') AND type in (N'U'))
DROP TABLE [dbo].[subscriptionFees]
GO
/****** Object:  Table [dbo].[storageCost]    Script Date: 4/18/2022 1:28:39 PM ******/
IF  EXISTS (SELECT * FROM sys.objects WHERE object_id = OBJECT_ID(N'[dbo].[storageCost]') AND type in (N'U'))
DROP TABLE [dbo].[storageCost]
GO
/****** Object:  Table [dbo].[shippingCompanies]    Script Date: 4/18/2022 1:28:39 PM ******/
IF  EXISTS (SELECT * FROM sys.objects WHERE object_id = OBJECT_ID(N'[dbo].[shippingCompanies]') AND type in (N'U'))
DROP TABLE [dbo].[shippingCompanies]
GO
/****** Object:  Table [dbo].[setValues]    Script Date: 4/18/2022 1:28:39 PM ******/
IF  EXISTS (SELECT * FROM sys.objects WHERE object_id = OBJECT_ID(N'[dbo].[setValues]') AND type in (N'U'))
DROP TABLE [dbo].[setValues]
GO
/****** Object:  Table [dbo].[setting]    Script Date: 4/18/2022 1:28:39 PM ******/
IF  EXISTS (SELECT * FROM sys.objects WHERE object_id = OBJECT_ID(N'[dbo].[setting]') AND type in (N'U'))
DROP TABLE [dbo].[setting]
GO
/****** Object:  Table [dbo].[serials]    Script Date: 4/18/2022 1:28:39 PM ******/
IF  EXISTS (SELECT * FROM sys.objects WHERE object_id = OBJECT_ID(N'[dbo].[serials]') AND type in (N'U'))
DROP TABLE [dbo].[serials]
GO
/****** Object:  Table [dbo].[sections]    Script Date: 4/18/2022 1:28:39 PM ******/
IF  EXISTS (SELECT * FROM sys.objects WHERE object_id = OBJECT_ID(N'[dbo].[sections]') AND type in (N'U'))
DROP TABLE [dbo].[sections]
GO
/****** Object:  Table [dbo].[residentialSectorsUsers]    Script Date: 4/18/2022 1:28:39 PM ******/
IF  EXISTS (SELECT * FROM sys.objects WHERE object_id = OBJECT_ID(N'[dbo].[residentialSectorsUsers]') AND type in (N'U'))
DROP TABLE [dbo].[residentialSectorsUsers]
GO
/****** Object:  Table [dbo].[residentialSectors]    Script Date: 4/18/2022 1:28:39 PM ******/
IF  EXISTS (SELECT * FROM sys.objects WHERE object_id = OBJECT_ID(N'[dbo].[residentialSectors]') AND type in (N'U'))
DROP TABLE [dbo].[residentialSectors]
GO
/****** Object:  Table [dbo].[reservations]    Script Date: 4/18/2022 1:28:39 PM ******/
IF  EXISTS (SELECT * FROM sys.objects WHERE object_id = OBJECT_ID(N'[dbo].[reservations]') AND type in (N'U'))
DROP TABLE [dbo].[reservations]
GO
/****** Object:  Table [dbo].[propertiesItems]    Script Date: 4/18/2022 1:28:39 PM ******/
IF  EXISTS (SELECT * FROM sys.objects WHERE object_id = OBJECT_ID(N'[dbo].[propertiesItems]') AND type in (N'U'))
DROP TABLE [dbo].[propertiesItems]
GO
/****** Object:  Table [dbo].[properties]    Script Date: 4/18/2022 1:28:39 PM ******/
IF  EXISTS (SELECT * FROM sys.objects WHERE object_id = OBJECT_ID(N'[dbo].[properties]') AND type in (N'U'))
DROP TABLE [dbo].[properties]
GO
/****** Object:  Table [dbo].[ProgramDetails]    Script Date: 4/18/2022 1:28:39 PM ******/
IF  EXISTS (SELECT * FROM sys.objects WHERE object_id = OBJECT_ID(N'[dbo].[ProgramDetails]') AND type in (N'U'))
DROP TABLE [dbo].[ProgramDetails]
GO
/****** Object:  Table [dbo].[printers]    Script Date: 4/18/2022 1:28:39 PM ******/
IF  EXISTS (SELECT * FROM sys.objects WHERE object_id = OBJECT_ID(N'[dbo].[printers]') AND type in (N'U'))
DROP TABLE [dbo].[printers]
GO
/****** Object:  Table [dbo].[posUsers]    Script Date: 4/18/2022 1:28:39 PM ******/
IF  EXISTS (SELECT * FROM sys.objects WHERE object_id = OBJECT_ID(N'[dbo].[posUsers]') AND type in (N'U'))
DROP TABLE [dbo].[posUsers]
GO
/****** Object:  Table [dbo].[posSetting]    Script Date: 4/18/2022 1:28:39 PM ******/
IF  EXISTS (SELECT * FROM sys.objects WHERE object_id = OBJECT_ID(N'[dbo].[posSetting]') AND type in (N'U'))
DROP TABLE [dbo].[posSetting]
GO
/****** Object:  Table [dbo].[posSerials]    Script Date: 4/18/2022 1:28:39 PM ******/
IF  EXISTS (SELECT * FROM sys.objects WHERE object_id = OBJECT_ID(N'[dbo].[posSerials]') AND type in (N'U'))
DROP TABLE [dbo].[posSerials]
GO
/****** Object:  Table [dbo].[pos]    Script Date: 4/18/2022 1:28:39 PM ******/
IF  EXISTS (SELECT * FROM sys.objects WHERE object_id = OBJECT_ID(N'[dbo].[pos]') AND type in (N'U'))
DROP TABLE [dbo].[pos]
GO
/****** Object:  Table [dbo].[Points]    Script Date: 4/18/2022 1:28:39 PM ******/
IF  EXISTS (SELECT * FROM sys.objects WHERE object_id = OBJECT_ID(N'[dbo].[Points]') AND type in (N'U'))
DROP TABLE [dbo].[Points]
GO
/****** Object:  Table [dbo].[paperSize]    Script Date: 4/18/2022 1:28:39 PM ******/
IF  EXISTS (SELECT * FROM sys.objects WHERE object_id = OBJECT_ID(N'[dbo].[paperSize]') AND type in (N'U'))
DROP TABLE [dbo].[paperSize]
GO
/****** Object:  Table [dbo].[packages]    Script Date: 4/18/2022 1:28:39 PM ******/
IF  EXISTS (SELECT * FROM sys.objects WHERE object_id = OBJECT_ID(N'[dbo].[packages]') AND type in (N'U'))
DROP TABLE [dbo].[packages]
GO
/****** Object:  Table [dbo].[orderPreparingStatus]    Script Date: 4/18/2022 1:28:39 PM ******/
IF  EXISTS (SELECT * FROM sys.objects WHERE object_id = OBJECT_ID(N'[dbo].[orderPreparingStatus]') AND type in (N'U'))
DROP TABLE [dbo].[orderPreparingStatus]
GO
/****** Object:  Table [dbo].[orderPreparing]    Script Date: 4/18/2022 1:28:39 PM ******/
IF  EXISTS (SELECT * FROM sys.objects WHERE object_id = OBJECT_ID(N'[dbo].[orderPreparing]') AND type in (N'U'))
DROP TABLE [dbo].[orderPreparing]
GO
/****** Object:  Table [dbo].[offers]    Script Date: 4/18/2022 1:28:39 PM ******/
IF  EXISTS (SELECT * FROM sys.objects WHERE object_id = OBJECT_ID(N'[dbo].[offers]') AND type in (N'U'))
DROP TABLE [dbo].[offers]
GO
/****** Object:  Table [dbo].[objects]    Script Date: 4/18/2022 1:28:39 PM ******/
IF  EXISTS (SELECT * FROM sys.objects WHERE object_id = OBJECT_ID(N'[dbo].[objects]') AND type in (N'U'))
DROP TABLE [dbo].[objects]
GO
/****** Object:  Table [dbo].[notificationUser]    Script Date: 4/18/2022 1:28:39 PM ******/
IF  EXISTS (SELECT * FROM sys.objects WHERE object_id = OBJECT_ID(N'[dbo].[notificationUser]') AND type in (N'U'))
DROP TABLE [dbo].[notificationUser]
GO
/****** Object:  Table [dbo].[notification]    Script Date: 4/18/2022 1:28:39 PM ******/
IF  EXISTS (SELECT * FROM sys.objects WHERE object_id = OBJECT_ID(N'[dbo].[notification]') AND type in (N'U'))
DROP TABLE [dbo].[notification]
GO
/****** Object:  Table [dbo].[menuSettings]    Script Date: 4/18/2022 1:28:39 PM ******/
IF  EXISTS (SELECT * FROM sys.objects WHERE object_id = OBJECT_ID(N'[dbo].[menuSettings]') AND type in (N'U'))
DROP TABLE [dbo].[menuSettings]
GO
/****** Object:  Table [dbo].[membershipsOffers]    Script Date: 4/18/2022 1:28:39 PM ******/
IF  EXISTS (SELECT * FROM sys.objects WHERE object_id = OBJECT_ID(N'[dbo].[membershipsOffers]') AND type in (N'U'))
DROP TABLE [dbo].[membershipsOffers]
GO
/****** Object:  Table [dbo].[memberships]    Script Date: 4/18/2022 1:28:39 PM ******/
IF  EXISTS (SELECT * FROM sys.objects WHERE object_id = OBJECT_ID(N'[dbo].[memberships]') AND type in (N'U'))
DROP TABLE [dbo].[memberships]
GO
/****** Object:  Table [dbo].[medals]    Script Date: 4/18/2022 1:28:39 PM ******/
IF  EXISTS (SELECT * FROM sys.objects WHERE object_id = OBJECT_ID(N'[dbo].[medals]') AND type in (N'U'))
DROP TABLE [dbo].[medals]
GO
/****** Object:  Table [dbo].[medalAgent]    Script Date: 4/18/2022 1:28:39 PM ******/
IF  EXISTS (SELECT * FROM sys.objects WHERE object_id = OBJECT_ID(N'[dbo].[medalAgent]') AND type in (N'U'))
DROP TABLE [dbo].[medalAgent]
GO
/****** Object:  Table [dbo].[locations]    Script Date: 4/18/2022 1:28:39 PM ******/
IF  EXISTS (SELECT * FROM sys.objects WHERE object_id = OBJECT_ID(N'[dbo].[locations]') AND type in (N'U'))
DROP TABLE [dbo].[locations]
GO
/****** Object:  Table [dbo].[itemUnitUser]    Script Date: 4/18/2022 1:28:39 PM ******/
IF  EXISTS (SELECT * FROM sys.objects WHERE object_id = OBJECT_ID(N'[dbo].[itemUnitUser]') AND type in (N'U'))
DROP TABLE [dbo].[itemUnitUser]
GO
/****** Object:  Table [dbo].[itemTransferOffer]    Script Date: 4/18/2022 1:28:39 PM ******/
IF  EXISTS (SELECT * FROM sys.objects WHERE object_id = OBJECT_ID(N'[dbo].[itemTransferOffer]') AND type in (N'U'))
DROP TABLE [dbo].[itemTransferOffer]
GO
/****** Object:  Table [dbo].[itemsUnits]    Script Date: 4/18/2022 1:28:39 PM ******/
IF  EXISTS (SELECT * FROM sys.objects WHERE object_id = OBJECT_ID(N'[dbo].[itemsUnits]') AND type in (N'U'))
DROP TABLE [dbo].[itemsUnits]
GO
/****** Object:  Table [dbo].[itemsTransfer]    Script Date: 4/18/2022 1:28:39 PM ******/
IF  EXISTS (SELECT * FROM sys.objects WHERE object_id = OBJECT_ID(N'[dbo].[itemsTransfer]') AND type in (N'U'))
DROP TABLE [dbo].[itemsTransfer]
GO
/****** Object:  Table [dbo].[itemsProp]    Script Date: 4/18/2022 1:28:39 PM ******/
IF  EXISTS (SELECT * FROM sys.objects WHERE object_id = OBJECT_ID(N'[dbo].[itemsProp]') AND type in (N'U'))
DROP TABLE [dbo].[itemsProp]
GO
/****** Object:  Table [dbo].[itemsOffers]    Script Date: 4/18/2022 1:28:39 PM ******/
IF  EXISTS (SELECT * FROM sys.objects WHERE object_id = OBJECT_ID(N'[dbo].[itemsOffers]') AND type in (N'U'))
DROP TABLE [dbo].[itemsOffers]
GO
/****** Object:  Table [dbo].[itemsMaterials]    Script Date: 4/18/2022 1:28:39 PM ******/
IF  EXISTS (SELECT * FROM sys.objects WHERE object_id = OBJECT_ID(N'[dbo].[itemsMaterials]') AND type in (N'U'))
DROP TABLE [dbo].[itemsMaterials]
GO
/****** Object:  Table [dbo].[itemsLocations]    Script Date: 4/18/2022 1:28:39 PM ******/
IF  EXISTS (SELECT * FROM sys.objects WHERE object_id = OBJECT_ID(N'[dbo].[itemsLocations]') AND type in (N'U'))
DROP TABLE [dbo].[itemsLocations]
GO
/****** Object:  Table [dbo].[items]    Script Date: 4/18/2022 1:28:39 PM ******/
IF  EXISTS (SELECT * FROM sys.objects WHERE object_id = OBJECT_ID(N'[dbo].[items]') AND type in (N'U'))
DROP TABLE [dbo].[items]
GO
/****** Object:  Table [dbo].[itemOrderPreparing]    Script Date: 4/18/2022 1:28:39 PM ******/
IF  EXISTS (SELECT * FROM sys.objects WHERE object_id = OBJECT_ID(N'[dbo].[itemOrderPreparing]') AND type in (N'U'))
DROP TABLE [dbo].[itemOrderPreparing]
GO
/****** Object:  Table [dbo].[invoiceTables]    Script Date: 4/18/2022 1:28:39 PM ******/
IF  EXISTS (SELECT * FROM sys.objects WHERE object_id = OBJECT_ID(N'[dbo].[invoiceTables]') AND type in (N'U'))
DROP TABLE [dbo].[invoiceTables]
GO
/****** Object:  Table [dbo].[invoiceStatus]    Script Date: 4/18/2022 1:28:39 PM ******/
IF  EXISTS (SELECT * FROM sys.objects WHERE object_id = OBJECT_ID(N'[dbo].[invoiceStatus]') AND type in (N'U'))
DROP TABLE [dbo].[invoiceStatus]
GO
/****** Object:  Table [dbo].[invoicesClassMemberships]    Script Date: 4/18/2022 1:28:39 PM ******/
IF  EXISTS (SELECT * FROM sys.objects WHERE object_id = OBJECT_ID(N'[dbo].[invoicesClassMemberships]') AND type in (N'U'))
DROP TABLE [dbo].[invoicesClassMemberships]
GO
/****** Object:  Table [dbo].[invoicesClass]    Script Date: 4/18/2022 1:28:39 PM ******/
IF  EXISTS (SELECT * FROM sys.objects WHERE object_id = OBJECT_ID(N'[dbo].[invoicesClass]') AND type in (N'U'))
DROP TABLE [dbo].[invoicesClass]
GO
/****** Object:  Table [dbo].[invoices]    Script Date: 4/18/2022 1:28:39 PM ******/
IF  EXISTS (SELECT * FROM sys.objects WHERE object_id = OBJECT_ID(N'[dbo].[invoices]') AND type in (N'U'))
DROP TABLE [dbo].[invoices]
GO
/****** Object:  Table [dbo].[invoiceOrder]    Script Date: 4/18/2022 1:28:39 PM ******/
IF  EXISTS (SELECT * FROM sys.objects WHERE object_id = OBJECT_ID(N'[dbo].[invoiceOrder]') AND type in (N'U'))
DROP TABLE [dbo].[invoiceOrder]
GO
/****** Object:  Table [dbo].[invoiceClassDiscount]    Script Date: 4/18/2022 1:28:39 PM ******/
IF  EXISTS (SELECT * FROM sys.objects WHERE object_id = OBJECT_ID(N'[dbo].[invoiceClassDiscount]') AND type in (N'U'))
DROP TABLE [dbo].[invoiceClassDiscount]
GO
/****** Object:  Table [dbo].[inventoryItemLocation]    Script Date: 4/18/2022 1:28:39 PM ******/
IF  EXISTS (SELECT * FROM sys.objects WHERE object_id = OBJECT_ID(N'[dbo].[inventoryItemLocation]') AND type in (N'U'))
DROP TABLE [dbo].[inventoryItemLocation]
GO
/****** Object:  Table [dbo].[Inventory]    Script Date: 4/18/2022 1:28:39 PM ******/
IF  EXISTS (SELECT * FROM sys.objects WHERE object_id = OBJECT_ID(N'[dbo].[Inventory]') AND type in (N'U'))
DROP TABLE [dbo].[Inventory]
GO
/****** Object:  Table [dbo].[hallSections]    Script Date: 4/18/2022 1:28:39 PM ******/
IF  EXISTS (SELECT * FROM sys.objects WHERE object_id = OBJECT_ID(N'[dbo].[hallSections]') AND type in (N'U'))
DROP TABLE [dbo].[hallSections]
GO
/****** Object:  Table [dbo].[groups]    Script Date: 4/18/2022 1:28:39 PM ******/
IF  EXISTS (SELECT * FROM sys.objects WHERE object_id = OBJECT_ID(N'[dbo].[groups]') AND type in (N'U'))
DROP TABLE [dbo].[groups]
GO
/****** Object:  Table [dbo].[groupObject]    Script Date: 4/18/2022 1:28:39 PM ******/
IF  EXISTS (SELECT * FROM sys.objects WHERE object_id = OBJECT_ID(N'[dbo].[groupObject]') AND type in (N'U'))
DROP TABLE [dbo].[groupObject]
GO
/****** Object:  Table [dbo].[Expenses]    Script Date: 4/18/2022 1:28:39 PM ******/
IF  EXISTS (SELECT * FROM sys.objects WHERE object_id = OBJECT_ID(N'[dbo].[Expenses]') AND type in (N'U'))
DROP TABLE [dbo].[Expenses]
GO
/****** Object:  Table [dbo].[error]    Script Date: 4/18/2022 1:28:39 PM ******/
IF  EXISTS (SELECT * FROM sys.objects WHERE object_id = OBJECT_ID(N'[dbo].[error]') AND type in (N'U'))
DROP TABLE [dbo].[error]
GO
/****** Object:  Table [dbo].[docImages]    Script Date: 4/18/2022 1:28:39 PM ******/
IF  EXISTS (SELECT * FROM sys.objects WHERE object_id = OBJECT_ID(N'[dbo].[docImages]') AND type in (N'U'))
DROP TABLE [dbo].[docImages]
GO
/****** Object:  Table [dbo].[dishIngredients]    Script Date: 4/18/2022 1:28:39 PM ******/
IF  EXISTS (SELECT * FROM sys.objects WHERE object_id = OBJECT_ID(N'[dbo].[dishIngredients]') AND type in (N'U'))
DROP TABLE [dbo].[dishIngredients]
GO
/****** Object:  Table [dbo].[couponsMemberships]    Script Date: 4/18/2022 1:28:39 PM ******/
IF  EXISTS (SELECT * FROM sys.objects WHERE object_id = OBJECT_ID(N'[dbo].[couponsMemberships]') AND type in (N'U'))
DROP TABLE [dbo].[couponsMemberships]
GO
/****** Object:  Table [dbo].[couponsInvoices]    Script Date: 4/18/2022 1:28:39 PM ******/
IF  EXISTS (SELECT * FROM sys.objects WHERE object_id = OBJECT_ID(N'[dbo].[couponsInvoices]') AND type in (N'U'))
DROP TABLE [dbo].[couponsInvoices]
GO
/****** Object:  Table [dbo].[coupons]    Script Date: 4/18/2022 1:28:39 PM ******/
IF  EXISTS (SELECT * FROM sys.objects WHERE object_id = OBJECT_ID(N'[dbo].[coupons]') AND type in (N'U'))
DROP TABLE [dbo].[coupons]
GO
/****** Object:  Table [dbo].[countriesCodes]    Script Date: 4/18/2022 1:28:39 PM ******/
IF  EXISTS (SELECT * FROM sys.objects WHERE object_id = OBJECT_ID(N'[dbo].[countriesCodes]') AND type in (N'U'))
DROP TABLE [dbo].[countriesCodes]
GO
/****** Object:  Table [dbo].[cities]    Script Date: 4/18/2022 1:28:39 PM ******/
IF  EXISTS (SELECT * FROM sys.objects WHERE object_id = OBJECT_ID(N'[dbo].[cities]') AND type in (N'U'))
DROP TABLE [dbo].[cities]
GO
/****** Object:  Table [dbo].[categories]    Script Date: 4/18/2022 1:28:39 PM ******/
IF  EXISTS (SELECT * FROM sys.objects WHERE object_id = OBJECT_ID(N'[dbo].[categories]') AND type in (N'U'))
DROP TABLE [dbo].[categories]
GO
/****** Object:  Table [dbo].[cashTransfer]    Script Date: 4/18/2022 1:28:39 PM ******/
IF  EXISTS (SELECT * FROM sys.objects WHERE object_id = OBJECT_ID(N'[dbo].[cashTransfer]') AND type in (N'U'))
DROP TABLE [dbo].[cashTransfer]
GO
/****** Object:  Table [dbo].[cards]    Script Date: 4/18/2022 1:28:39 PM ******/
IF  EXISTS (SELECT * FROM sys.objects WHERE object_id = OBJECT_ID(N'[dbo].[cards]') AND type in (N'U'))
DROP TABLE [dbo].[cards]
GO
/****** Object:  Table [dbo].[branchStore]    Script Date: 4/18/2022 1:28:39 PM ******/
IF  EXISTS (SELECT * FROM sys.objects WHERE object_id = OBJECT_ID(N'[dbo].[branchStore]') AND type in (N'U'))
DROP TABLE [dbo].[branchStore]
GO
/****** Object:  Table [dbo].[branchesUsers]    Script Date: 4/18/2022 1:28:39 PM ******/
IF  EXISTS (SELECT * FROM sys.objects WHERE object_id = OBJECT_ID(N'[dbo].[branchesUsers]') AND type in (N'U'))
DROP TABLE [dbo].[branchesUsers]
GO
/****** Object:  Table [dbo].[branches]    Script Date: 4/18/2022 1:28:39 PM ******/
IF  EXISTS (SELECT * FROM sys.objects WHERE object_id = OBJECT_ID(N'[dbo].[branches]') AND type in (N'U'))
DROP TABLE [dbo].[branches]
GO
/****** Object:  Table [dbo].[bondes]    Script Date: 4/18/2022 1:28:39 PM ******/
IF  EXISTS (SELECT * FROM sys.objects WHERE object_id = OBJECT_ID(N'[dbo].[bondes]') AND type in (N'U'))
DROP TABLE [dbo].[bondes]
GO
/****** Object:  Table [dbo].[banks]    Script Date: 4/18/2022 1:28:39 PM ******/
IF  EXISTS (SELECT * FROM sys.objects WHERE object_id = OBJECT_ID(N'[dbo].[banks]') AND type in (N'U'))
DROP TABLE [dbo].[banks]
GO
/****** Object:  Table [dbo].[agents]    Script Date: 4/18/2022 1:28:39 PM ******/
IF  EXISTS (SELECT * FROM sys.objects WHERE object_id = OBJECT_ID(N'[dbo].[agents]') AND type in (N'U'))
DROP TABLE [dbo].[agents]
GO
/****** Object:  Table [dbo].[agentMembershipCash]    Script Date: 4/18/2022 1:28:39 PM ******/
IF  EXISTS (SELECT * FROM sys.objects WHERE object_id = OBJECT_ID(N'[dbo].[agentMembershipCash]') AND type in (N'U'))
DROP TABLE [dbo].[agentMembershipCash]
GO
/****** Object:  User [DESKTOP-NS2EFD4\naji]    Script Date: 4/18/2022 1:28:39 PM ******/
DROP USER [DESKTOP-NS2EFD4\naji]
GO
/****** Object:  User [IIS APPPOOL\POSAPI]    Script Date: 4/18/2022 1:28:39 PM ******/
DROP USER [IIS APPPOOL\POSAPI]
GO
/****** Object:  User [IIS APPPOOL\restaurant]    Script Date: 4/18/2022 1:28:39 PM ******/
DROP USER [IIS APPPOOL\restaurant]
GO
/****** Object:  User [naji]    Script Date: 4/18/2022 1:28:39 PM ******/
DROP USER [naji]
GO
/****** Object:  User [userdb]    Script Date: 4/18/2022 1:28:39 PM ******/
DROP USER [userdb]
GO
USE [master]
GO
/****** Object:  Database [resdb]    Script Date: 4/18/2022 1:28:39 PM ******/
DROP DATABASE [resdb]
GO
/****** Object:  Database [resdb]    Script Date: 4/18/2022 1:28:39 PM ******/
CREATE DATABASE [resdb]
 CONTAINMENT = NONE
 ON  PRIMARY 
( NAME = N'resdb', FILENAME = N'C:\Program Files\Microsoft SQL Server\MSSQL15.MSSQLSERVER\MSSQL\DATA\resdb.mdf' , SIZE = 73728KB , MAXSIZE = UNLIMITED, FILEGROWTH = 65536KB )
 LOG ON 
( NAME = N'resdb_log', FILENAME = N'C:\Program Files\Microsoft SQL Server\MSSQL15.MSSQLSERVER\MSSQL\DATA\resdb_log.ldf' , SIZE = 73728KB , MAXSIZE = 2048GB , FILEGROWTH = 65536KB )
GO
IF (1 = FULLTEXTSERVICEPROPERTY('IsFullTextInstalled'))
begin
EXEC [resdb].[dbo].[sp_fulltext_database] @action = 'enable'
end
GO
ALTER DATABASE [resdb] SET ANSI_NULL_DEFAULT OFF 
GO
ALTER DATABASE [resdb] SET ANSI_NULLS OFF 
GO
ALTER DATABASE [resdb] SET ANSI_PADDING OFF 
GO
ALTER DATABASE [resdb] SET ANSI_WARNINGS OFF 
GO
ALTER DATABASE [resdb] SET ARITHABORT OFF 
GO
ALTER DATABASE [resdb] SET AUTO_CLOSE OFF 
GO
ALTER DATABASE [resdb] SET AUTO_SHRINK OFF 
GO
ALTER DATABASE [resdb] SET AUTO_UPDATE_STATISTICS ON 
GO
ALTER DATABASE [resdb] SET CURSOR_CLOSE_ON_COMMIT OFF 
GO
ALTER DATABASE [resdb] SET CURSOR_DEFAULT  GLOBAL 
GO
ALTER DATABASE [resdb] SET CONCAT_NULL_YIELDS_NULL OFF 
GO
ALTER DATABASE [resdb] SET NUMERIC_ROUNDABORT OFF 
GO
ALTER DATABASE [resdb] SET QUOTED_IDENTIFIER OFF 
GO
ALTER DATABASE [resdb] SET RECURSIVE_TRIGGERS OFF 
GO
ALTER DATABASE [resdb] SET  DISABLE_BROKER 
GO
ALTER DATABASE [resdb] SET AUTO_UPDATE_STATISTICS_ASYNC OFF 
GO
ALTER DATABASE [resdb] SET DATE_CORRELATION_OPTIMIZATION OFF 
GO
ALTER DATABASE [resdb] SET TRUSTWORTHY OFF 
GO
ALTER DATABASE [resdb] SET ALLOW_SNAPSHOT_ISOLATION OFF 
GO
ALTER DATABASE [resdb] SET PARAMETERIZATION SIMPLE 
GO
ALTER DATABASE [resdb] SET READ_COMMITTED_SNAPSHOT OFF 
GO
ALTER DATABASE [resdb] SET HONOR_BROKER_PRIORITY OFF 
GO
ALTER DATABASE [resdb] SET RECOVERY FULL 
GO
ALTER DATABASE [resdb] SET  MULTI_USER 
GO
ALTER DATABASE [resdb] SET PAGE_VERIFY CHECKSUM  
GO
ALTER DATABASE [resdb] SET DB_CHAINING OFF 
GO
ALTER DATABASE [resdb] SET FILESTREAM( NON_TRANSACTED_ACCESS = OFF ) 
GO
ALTER DATABASE [resdb] SET TARGET_RECOVERY_TIME = 60 SECONDS 
GO
ALTER DATABASE [resdb] SET DELAYED_DURABILITY = DISABLED 
GO
EXEC sys.sp_db_vardecimal_storage_format N'resdb', N'ON'
GO
USE [resdb]
GO
/****** Object:  User [userdb]    Script Date: 4/18/2022 1:28:39 PM ******/
CREATE USER [userdb] WITHOUT LOGIN WITH DEFAULT_SCHEMA=[dbo]
GO
/****** Object:  User [naji]    Script Date: 4/18/2022 1:28:39 PM ******/
CREATE USER [naji] FOR LOGIN [naji] WITH DEFAULT_SCHEMA=[dbo]
GO
/****** Object:  User [IIS APPPOOL\restaurant]    Script Date: 4/18/2022 1:28:39 PM ******/
CREATE USER [IIS APPPOOL\restaurant] FOR LOGIN [IIS APPPOOL\restaurant] WITH DEFAULT_SCHEMA=[dbo]
GO
/****** Object:  User [IIS APPPOOL\POSAPI]    Script Date: 4/18/2022 1:28:39 PM ******/
CREATE USER [IIS APPPOOL\POSAPI] FOR LOGIN [IIS APPPOOL\POSAPI] WITH DEFAULT_SCHEMA=[dbo]
GO
/****** Object:  User [DESKTOP-NS2EFD4\naji]    Script Date: 4/18/2022 1:28:39 PM ******/
CREATE USER [DESKTOP-NS2EFD4\naji] FOR LOGIN [DESKTOP-NS2EFD4\naji] WITH DEFAULT_SCHEMA=[dbo]
GO
ALTER ROLE [db_owner] ADD MEMBER [IIS APPPOOL\POSAPI]
GO
ALTER ROLE [db_accessadmin] ADD MEMBER [IIS APPPOOL\POSAPI]
GO
ALTER ROLE [db_securityadmin] ADD MEMBER [IIS APPPOOL\POSAPI]
GO
ALTER ROLE [db_ddladmin] ADD MEMBER [IIS APPPOOL\POSAPI]
GO
ALTER ROLE [db_backupoperator] ADD MEMBER [IIS APPPOOL\POSAPI]
GO
ALTER ROLE [db_datareader] ADD MEMBER [IIS APPPOOL\POSAPI]
GO
ALTER ROLE [db_datawriter] ADD MEMBER [IIS APPPOOL\POSAPI]
GO
ALTER ROLE [db_denydatareader] ADD MEMBER [IIS APPPOOL\POSAPI]
GO
ALTER ROLE [db_denydatawriter] ADD MEMBER [IIS APPPOOL\POSAPI]
GO
/****** Object:  Table [dbo].[agentMembershipCash]    Script Date: 4/18/2022 1:28:39 PM ******/
SET ANSI_NULLS ON
GO
SET QUOTED_IDENTIFIER ON
GO
CREATE TABLE [dbo].[agentMembershipCash](
	[agentMembershipCashId] [int] IDENTITY(1,1) NOT NULL,
	[subscriptionFeesId] [int] NULL,
	[cashTransId] [int] NULL,
	[membershipId] [int] NULL,
	[agentId] [int] NULL,
	[startDate] [datetime2](7) NULL,
	[endDate] [datetime2](7) NULL,
	[updateUserId] [int] NULL,
	[isActive] [tinyint] NOT NULL,
	[createDate] [datetime2](7) NULL,
	[updateDate] [datetime2](7) NULL,
	[createUserId] [int] NULL,
	[notes] [ntext] NULL,
	[subscriptionType] [nvarchar](50) NULL,
	[monthsCount] [int] NULL,
	[discountValue] [decimal](20, 3) NOT NULL,
	[total] [decimal](20, 3) NOT NULL,
 CONSTRAINT [PK_agentMembershipCash] PRIMARY KEY CLUSTERED 
(
	[agentMembershipCashId] ASC
)WITH (PAD_INDEX = OFF, STATISTICS_NORECOMPUTE = OFF, IGNORE_DUP_KEY = OFF, ALLOW_ROW_LOCKS = ON, ALLOW_PAGE_LOCKS = ON) ON [PRIMARY]
) ON [PRIMARY] TEXTIMAGE_ON [PRIMARY]
GO
/****** Object:  Table [dbo].[agents]    Script Date: 4/18/2022 1:28:40 PM ******/
SET ANSI_NULLS ON
GO
SET QUOTED_IDENTIFIER ON
GO
CREATE TABLE [dbo].[agents](
	[agentId] [int] IDENTITY(1,1) NOT NULL,
	[pointId] [int] NULL,
	[name] [nvarchar](100) NULL,
	[code] [nvarchar](100) NULL,
	[company] [nvarchar](100) NULL,
	[address] [ntext] NULL,
	[email] [nvarchar](200) NULL,
	[phone] [nvarchar](100) NULL,
	[mobile] [nvarchar](100) NULL,
	[image] [ntext] NULL,
	[type] [nvarchar](50) NULL,
	[accType] [nvarchar](50) NULL,
	[balance] [decimal](20, 3) NOT NULL,
	[balanceType] [tinyint] NOT NULL,
	[createDate] [datetime2](7) NULL,
	[updateDate] [datetime2](7) NULL,
	[createUserId] [int] NULL,
	[updateUserId] [int] NULL,
	[notes] [ntext] NULL,
	[isActive] [tinyint] NOT NULL,
	[fax] [nvarchar](100) NULL,
	[maxDeserve] [decimal](20, 3) NOT NULL,
	[isLimited] [bit] NOT NULL,
	[payType] [nvarchar](20) NULL,
	[canReserve] [bit] NOT NULL,
	[disallowReason] [ntext] NULL,
	[residentSecId] [int] NULL,
	[GPSAddress] [nvarchar](1000) NULL,
	[membershipId] [int] NULL,
 CONSTRAINT [PK_agents] PRIMARY KEY CLUSTERED 
(
	[agentId] ASC
)WITH (PAD_INDEX = OFF, STATISTICS_NORECOMPUTE = OFF, IGNORE_DUP_KEY = OFF, ALLOW_ROW_LOCKS = ON, ALLOW_PAGE_LOCKS = ON) ON [PRIMARY]
) ON [PRIMARY] TEXTIMAGE_ON [PRIMARY]
GO
/****** Object:  Table [dbo].[banks]    Script Date: 4/18/2022 1:28:40 PM ******/
SET ANSI_NULLS ON
GO
SET QUOTED_IDENTIFIER ON
GO
CREATE TABLE [dbo].[banks](
	[bankId] [int] IDENTITY(1,1) NOT NULL,
	[name] [nvarchar](100) NULL,
	[phone] [nvarchar](100) NULL,
	[mobile] [nvarchar](100) NULL,
	[address] [nvarchar](100) NULL,
	[accNumber] [nvarchar](100) NULL,
	[notes] [ntext] NULL,
	[createDate] [datetime2](7) NULL,
	[updateDate] [datetime2](7) NULL,
	[createUserId] [int] NULL,
	[updateUserId] [int] NULL,
	[isActive] [tinyint] NOT NULL,
 CONSTRAINT [PK_banks] PRIMARY KEY CLUSTERED 
(
	[bankId] ASC
)WITH (PAD_INDEX = OFF, STATISTICS_NORECOMPUTE = OFF, IGNORE_DUP_KEY = OFF, ALLOW_ROW_LOCKS = ON, ALLOW_PAGE_LOCKS = ON) ON [PRIMARY]
) ON [PRIMARY] TEXTIMAGE_ON [PRIMARY]
GO
/****** Object:  Table [dbo].[bondes]    Script Date: 4/18/2022 1:28:40 PM ******/
SET ANSI_NULLS ON
GO
SET QUOTED_IDENTIFIER ON
GO
CREATE TABLE [dbo].[bondes](
	[bondId] [int] IDENTITY(1,1) NOT NULL,
	[number] [nvarchar](200) NULL,
	[amount] [decimal](20, 3) NOT NULL,
	[deserveDate] [datetime2](7) NULL,
	[type] [nvarchar](50) NULL,
	[isRecieved] [tinyint] NOT NULL,
	[notes] [ntext] NULL,
	[createUserId] [int] NULL,
	[updateUserId] [int] NULL,
	[updateDate] [datetime2](7) NULL,
	[createDate] [datetime2](7) NULL,
	[isActive] [tinyint] NOT NULL,
	[cashTransId] [int] NULL,
 CONSTRAINT [PK_bondes] PRIMARY KEY CLUSTERED 
(
	[bondId] ASC
)WITH (PAD_INDEX = OFF, STATISTICS_NORECOMPUTE = OFF, IGNORE_DUP_KEY = OFF, ALLOW_ROW_LOCKS = ON, ALLOW_PAGE_LOCKS = ON) ON [PRIMARY]
) ON [PRIMARY] TEXTIMAGE_ON [PRIMARY]
GO
/****** Object:  Table [dbo].[branches]    Script Date: 4/18/2022 1:28:40 PM ******/
SET ANSI_NULLS ON
GO
SET QUOTED_IDENTIFIER ON
GO
CREATE TABLE [dbo].[branches](
	[branchId] [int] IDENTITY(1,1) NOT NULL,
	[code] [nvarchar](100) NULL,
	[name] [nvarchar](100) NULL,
	[address] [ntext] NULL,
	[email] [nvarchar](200) NULL,
	[phone] [nvarchar](100) NULL,
	[mobile] [nvarchar](100) NULL,
	[createDate] [datetime2](7) NULL,
	[updateDate] [datetime2](7) NULL,
	[createUserId] [int] NULL,
	[updateUserId] [int] NULL,
	[notes] [ntext] NULL,
	[parentId] [int] NULL,
	[isActive] [tinyint] NOT NULL,
	[type] [nvarchar](50) NULL,
 CONSTRAINT [PK_branches] PRIMARY KEY CLUSTERED 
(
	[branchId] ASC
)WITH (PAD_INDEX = OFF, STATISTICS_NORECOMPUTE = OFF, IGNORE_DUP_KEY = OFF, ALLOW_ROW_LOCKS = ON, ALLOW_PAGE_LOCKS = ON) ON [PRIMARY]
) ON [PRIMARY] TEXTIMAGE_ON [PRIMARY]
GO
/****** Object:  Table [dbo].[branchesUsers]    Script Date: 4/18/2022 1:28:40 PM ******/
SET ANSI_NULLS ON
GO
SET QUOTED_IDENTIFIER ON
GO
CREATE TABLE [dbo].[branchesUsers](
	[branchsUsersId] [int] IDENTITY(1,1) NOT NULL,
	[branchId] [int] NULL,
	[userId] [int] NULL,
	[createDate] [datetime2](7) NULL,
	[updateDate] [datetime2](7) NULL,
	[createUserId] [int] NULL,
	[updateUserId] [int] NULL,
 CONSTRAINT [PK_branchesUsers] PRIMARY KEY CLUSTERED 
(
	[branchsUsersId] ASC
)WITH (PAD_INDEX = OFF, STATISTICS_NORECOMPUTE = OFF, IGNORE_DUP_KEY = OFF, ALLOW_ROW_LOCKS = ON, ALLOW_PAGE_LOCKS = ON) ON [PRIMARY]
) ON [PRIMARY]
GO
/****** Object:  Table [dbo].[branchStore]    Script Date: 4/18/2022 1:28:40 PM ******/
SET ANSI_NULLS ON
GO
SET QUOTED_IDENTIFIER ON
GO
CREATE TABLE [dbo].[branchStore](
	[id] [int] IDENTITY(1,1) NOT NULL,
	[branchId] [int] NULL,
	[storeId] [int] NULL,
	[notes] [ntext] NULL,
	[createDate] [datetime2](7) NULL,
	[updateDate] [datetime2](7) NULL,
	[createUserId] [int] NULL,
	[updateUserId] [int] NULL,
	[isActive] [int] NOT NULL,
 CONSTRAINT [PK_branchStore] PRIMARY KEY CLUSTERED 
(
	[id] ASC
)WITH (PAD_INDEX = OFF, STATISTICS_NORECOMPUTE = OFF, IGNORE_DUP_KEY = OFF, ALLOW_ROW_LOCKS = ON, ALLOW_PAGE_LOCKS = ON) ON [PRIMARY]
) ON [PRIMARY] TEXTIMAGE_ON [PRIMARY]
GO
/****** Object:  Table [dbo].[cards]    Script Date: 4/18/2022 1:28:40 PM ******/
SET ANSI_NULLS ON
GO
SET QUOTED_IDENTIFIER ON
GO
CREATE TABLE [dbo].[cards](
	[cardId] [int] IDENTITY(1,1) NOT NULL,
	[name] [nvarchar](50) NULL,
	[notes] [nvarchar](50) NULL,
	[createDate] [datetime2](7) NULL,
	[updateDate] [datetime2](7) NULL,
	[createUserId] [int] NULL,
	[updateUserId] [int] NULL,
	[isActive] [tinyint] NOT NULL,
	[image] [ntext] NULL,
	[hasProcessNum] [bit] NOT NULL,
 CONSTRAINT [PK_cards] PRIMARY KEY CLUSTERED 
(
	[cardId] ASC
)WITH (PAD_INDEX = OFF, STATISTICS_NORECOMPUTE = OFF, IGNORE_DUP_KEY = OFF, ALLOW_ROW_LOCKS = ON, ALLOW_PAGE_LOCKS = ON) ON [PRIMARY]
) ON [PRIMARY] TEXTIMAGE_ON [PRIMARY]
GO
/****** Object:  Table [dbo].[cashTransfer]    Script Date: 4/18/2022 1:28:40 PM ******/
SET ANSI_NULLS ON
GO
SET QUOTED_IDENTIFIER ON
GO
CREATE TABLE [dbo].[cashTransfer](
	[cashTransId] [int] IDENTITY(1,1) NOT NULL,
	[agentMembershipsId] [int] NULL,
	[transType] [nvarchar](50) NULL,
	[posId] [int] NULL,
	[userId] [int] NULL,
	[agentId] [int] NULL,
	[invId] [int] NULL,
	[transNum] [nvarchar](50) NULL,
	[createDate] [datetime2](7) NULL,
	[updateDate] [datetime2](7) NULL,
	[cash] [decimal](20, 3) NOT NULL,
	[updateUserId] [int] NULL,
	[createUserId] [int] NULL,
	[notes] [ntext] NULL,
	[posIdCreator] [int] NULL,
	[isConfirm] [tinyint] NOT NULL,
	[cashTransIdSource] [int] NULL,
	[side] [nvarchar](50) NULL,
	[docName] [nvarchar](100) NULL,
	[docNum] [nvarchar](100) NULL,
	[docImage] [ntext] NULL,
	[bankId] [int] NULL,
	[processType] [nvarchar](50) NULL,
	[cardId] [int] NULL,
	[bondId] [int] NULL,
	[shippingCompanyId] [int] NULL,
 CONSTRAINT [PK_cashTransfer] PRIMARY KEY CLUSTERED 
(
	[cashTransId] ASC
)WITH (PAD_INDEX = OFF, STATISTICS_NORECOMPUTE = OFF, IGNORE_DUP_KEY = OFF, ALLOW_ROW_LOCKS = ON, ALLOW_PAGE_LOCKS = ON) ON [PRIMARY]
) ON [PRIMARY] TEXTIMAGE_ON [PRIMARY]
GO
/****** Object:  Table [dbo].[categories]    Script Date: 4/18/2022 1:28:40 PM ******/
SET ANSI_NULLS ON
GO
SET QUOTED_IDENTIFIER ON
GO
CREATE TABLE [dbo].[categories](
	[categoryId] [int] IDENTITY(1,1) NOT NULL,
	[categoryCode] [nvarchar](100) NULL,
	[name] [nvarchar](100) NULL,
	[details] [ntext] NULL,
	[image] [ntext] NULL,
	[isActive] [tinyint] NOT NULL,
	[taxes] [decimal](20, 3) NOT NULL,
	[createDate] [datetime2](7) NULL,
	[updateDate] [datetime2](7) NULL,
	[createUserId] [int] NULL,
	[updateUserId] [int] NULL,
	[notes] [ntext] NULL,
	[type] [nvarchar](50) NULL,
 CONSTRAINT [PK_categories] PRIMARY KEY CLUSTERED 
(
	[categoryId] ASC
)WITH (PAD_INDEX = OFF, STATISTICS_NORECOMPUTE = OFF, IGNORE_DUP_KEY = OFF, ALLOW_ROW_LOCKS = ON, ALLOW_PAGE_LOCKS = ON) ON [PRIMARY]
) ON [PRIMARY] TEXTIMAGE_ON [PRIMARY]
GO
/****** Object:  Table [dbo].[cities]    Script Date: 4/18/2022 1:28:40 PM ******/
SET ANSI_NULLS ON
GO
SET QUOTED_IDENTIFIER ON
GO
CREATE TABLE [dbo].[cities](
	[cityId] [int] IDENTITY(1,1) NOT NULL,
	[cityCode] [nvarchar](50) NULL,
	[countryId] [int] NULL,
 CONSTRAINT [PK_cities] PRIMARY KEY CLUSTERED 
(
	[cityId] ASC
)WITH (PAD_INDEX = OFF, STATISTICS_NORECOMPUTE = OFF, IGNORE_DUP_KEY = OFF, ALLOW_ROW_LOCKS = ON, ALLOW_PAGE_LOCKS = ON) ON [PRIMARY]
) ON [PRIMARY]
GO
/****** Object:  Table [dbo].[countriesCodes]    Script Date: 4/18/2022 1:28:40 PM ******/
SET ANSI_NULLS ON
GO
SET QUOTED_IDENTIFIER ON
GO
CREATE TABLE [dbo].[countriesCodes](
	[countryId] [int] IDENTITY(1,1) NOT NULL,
	[code] [nvarchar](50) NOT NULL,
	[currency] [nvarchar](50) NULL,
	[name] [nvarchar](100) NULL,
	[isDefault] [tinyint] NOT NULL,
	[currencyId] [int] NOT NULL,
 CONSTRAINT [PK_countriesCodes] PRIMARY KEY CLUSTERED 
(
	[countryId] ASC
)WITH (PAD_INDEX = OFF, STATISTICS_NORECOMPUTE = OFF, IGNORE_DUP_KEY = OFF, ALLOW_ROW_LOCKS = ON, ALLOW_PAGE_LOCKS = ON) ON [PRIMARY]
) ON [PRIMARY]
GO
/****** Object:  Table [dbo].[coupons]    Script Date: 4/18/2022 1:28:40 PM ******/
SET ANSI_NULLS ON
GO
SET QUOTED_IDENTIFIER ON
GO
CREATE TABLE [dbo].[coupons](
	[cId] [int] IDENTITY(1,1) NOT NULL,
	[name] [nvarchar](100) NULL,
	[code] [nvarchar](100) NULL,
	[isActive] [tinyint] NOT NULL,
	[discountType] [tinyint] NOT NULL,
	[discountValue] [decimal](20, 3) NOT NULL,
	[startDate] [datetime2](7) NULL,
	[endDate] [datetime2](7) NULL,
	[notes] [ntext] NULL,
	[quantity] [int] NOT NULL,
	[remainQ] [int] NOT NULL,
	[invMin] [decimal](20, 3) NOT NULL,
	[invMax] [decimal](20, 3) NOT NULL,
	[createDate] [datetime2](7) NULL,
	[updateDate] [datetime2](7) NULL,
	[createUserId] [int] NULL,
	[updateUserId] [int] NULL,
	[barcode] [nvarchar](200) NULL,
	[forAgents] [nvarchar](50) NULL,
 CONSTRAINT [PK_coupons] PRIMARY KEY CLUSTERED 
(
	[cId] ASC
)WITH (PAD_INDEX = OFF, STATISTICS_NORECOMPUTE = OFF, IGNORE_DUP_KEY = OFF, ALLOW_ROW_LOCKS = ON, ALLOW_PAGE_LOCKS = ON) ON [PRIMARY]
) ON [PRIMARY] TEXTIMAGE_ON [PRIMARY]
GO
/****** Object:  Table [dbo].[couponsInvoices]    Script Date: 4/18/2022 1:28:40 PM ******/
SET ANSI_NULLS ON
GO
SET QUOTED_IDENTIFIER ON
GO
CREATE TABLE [dbo].[couponsInvoices](
	[id] [int] IDENTITY(1,1) NOT NULL,
	[couponId] [int] NULL,
	[InvoiceId] [int] NULL,
	[createDate] [datetime2](7) NULL,
	[updateDate] [datetime2](7) NULL,
	[createUserId] [int] NULL,
	[updateUserId] [int] NULL,
	[discountValue] [decimal](20, 3) NOT NULL,
	[discountType] [tinyint] NOT NULL,
	[forAgents] [nvarchar](50) NULL,
 CONSTRAINT [PK_couponsInvoices] PRIMARY KEY CLUSTERED 
(
	[id] ASC
)WITH (PAD_INDEX = OFF, STATISTICS_NORECOMPUTE = OFF, IGNORE_DUP_KEY = OFF, ALLOW_ROW_LOCKS = ON, ALLOW_PAGE_LOCKS = ON) ON [PRIMARY]
) ON [PRIMARY]
GO
/****** Object:  Table [dbo].[couponsMemberships]    Script Date: 4/18/2022 1:28:40 PM ******/
SET ANSI_NULLS ON
GO
SET QUOTED_IDENTIFIER ON
GO
CREATE TABLE [dbo].[couponsMemberships](
	[couponMembershipId] [int] IDENTITY(1,1) NOT NULL,
	[cId] [int] NULL,
	[membershipId] [int] NULL,
	[notes] [ntext] NULL,
	[createDate] [datetime2](7) NULL,
	[updateDate] [datetime2](7) NULL,
	[createUserId] [int] NULL,
	[updateUserId] [int] NULL,
 CONSTRAINT [PK_couponsMemberships] PRIMARY KEY CLUSTERED 
(
	[couponMembershipId] ASC
)WITH (PAD_INDEX = OFF, STATISTICS_NORECOMPUTE = OFF, IGNORE_DUP_KEY = OFF, ALLOW_ROW_LOCKS = ON, ALLOW_PAGE_LOCKS = ON) ON [PRIMARY]
) ON [PRIMARY] TEXTIMAGE_ON [PRIMARY]
GO
/****** Object:  Table [dbo].[dishIngredients]    Script Date: 4/18/2022 1:28:40 PM ******/
SET ANSI_NULLS ON
GO
SET QUOTED_IDENTIFIER ON
GO
CREATE TABLE [dbo].[dishIngredients](
	[dishIngredId] [int] IDENTITY(1,1) NOT NULL,
	[name] [nvarchar](50) NULL,
	[itemUnitId] [int] NULL,
	[notes] [ntext] NULL,
	[isActive] [tinyint] NOT NULL,
	[createDate] [datetime2](7) NULL,
	[updateDate] [datetime2](7) NULL,
	[createUserId] [int] NULL,
	[updateUserId] [int] NULL,
 CONSTRAINT [PK_dishIngredients] PRIMARY KEY CLUSTERED 
(
	[dishIngredId] ASC
)WITH (PAD_INDEX = OFF, STATISTICS_NORECOMPUTE = OFF, IGNORE_DUP_KEY = OFF, ALLOW_ROW_LOCKS = ON, ALLOW_PAGE_LOCKS = ON) ON [PRIMARY]
) ON [PRIMARY] TEXTIMAGE_ON [PRIMARY]
GO
/****** Object:  Table [dbo].[docImages]    Script Date: 4/18/2022 1:28:40 PM ******/
SET ANSI_NULLS ON
GO
SET QUOTED_IDENTIFIER ON
GO
CREATE TABLE [dbo].[docImages](
	[id] [int] IDENTITY(1,1) NOT NULL,
	[docName] [nvarchar](200) NULL,
	[docnum] [nvarchar](200) NULL,
	[image] [ntext] NULL,
	[tableName] [nvarchar](100) NULL,
	[notes] [ntext] NULL,
	[createDate] [datetime2](7) NULL,
	[updateDate] [datetime2](7) NULL,
	[createUserId] [int] NULL,
	[updateUserId] [int] NULL,
	[tableId] [int] NULL,
 CONSTRAINT [PK_docImages] PRIMARY KEY CLUSTERED 
(
	[id] ASC
)WITH (PAD_INDEX = OFF, STATISTICS_NORECOMPUTE = OFF, IGNORE_DUP_KEY = OFF, ALLOW_ROW_LOCKS = ON, ALLOW_PAGE_LOCKS = ON) ON [PRIMARY]
) ON [PRIMARY] TEXTIMAGE_ON [PRIMARY]
GO
/****** Object:  Table [dbo].[error]    Script Date: 4/18/2022 1:28:40 PM ******/
SET ANSI_NULLS ON
GO
SET QUOTED_IDENTIFIER ON
GO
CREATE TABLE [dbo].[error](
	[errorId] [int] IDENTITY(1,1) NOT NULL,
	[num] [nvarchar](200) NULL,
	[msg] [ntext] NULL,
	[stackTrace] [ntext] NULL,
	[targetSite] [ntext] NULL,
	[posId] [int] NULL,
	[branchId] [int] NULL,
	[createDate] [datetime2](7) NULL,
	[createUserId] [int] NULL,
 CONSTRAINT [PK_error] PRIMARY KEY CLUSTERED 
(
	[errorId] ASC
)WITH (PAD_INDEX = OFF, STATISTICS_NORECOMPUTE = OFF, IGNORE_DUP_KEY = OFF, ALLOW_ROW_LOCKS = ON, ALLOW_PAGE_LOCKS = ON) ON [PRIMARY]
) ON [PRIMARY] TEXTIMAGE_ON [PRIMARY]
GO
/****** Object:  Table [dbo].[Expenses]    Script Date: 4/18/2022 1:28:40 PM ******/
SET ANSI_NULLS ON
GO
SET QUOTED_IDENTIFIER ON
GO
CREATE TABLE [dbo].[Expenses](
	[exId] [int] IDENTITY(1,1) NOT NULL,
	[expense] [ntext] NULL,
	[notes] [ntext] NULL,
	[isActive] [tinyint] NOT NULL,
	[createDate] [datetime2](7) NULL,
	[updateDate] [datetime2](7) NULL,
	[createUserId] [int] NULL,
	[updateUserId] [int] NULL,
 CONSTRAINT [PK_Expenses] PRIMARY KEY CLUSTERED 
(
	[exId] ASC
)WITH (PAD_INDEX = OFF, STATISTICS_NORECOMPUTE = OFF, IGNORE_DUP_KEY = OFF, ALLOW_ROW_LOCKS = ON, ALLOW_PAGE_LOCKS = ON) ON [PRIMARY]
) ON [PRIMARY] TEXTIMAGE_ON [PRIMARY]
GO
/****** Object:  Table [dbo].[groupObject]    Script Date: 4/18/2022 1:28:40 PM ******/
SET ANSI_NULLS ON
GO
SET QUOTED_IDENTIFIER ON
GO
CREATE TABLE [dbo].[groupObject](
	[id] [int] IDENTITY(1,1) NOT NULL,
	[groupId] [int] NULL,
	[objectId] [int] NULL,
	[notes] [ntext] NULL,
	[addOb] [tinyint] NOT NULL,
	[updateOb] [tinyint] NOT NULL,
	[deleteOb] [tinyint] NOT NULL,
	[showOb] [tinyint] NOT NULL,
	[reportOb] [tinyint] NOT NULL,
	[levelOb] [tinyint] NOT NULL,
	[createDate] [datetime2](7) NULL,
	[updateDate] [datetime2](7) NULL,
	[createUserId] [int] NULL,
	[updateUserId] [int] NULL,
	[isActive] [int] NOT NULL,
 CONSTRAINT [PK_groupObject] PRIMARY KEY CLUSTERED 
(
	[id] ASC
)WITH (PAD_INDEX = OFF, STATISTICS_NORECOMPUTE = OFF, IGNORE_DUP_KEY = OFF, ALLOW_ROW_LOCKS = ON, ALLOW_PAGE_LOCKS = ON) ON [PRIMARY]
) ON [PRIMARY] TEXTIMAGE_ON [PRIMARY]
GO
/****** Object:  Table [dbo].[groups]    Script Date: 4/18/2022 1:28:40 PM ******/
SET ANSI_NULLS ON
GO
SET QUOTED_IDENTIFIER ON
GO
CREATE TABLE [dbo].[groups](
	[groupId] [int] IDENTITY(1,1) NOT NULL,
	[name] [nvarchar](200) NULL,
	[notes] [ntext] NULL,
	[createDate] [datetime2](7) NULL,
	[updateDate] [datetime2](7) NULL,
	[createUserId] [int] NULL,
	[updateUserId] [int] NULL,
	[isActive] [int] NOT NULL,
 CONSTRAINT [PK_groups] PRIMARY KEY CLUSTERED 
(
	[groupId] ASC
)WITH (PAD_INDEX = OFF, STATISTICS_NORECOMPUTE = OFF, IGNORE_DUP_KEY = OFF, ALLOW_ROW_LOCKS = ON, ALLOW_PAGE_LOCKS = ON) ON [PRIMARY]
) ON [PRIMARY] TEXTIMAGE_ON [PRIMARY]
GO
/****** Object:  Table [dbo].[hallSections]    Script Date: 4/18/2022 1:28:40 PM ******/
SET ANSI_NULLS ON
GO
SET QUOTED_IDENTIFIER ON
GO
CREATE TABLE [dbo].[hallSections](
	[sectionId] [int] IDENTITY(1,1) NOT NULL,
	[name] [nvarchar](200) NULL,
	[createDate] [datetime2](7) NULL,
	[updateDate] [datetime2](7) NULL,
	[createUserId] [int] NULL,
	[updateUserId] [int] NULL,
	[branchId] [int] NULL,
	[isActive] [tinyint] NULL,
	[notes] [ntext] NULL,
	[details] [ntext] NULL,
	[isFreeZone] [tinyint] NULL,
	[type] [nvarchar](20) NULL,
 CONSTRAINT [PK_hallSections] PRIMARY KEY CLUSTERED 
(
	[sectionId] ASC
)WITH (PAD_INDEX = OFF, STATISTICS_NORECOMPUTE = OFF, IGNORE_DUP_KEY = OFF, ALLOW_ROW_LOCKS = ON, ALLOW_PAGE_LOCKS = ON) ON [PRIMARY]
) ON [PRIMARY] TEXTIMAGE_ON [PRIMARY]
GO
/****** Object:  Table [dbo].[Inventory]    Script Date: 4/18/2022 1:28:40 PM ******/
SET ANSI_NULLS ON
GO
SET QUOTED_IDENTIFIER ON
GO
CREATE TABLE [dbo].[Inventory](
	[inventoryId] [int] IDENTITY(1,1) NOT NULL,
	[num] [nvarchar](200) NULL,
	[createDate] [datetime2](7) NULL,
	[updateDate] [datetime2](7) NULL,
	[createUserId] [int] NULL,
	[updateUserId] [int] NULL,
	[isActive] [tinyint] NOT NULL,
	[notes] [ntext] NULL,
	[inventoryType] [nvarchar](10) NULL,
	[branchId] [int] NULL,
	[posId] [int] NULL,
	[mainInventoryId] [int] NULL,
 CONSTRAINT [PK_Inventory] PRIMARY KEY CLUSTERED 
(
	[inventoryId] ASC
)WITH (PAD_INDEX = OFF, STATISTICS_NORECOMPUTE = OFF, IGNORE_DUP_KEY = OFF, ALLOW_ROW_LOCKS = ON, ALLOW_PAGE_LOCKS = ON) ON [PRIMARY]
) ON [PRIMARY] TEXTIMAGE_ON [PRIMARY]
GO
/****** Object:  Table [dbo].[inventoryItemLocation]    Script Date: 4/18/2022 1:28:40 PM ******/
SET ANSI_NULLS ON
GO
SET QUOTED_IDENTIFIER ON
GO
CREATE TABLE [dbo].[inventoryItemLocation](
	[id] [int] IDENTITY(1,1) NOT NULL,
	[isDestroyed] [bit] NOT NULL,
	[amount] [int] NOT NULL,
	[amountDestroyed] [int] NOT NULL,
	[realAmount] [int] NOT NULL,
	[itemLocationId] [int] NULL,
	[inventoryId] [int] NULL,
	[createDate] [datetime2](7) NULL,
	[updateDate] [datetime2](7) NULL,
	[createUserId] [int] NULL,
	[updateUserId] [int] NULL,
	[isActive] [tinyint] NOT NULL,
	[notes] [ntext] NULL,
	[cause] [ntext] NULL,
	[isFalls] [bit] NOT NULL,
	[fallCause] [ntext] NULL,
 CONSTRAINT [PK_inventoryItemLocation] PRIMARY KEY CLUSTERED 
(
	[id] ASC
)WITH (PAD_INDEX = OFF, STATISTICS_NORECOMPUTE = OFF, IGNORE_DUP_KEY = OFF, ALLOW_ROW_LOCKS = ON, ALLOW_PAGE_LOCKS = ON) ON [PRIMARY]
) ON [PRIMARY] TEXTIMAGE_ON [PRIMARY]
GO
/****** Object:  Table [dbo].[invoiceClassDiscount]    Script Date: 4/18/2022 1:28:40 PM ******/
SET ANSI_NULLS ON
GO
SET QUOTED_IDENTIFIER ON
GO
CREATE TABLE [dbo].[invoiceClassDiscount](
	[invClassDiscountId] [int] IDENTITY(1,1) NOT NULL,
	[invClassId] [int] NULL,
	[invoiceId] [int] NULL,
	[discountValue] [decimal](20, 3) NOT NULL,
	[discountType] [tinyint] NOT NULL,
 CONSTRAINT [PK_invoiceClassDiscount] PRIMARY KEY CLUSTERED 
(
	[invClassDiscountId] ASC
)WITH (PAD_INDEX = OFF, STATISTICS_NORECOMPUTE = OFF, IGNORE_DUP_KEY = OFF, ALLOW_ROW_LOCKS = ON, ALLOW_PAGE_LOCKS = ON) ON [PRIMARY]
) ON [PRIMARY]
GO
/****** Object:  Table [dbo].[invoiceOrder]    Script Date: 4/18/2022 1:28:40 PM ******/
SET ANSI_NULLS ON
GO
SET QUOTED_IDENTIFIER ON
GO
CREATE TABLE [dbo].[invoiceOrder](
	[id] [int] IDENTITY(1,1) NOT NULL,
	[invoiceId] [int] NULL,
	[orderId] [int] NULL,
	[quantity] [int] NULL,
	[itemsTransferId] [int] NULL,
 CONSTRAINT [PK_invoiceOrder] PRIMARY KEY CLUSTERED 
(
	[id] ASC
)WITH (PAD_INDEX = OFF, STATISTICS_NORECOMPUTE = OFF, IGNORE_DUP_KEY = OFF, ALLOW_ROW_LOCKS = ON, ALLOW_PAGE_LOCKS = ON) ON [PRIMARY]
) ON [PRIMARY]
GO
/****** Object:  Table [dbo].[invoices]    Script Date: 4/18/2022 1:28:40 PM ******/
SET ANSI_NULLS ON
GO
SET QUOTED_IDENTIFIER ON
GO
CREATE TABLE [dbo].[invoices](
	[invoiceId] [int] IDENTITY(1,1) NOT NULL,
	[invNumber] [nvarchar](100) NULL,
	[agentId] [int] NULL,
	[createUserId] [int] NULL,
	[invType] [nvarchar](50) NULL,
	[discountType] [nvarchar](10) NULL,
	[discountValue] [decimal](20, 3) NOT NULL,
	[total] [decimal](20, 3) NOT NULL,
	[totalNet] [decimal](20, 3) NOT NULL,
	[paid] [decimal](20, 3) NOT NULL,
	[deserved] [decimal](20, 3) NOT NULL,
	[deservedDate] [date] NULL,
	[invDate] [datetime2](7) NULL,
	[updateDate] [datetime2](7) NULL,
	[updateUserId] [int] NULL,
	[invoiceMainId] [int] NULL,
	[invCase] [nvarchar](50) NULL,
	[invTime] [time](7) NULL,
	[notes] [ntext] NULL,
	[vendorInvNum] [nvarchar](100) NULL,
	[vendorInvDate] [datetime2](7) NULL,
	[branchId] [int] NULL,
	[posId] [int] NULL,
	[tax] [decimal](20, 3) NOT NULL,
	[taxtype] [int] NOT NULL,
	[name] [nvarchar](200) NULL,
	[isApproved] [tinyint] NOT NULL,
	[shippingCompanyId] [int] NULL,
	[branchCreatorId] [int] NULL,
	[shipUserId] [int] NULL,
	[prevStatus] [nvarchar](10) NULL,
	[userId] [int] NULL,
	[manualDiscountValue] [decimal](20, 3) NOT NULL,
	[manualDiscountType] [nvarchar](10) NULL,
	[isActive] [bit] NOT NULL,
	[invoiceProfit] [decimal](20, 3) NOT NULL,
	[cashReturn] [decimal](20, 3) NOT NULL,
	[printedcount] [int] NOT NULL,
	[isOrginal] [bit] NOT NULL,
	[waiterId] [int] NULL,
	[shippingCost] [decimal](20, 3) NOT NULL,
	[realShippingCost] [decimal](20, 3) NOT NULL,
	[reservationId] [bigint] NULL,
	[orderTime] [datetime2](7) NULL,
	[shippingCostDiscount] [decimal](20, 3) NOT NULL,
	[membershipId] [int] NULL,
 CONSTRAINT [PK_invoices] PRIMARY KEY CLUSTERED 
(
	[invoiceId] ASC
)WITH (PAD_INDEX = OFF, STATISTICS_NORECOMPUTE = OFF, IGNORE_DUP_KEY = OFF, ALLOW_ROW_LOCKS = ON, ALLOW_PAGE_LOCKS = ON) ON [PRIMARY]
) ON [PRIMARY] TEXTIMAGE_ON [PRIMARY]
GO
/****** Object:  Table [dbo].[invoicesClass]    Script Date: 4/18/2022 1:28:40 PM ******/
SET ANSI_NULLS ON
GO
SET QUOTED_IDENTIFIER ON
GO
CREATE TABLE [dbo].[invoicesClass](
	[invClassId] [int] IDENTITY(1,1) NOT NULL,
	[minInvoiceValue] [decimal](20, 3) NOT NULL,
	[maxInvoiceValue] [decimal](20, 3) NOT NULL,
	[discountValue] [decimal](20, 3) NOT NULL,
	[discountType] [tinyint] NOT NULL,
	[createDate] [datetime2](7) NULL,
	[updateDate] [datetime2](7) NULL,
	[updateUserId] [int] NULL,
	[createUserId] [int] NULL,
	[notes] [ntext] NULL,
	[isActive] [tinyint] NOT NULL,
	[name] [nvarchar](500) NULL,
 CONSTRAINT [PK_invoicesClass] PRIMARY KEY CLUSTERED 
(
	[invClassId] ASC
)WITH (PAD_INDEX = OFF, STATISTICS_NORECOMPUTE = OFF, IGNORE_DUP_KEY = OFF, ALLOW_ROW_LOCKS = ON, ALLOW_PAGE_LOCKS = ON) ON [PRIMARY]
) ON [PRIMARY] TEXTIMAGE_ON [PRIMARY]
GO
/****** Object:  Table [dbo].[invoicesClassMemberships]    Script Date: 4/18/2022 1:28:40 PM ******/
SET ANSI_NULLS ON
GO
SET QUOTED_IDENTIFIER ON
GO
CREATE TABLE [dbo].[invoicesClassMemberships](
	[invClassMemberId] [int] IDENTITY(1,1) NOT NULL,
	[membershipId] [int] NULL,
	[invClassId] [int] NULL,
	[notes] [ntext] NULL,
	[createDate] [datetime2](7) NULL,
	[updateDate] [datetime2](7) NULL,
	[createUserId] [int] NULL,
	[updateUserId] [int] NULL,
 CONSTRAINT [PK_invoicesClassMemberships] PRIMARY KEY CLUSTERED 
(
	[invClassMemberId] ASC
)WITH (PAD_INDEX = OFF, STATISTICS_NORECOMPUTE = OFF, IGNORE_DUP_KEY = OFF, ALLOW_ROW_LOCKS = ON, ALLOW_PAGE_LOCKS = ON) ON [PRIMARY]
) ON [PRIMARY] TEXTIMAGE_ON [PRIMARY]
GO
/****** Object:  Table [dbo].[invoiceStatus]    Script Date: 4/18/2022 1:28:40 PM ******/
SET ANSI_NULLS ON
GO
SET QUOTED_IDENTIFIER ON
GO
CREATE TABLE [dbo].[invoiceStatus](
	[invStatusId] [int] IDENTITY(1,1) NOT NULL,
	[invoiceId] [int] NULL,
	[status] [nvarchar](50) NULL,
	[createDate] [datetime2](7) NULL,
	[updateDate] [datetime2](7) NULL,
	[createUserId] [int] NULL,
	[updateUserId] [int] NULL,
	[notes] [ntext] NULL,
	[isActive] [tinyint] NOT NULL,
 CONSTRAINT [PK_invoiceStatus] PRIMARY KEY CLUSTERED 
(
	[invStatusId] ASC
)WITH (PAD_INDEX = OFF, STATISTICS_NORECOMPUTE = OFF, IGNORE_DUP_KEY = OFF, ALLOW_ROW_LOCKS = ON, ALLOW_PAGE_LOCKS = ON) ON [PRIMARY]
) ON [PRIMARY] TEXTIMAGE_ON [PRIMARY]
GO
/****** Object:  Table [dbo].[invoiceTables]    Script Date: 4/18/2022 1:28:40 PM ******/
SET ANSI_NULLS ON
GO
SET QUOTED_IDENTIFIER ON
GO
CREATE TABLE [dbo].[invoiceTables](
	[invTableId] [int] IDENTITY(1,1) NOT NULL,
	[invoiceId] [int] NOT NULL,
	[tableId] [int] NOT NULL,
	[isActive] [tinyint] NOT NULL,
	[createDate] [datetime2](7) NULL,
	[updateDate] [datetime2](7) NULL,
	[createUserId] [int] NULL,
	[updateUserId] [int] NULL,
 CONSTRAINT [PK_invoiceTables] PRIMARY KEY CLUSTERED 
(
	[invTableId] ASC
)WITH (PAD_INDEX = OFF, STATISTICS_NORECOMPUTE = OFF, IGNORE_DUP_KEY = OFF, ALLOW_ROW_LOCKS = ON, ALLOW_PAGE_LOCKS = ON) ON [PRIMARY]
) ON [PRIMARY]
GO
/****** Object:  Table [dbo].[itemOrderPreparing]    Script Date: 4/18/2022 1:28:40 PM ******/
SET ANSI_NULLS ON
GO
SET QUOTED_IDENTIFIER ON
GO
CREATE TABLE [dbo].[itemOrderPreparing](
	[itemOrderId] [int] IDENTITY(1,1) NOT NULL,
	[itemUnitId] [int] NULL,
	[orderPreparingId] [int] NULL,
	[quantity] [int] NULL,
	[notes] [ntext] NULL,
	[createDate] [datetime2](7) NULL,
	[updateDate] [datetime2](7) NULL,
	[createUserId] [int] NULL,
	[updateUserId] [int] NULL,
 CONSTRAINT [PK_itemOrderPreparing] PRIMARY KEY CLUSTERED 
(
	[itemOrderId] ASC
)WITH (PAD_INDEX = OFF, STATISTICS_NORECOMPUTE = OFF, IGNORE_DUP_KEY = OFF, ALLOW_ROW_LOCKS = ON, ALLOW_PAGE_LOCKS = ON) ON [PRIMARY]
) ON [PRIMARY] TEXTIMAGE_ON [PRIMARY]
GO
/****** Object:  Table [dbo].[items]    Script Date: 4/18/2022 1:28:40 PM ******/
SET ANSI_NULLS ON
GO
SET QUOTED_IDENTIFIER ON
GO
CREATE TABLE [dbo].[items](
	[itemId] [int] IDENTITY(1,1) NOT NULL,
	[code] [nvarchar](50) NULL,
	[name] [nvarchar](200) NULL,
	[details] [ntext] NULL,
	[type] [nvarchar](50) NOT NULL,
	[image] [ntext] NULL,
	[taxes] [decimal](20, 3) NOT NULL,
	[isActive] [tinyint] NOT NULL,
	[min] [int] NOT NULL,
	[max] [int] NOT NULL,
	[categoryId] [int] NULL,
	[parentId] [int] NULL,
	[createDate] [datetime2](7) NULL,
	[updateDate] [datetime2](7) NULL,
	[createUserId] [int] NULL,
	[updateUserId] [int] NULL,
	[minUnitId] [int] NULL,
	[maxUnitId] [int] NULL,
	[avgPurchasePrice] [decimal](20, 3) NOT NULL,
	[tagId] [int] NULL,
	[notes] [ntext] NULL,
	[categoryString] [nvarchar](500) NULL,
 CONSTRAINT [PK_items] PRIMARY KEY CLUSTERED 
(
	[itemId] ASC
)WITH (PAD_INDEX = OFF, STATISTICS_NORECOMPUTE = OFF, IGNORE_DUP_KEY = OFF, ALLOW_ROW_LOCKS = ON, ALLOW_PAGE_LOCKS = ON) ON [PRIMARY]
) ON [PRIMARY] TEXTIMAGE_ON [PRIMARY]
GO
/****** Object:  Table [dbo].[itemsLocations]    Script Date: 4/18/2022 1:28:40 PM ******/
SET ANSI_NULLS ON
GO
SET QUOTED_IDENTIFIER ON
GO
CREATE TABLE [dbo].[itemsLocations](
	[itemsLocId] [int] IDENTITY(1,1) NOT NULL,
	[locationId] [int] NULL,
	[quantity] [bigint] NOT NULL,
	[createDate] [datetime2](7) NULL,
	[updateDate] [datetime2](7) NULL,
	[createUserId] [int] NULL,
	[updateUserId] [int] NULL,
	[startDate] [date] NULL,
	[endDate] [date] NULL,
	[itemUnitId] [int] NULL,
	[notes] [ntext] NULL,
	[invoiceId] [int] NULL,
 CONSTRAINT [PK_itemsLocations] PRIMARY KEY CLUSTERED 
(
	[itemsLocId] ASC
)WITH (PAD_INDEX = OFF, STATISTICS_NORECOMPUTE = OFF, IGNORE_DUP_KEY = OFF, ALLOW_ROW_LOCKS = ON, ALLOW_PAGE_LOCKS = ON) ON [PRIMARY]
) ON [PRIMARY] TEXTIMAGE_ON [PRIMARY]
GO
/****** Object:  Table [dbo].[itemsMaterials]    Script Date: 4/18/2022 1:28:40 PM ******/
SET ANSI_NULLS ON
GO
SET QUOTED_IDENTIFIER ON
GO
CREATE TABLE [dbo].[itemsMaterials](
	[itemMatId] [int] IDENTITY(1,1) NOT NULL,
	[itemId] [int] NULL,
	[materialId] [int] NULL,
	[quantity] [decimal](20, 3) NOT NULL,
	[unitId] [int] NULL,
	[price] [decimal](20, 2) NOT NULL,
 CONSTRAINT [PK_itemsMaterials] PRIMARY KEY CLUSTERED 
(
	[itemMatId] ASC
)WITH (PAD_INDEX = OFF, STATISTICS_NORECOMPUTE = OFF, IGNORE_DUP_KEY = OFF, ALLOW_ROW_LOCKS = ON, ALLOW_PAGE_LOCKS = ON) ON [PRIMARY]
) ON [PRIMARY]
GO
/****** Object:  Table [dbo].[itemsOffers]    Script Date: 4/18/2022 1:28:40 PM ******/
SET ANSI_NULLS ON
GO
SET QUOTED_IDENTIFIER ON
GO
CREATE TABLE [dbo].[itemsOffers](
	[ioId] [int] IDENTITY(1,1) NOT NULL,
	[iuId] [int] NULL,
	[offerId] [int] NULL,
	[createDate] [datetime2](7) NULL,
	[updateDate] [datetime2](7) NULL,
	[createUserId] [int] NULL,
	[updateUserId] [int] NULL,
	[quantity] [int] NOT NULL,
	[used] [int] NOT NULL,
 CONSTRAINT [PK_itemsOffers] PRIMARY KEY CLUSTERED 
(
	[ioId] ASC
)WITH (PAD_INDEX = OFF, STATISTICS_NORECOMPUTE = OFF, IGNORE_DUP_KEY = OFF, ALLOW_ROW_LOCKS = ON, ALLOW_PAGE_LOCKS = ON) ON [PRIMARY]
) ON [PRIMARY]
GO
/****** Object:  Table [dbo].[itemsProp]    Script Date: 4/18/2022 1:28:40 PM ******/
SET ANSI_NULLS ON
GO
SET QUOTED_IDENTIFIER ON
GO
CREATE TABLE [dbo].[itemsProp](
	[itemPropId] [int] IDENTITY(1,1) NOT NULL,
	[propertyItemId] [int] NULL,
	[itemId] [int] NULL,
	[createDate] [datetime2](7) NULL,
	[updateDate] [datetime2](7) NULL,
	[createUserId] [int] NULL,
	[updateUserId] [int] NULL,
 CONSTRAINT [PK_itemsProp] PRIMARY KEY CLUSTERED 
(
	[itemPropId] ASC
)WITH (PAD_INDEX = OFF, STATISTICS_NORECOMPUTE = OFF, IGNORE_DUP_KEY = OFF, ALLOW_ROW_LOCKS = ON, ALLOW_PAGE_LOCKS = ON) ON [PRIMARY]
) ON [PRIMARY]
GO
/****** Object:  Table [dbo].[itemsTransfer]    Script Date: 4/18/2022 1:28:40 PM ******/
SET ANSI_NULLS ON
GO
SET QUOTED_IDENTIFIER ON
GO
CREATE TABLE [dbo].[itemsTransfer](
	[itemsTransId] [int] IDENTITY(1,1) NOT NULL,
	[quantity] [bigint] NOT NULL,
	[invoiceId] [int] NULL,
	[createDate] [datetime2](7) NULL,
	[updateDate] [datetime2](7) NULL,
	[createUserId] [int] NULL,
	[updateUserId] [int] NULL,
	[notes] [ntext] NULL,
	[price] [decimal](20, 3) NOT NULL,
	[itemUnitId] [int] NULL,
	[itemSerial] [nvarchar](200) NOT NULL,
	[inventoryItemLocId] [int] NULL,
	[offerId] [int] NULL,
	[profit] [decimal](20, 3) NOT NULL,
	[purchasePrice] [decimal](20, 3) NOT NULL,
	[cause] [nvarchar](500) NULL,
	[itemTax] [decimal](20, 3) NULL,
	[itemUnitPrice] [decimal](20, 3) NULL,
	[offerValue] [decimal](20, 3) NULL,
	[offerType] [decimal](4, 0) NULL,
	[forAgents] [nvarchar](50) NULL,
 CONSTRAINT [PK_itemsTransfer] PRIMARY KEY CLUSTERED 
(
	[itemsTransId] ASC
)WITH (PAD_INDEX = OFF, STATISTICS_NORECOMPUTE = OFF, IGNORE_DUP_KEY = OFF, ALLOW_ROW_LOCKS = ON, ALLOW_PAGE_LOCKS = ON) ON [PRIMARY]
) ON [PRIMARY] TEXTIMAGE_ON [PRIMARY]
GO
/****** Object:  Table [dbo].[itemsUnits]    Script Date: 4/18/2022 1:28:40 PM ******/
SET ANSI_NULLS ON
GO
SET QUOTED_IDENTIFIER ON
GO
CREATE TABLE [dbo].[itemsUnits](
	[itemUnitId] [int] IDENTITY(1,1) NOT NULL,
	[itemId] [int] NULL,
	[unitId] [int] NULL,
	[unitValue] [int] NULL,
	[defaultSale] [smallint] NOT NULL,
	[defaultPurchase] [smallint] NOT NULL,
	[price] [decimal](20, 3) NOT NULL,
	[priceWithService] [decimal](20, 3) NOT NULL,
	[barcode] [nvarchar](200) NULL,
	[isCountable] [bit] NOT NULL,
	[createDate] [datetime2](7) NULL,
	[updateDate] [datetime2](7) NULL,
	[createUserId] [int] NULL,
	[updateUserId] [int] NULL,
	[subUnitId] [int] NULL,
	[purchasePrice] [decimal](20, 3) NOT NULL,
	[storageCostId] [int] NULL,
	[isActive] [tinyint] NOT NULL,
	[cost] [decimal](20, 3) NULL,
 CONSTRAINT [PK_itemsUnits] PRIMARY KEY CLUSTERED 
(
	[itemUnitId] ASC
)WITH (PAD_INDEX = OFF, STATISTICS_NORECOMPUTE = OFF, IGNORE_DUP_KEY = OFF, ALLOW_ROW_LOCKS = ON, ALLOW_PAGE_LOCKS = ON) ON [PRIMARY]
) ON [PRIMARY]
GO
/****** Object:  Table [dbo].[itemTransferOffer]    Script Date: 4/18/2022 1:28:40 PM ******/
SET ANSI_NULLS ON
GO
SET QUOTED_IDENTIFIER ON
GO
CREATE TABLE [dbo].[itemTransferOffer](
	[id] [int] IDENTITY(1,1) NOT NULL,
	[itemTransId] [int] NULL,
	[offerId] [int] NULL,
	[discountType] [nvarchar](100) NULL,
	[discountValue] [decimal](20, 3) NOT NULL,
	[notes] [ntext] NULL,
	[createDate] [datetime2](7) NULL,
	[updateDate] [datetime2](7) NULL,
	[createUserId] [int] NULL,
	[updateUserId] [int] NULL,
 CONSTRAINT [PK_itemTransferOffer] PRIMARY KEY CLUSTERED 
(
	[id] ASC
)WITH (PAD_INDEX = OFF, STATISTICS_NORECOMPUTE = OFF, IGNORE_DUP_KEY = OFF, ALLOW_ROW_LOCKS = ON, ALLOW_PAGE_LOCKS = ON) ON [PRIMARY]
) ON [PRIMARY] TEXTIMAGE_ON [PRIMARY]
GO
/****** Object:  Table [dbo].[itemUnitUser]    Script Date: 4/18/2022 1:28:40 PM ******/
SET ANSI_NULLS ON
GO
SET QUOTED_IDENTIFIER ON
GO
CREATE TABLE [dbo].[itemUnitUser](
	[id] [int] IDENTITY(1,1) NOT NULL,
	[itemUnitId] [int] NULL,
	[userId] [int] NULL,
	[notes] [ntext] NULL,
	[createDate] [datetime2](7) NULL,
	[updateDate] [datetime2](7) NULL,
	[createUserId] [int] NULL,
	[updateUserId] [int] NULL,
	[isActive] [tinyint] NOT NULL,
 CONSTRAINT [PK_itemUnitUser] PRIMARY KEY CLUSTERED 
(
	[id] ASC
)WITH (PAD_INDEX = OFF, STATISTICS_NORECOMPUTE = OFF, IGNORE_DUP_KEY = OFF, ALLOW_ROW_LOCKS = ON, ALLOW_PAGE_LOCKS = ON) ON [PRIMARY]
) ON [PRIMARY] TEXTIMAGE_ON [PRIMARY]
GO
/****** Object:  Table [dbo].[locations]    Script Date: 4/18/2022 1:28:40 PM ******/
SET ANSI_NULLS ON
GO
SET QUOTED_IDENTIFIER ON
GO
CREATE TABLE [dbo].[locations](
	[locationId] [int] IDENTITY(1,1) NOT NULL,
	[x] [nvarchar](100) NULL,
	[y] [nvarchar](100) NULL,
	[z] [nvarchar](100) NULL,
	[createDate] [datetime2](7) NULL,
	[updateDate] [datetime2](7) NULL,
	[createUserId] [int] NULL,
	[updateUserId] [int] NULL,
	[isActive] [tinyint] NOT NULL,
	[sectionId] [int] NULL,
	[notes] [ntext] NULL,
	[branchId] [int] NULL,
	[isFreeZone] [tinyint] NOT NULL,
	[isKitchen] [tinyint] NOT NULL,
 CONSTRAINT [PK_locations] PRIMARY KEY CLUSTERED 
(
	[locationId] ASC
)WITH (PAD_INDEX = OFF, STATISTICS_NORECOMPUTE = OFF, IGNORE_DUP_KEY = OFF, ALLOW_ROW_LOCKS = ON, ALLOW_PAGE_LOCKS = ON) ON [PRIMARY]
) ON [PRIMARY] TEXTIMAGE_ON [PRIMARY]
GO
/****** Object:  Table [dbo].[medalAgent]    Script Date: 4/18/2022 1:28:40 PM ******/
SET ANSI_NULLS ON
GO
SET QUOTED_IDENTIFIER ON
GO
CREATE TABLE [dbo].[medalAgent](
	[id] [int] IDENTITY(1,1) NOT NULL,
	[medalId] [int] NULL,
	[agentId] [int] NULL,
	[notes] [ntext] NULL,
	[isActive] [tinyint] NOT NULL,
	[createDate] [datetime2](7) NULL,
	[updateDate] [datetime2](7) NULL,
	[createUserId] [int] NULL,
	[updateUserId] [int] NULL,
 CONSTRAINT [PK_medalAgent] PRIMARY KEY CLUSTERED 
(
	[id] ASC
)WITH (PAD_INDEX = OFF, STATISTICS_NORECOMPUTE = OFF, IGNORE_DUP_KEY = OFF, ALLOW_ROW_LOCKS = ON, ALLOW_PAGE_LOCKS = ON) ON [PRIMARY]
) ON [PRIMARY] TEXTIMAGE_ON [PRIMARY]
GO
/****** Object:  Table [dbo].[medals]    Script Date: 4/18/2022 1:28:40 PM ******/
SET ANSI_NULLS ON
GO
SET QUOTED_IDENTIFIER ON
GO
CREATE TABLE [dbo].[medals](
	[medalId] [int] IDENTITY(1,1) NOT NULL,
	[name] [nvarchar](200) NULL,
	[symbol] [ntext] NULL,
	[CashPointsRequired] [int] NOT NULL,
	[invoiceCountPointsRequired] [int] NOT NULL,
	[isActive] [tinyint] NOT NULL,
	[notes] [ntext] NULL,
	[createUserId] [int] NULL,
	[updateUserId] [int] NULL,
	[createDate] [datetime2](7) NULL,
	[updateDate] [datetime2](7) NULL,
 CONSTRAINT [PK_medals] PRIMARY KEY CLUSTERED 
(
	[medalId] ASC
)WITH (PAD_INDEX = OFF, STATISTICS_NORECOMPUTE = OFF, IGNORE_DUP_KEY = OFF, ALLOW_ROW_LOCKS = ON, ALLOW_PAGE_LOCKS = ON) ON [PRIMARY]
) ON [PRIMARY] TEXTIMAGE_ON [PRIMARY]
GO
/****** Object:  Table [dbo].[memberships]    Script Date: 4/18/2022 1:28:40 PM ******/
SET ANSI_NULLS ON
GO
SET QUOTED_IDENTIFIER ON
GO
CREATE TABLE [dbo].[memberships](
	[membershipId] [int] IDENTITY(1,1) NOT NULL,
	[name] [nvarchar](100) NULL,
	[notes] [ntext] NULL,
	[createDate] [datetime2](7) NULL,
	[updateDate] [datetime2](7) NULL,
	[createUserId] [int] NULL,
	[updateUserId] [int] NULL,
	[isActive] [tinyint] NOT NULL,
	[code] [nvarchar](500) NULL,
	[subscriptionType] [nvarchar](50) NULL,
	[isFreeDelivery] [bit] NOT NULL,
	[deliveryDiscountPercent] [decimal](20, 3) NOT NULL,
 CONSTRAINT [PK_memberships] PRIMARY KEY CLUSTERED 
(
	[membershipId] ASC
)WITH (PAD_INDEX = OFF, STATISTICS_NORECOMPUTE = OFF, IGNORE_DUP_KEY = OFF, ALLOW_ROW_LOCKS = ON, ALLOW_PAGE_LOCKS = ON) ON [PRIMARY]
) ON [PRIMARY] TEXTIMAGE_ON [PRIMARY]
GO
/****** Object:  Table [dbo].[membershipsOffers]    Script Date: 4/18/2022 1:28:40 PM ******/
SET ANSI_NULLS ON
GO
SET QUOTED_IDENTIFIER ON
GO
CREATE TABLE [dbo].[membershipsOffers](
	[membershipOfferId] [int] IDENTITY(1,1) NOT NULL,
	[membershipId] [int] NULL,
	[offerId] [int] NULL,
	[notes] [ntext] NULL,
	[createDate] [datetime2](7) NULL,
	[updateDate] [datetime2](7) NULL,
	[createUserId] [int] NULL,
	[updateUserId] [int] NULL,
 CONSTRAINT [PK_membershipsOffers] PRIMARY KEY CLUSTERED 
(
	[membershipOfferId] ASC
)WITH (PAD_INDEX = OFF, STATISTICS_NORECOMPUTE = OFF, IGNORE_DUP_KEY = OFF, ALLOW_ROW_LOCKS = ON, ALLOW_PAGE_LOCKS = ON) ON [PRIMARY]
) ON [PRIMARY] TEXTIMAGE_ON [PRIMARY]
GO
/****** Object:  Table [dbo].[menuSettings]    Script Date: 4/18/2022 1:28:40 PM ******/
SET ANSI_NULLS ON
GO
SET QUOTED_IDENTIFIER ON
GO
CREATE TABLE [dbo].[menuSettings](
	[menuSettingId] [bigint] IDENTITY(1,1) NOT NULL,
	[itemUnitId] [int] NOT NULL,
	[sat] [bit] NOT NULL,
	[sun] [bit] NOT NULL,
	[mon] [bit] NOT NULL,
	[tues] [bit] NOT NULL,
	[wed] [bit] NOT NULL,
	[thur] [bit] NOT NULL,
	[fri] [bit] NOT NULL,
	[preparingTime] [int] NULL,
	[isActive] [tinyint] NOT NULL,
	[createDate] [datetime2](7) NULL,
	[updateDate] [datetime2](7) NULL,
	[updateUserId] [int] NULL,
	[createUserId] [int] NULL,
	[branchId] [int] NULL,
 CONSTRAINT [PK_menuSettings] PRIMARY KEY CLUSTERED 
(
	[menuSettingId] ASC
)WITH (PAD_INDEX = OFF, STATISTICS_NORECOMPUTE = OFF, IGNORE_DUP_KEY = OFF, ALLOW_ROW_LOCKS = ON, ALLOW_PAGE_LOCKS = ON) ON [PRIMARY]
) ON [PRIMARY]
GO
/****** Object:  Table [dbo].[notification]    Script Date: 4/18/2022 1:28:40 PM ******/
SET ANSI_NULLS ON
GO
SET QUOTED_IDENTIFIER ON
GO
CREATE TABLE [dbo].[notification](
	[notId] [int] IDENTITY(1,1) NOT NULL,
	[title] [nvarchar](500) NULL,
	[ncontent] [nvarchar](1000) NULL,
	[side] [nvarchar](10) NULL,
	[msgType] [nvarchar](10) NULL,
	[path] [nvarchar](500) NULL,
	[createDate] [datetime2](7) NULL,
	[updateDate] [datetime2](7) NULL,
	[createUserId] [int] NULL,
	[updateUserId] [int] NULL,
	[isActive] [tinyint] NOT NULL,
 CONSTRAINT [PK_notification] PRIMARY KEY CLUSTERED 
(
	[notId] ASC
)WITH (PAD_INDEX = OFF, STATISTICS_NORECOMPUTE = OFF, IGNORE_DUP_KEY = OFF, ALLOW_ROW_LOCKS = ON, ALLOW_PAGE_LOCKS = ON) ON [PRIMARY]
) ON [PRIMARY]
GO
/****** Object:  Table [dbo].[notificationUser]    Script Date: 4/18/2022 1:28:40 PM ******/
SET ANSI_NULLS ON
GO
SET QUOTED_IDENTIFIER ON
GO
CREATE TABLE [dbo].[notificationUser](
	[notUserId] [int] IDENTITY(1,1) NOT NULL,
	[notId] [int] NULL,
	[userId] [int] NULL,
	[isRead] [bit] NOT NULL,
	[createDate] [datetime2](7) NULL,
	[updateDate] [datetime2](7) NULL,
	[createUserId] [int] NULL,
	[updateUserId] [int] NULL,
	[posId] [int] NULL,
 CONSTRAINT [PK_notificationUser] PRIMARY KEY CLUSTERED 
(
	[notUserId] ASC
)WITH (PAD_INDEX = OFF, STATISTICS_NORECOMPUTE = OFF, IGNORE_DUP_KEY = OFF, ALLOW_ROW_LOCKS = ON, ALLOW_PAGE_LOCKS = ON) ON [PRIMARY]
) ON [PRIMARY]
GO
/****** Object:  Table [dbo].[objects]    Script Date: 4/18/2022 1:28:40 PM ******/
SET ANSI_NULLS ON
GO
SET QUOTED_IDENTIFIER ON
GO
CREATE TABLE [dbo].[objects](
	[objectId] [int] IDENTITY(1,1) NOT NULL,
	[name] [nvarchar](200) NULL,
	[parentObjectId] [int] NULL,
	[objectType] [nvarchar](10) NULL,
	[translate] [nvarchar](500) NULL,
	[translateHint] [nvarchar](500) NULL,
	[icon] [nvarchar](500) NULL,
 CONSTRAINT [PK_objects] PRIMARY KEY CLUSTERED 
(
	[objectId] ASC
)WITH (PAD_INDEX = OFF, STATISTICS_NORECOMPUTE = OFF, IGNORE_DUP_KEY = OFF, ALLOW_ROW_LOCKS = ON, ALLOW_PAGE_LOCKS = ON) ON [PRIMARY]
) ON [PRIMARY]
GO
/****** Object:  Table [dbo].[offers]    Script Date: 4/18/2022 1:28:40 PM ******/
SET ANSI_NULLS ON
GO
SET QUOTED_IDENTIFIER ON
GO
CREATE TABLE [dbo].[offers](
	[offerId] [int] IDENTITY(1,1) NOT NULL,
	[name] [nvarchar](100) NOT NULL,
	[code] [nvarchar](100) NULL,
	[isActive] [tinyint] NOT NULL,
	[discountType] [nvarchar](100) NULL,
	[discountValue] [decimal](20, 3) NOT NULL,
	[startDate] [datetime2](7) NULL,
	[endDate] [datetime2](7) NULL,
	[createDate] [datetime2](7) NULL,
	[updateDate] [datetime2](7) NULL,
	[createUserId] [int] NULL,
	[updateUserId] [int] NULL,
	[notes] [ntext] NULL,
	[forAgents] [nvarchar](50) NULL,
 CONSTRAINT [PK_offers] PRIMARY KEY CLUSTERED 
(
	[offerId] ASC
)WITH (PAD_INDEX = OFF, STATISTICS_NORECOMPUTE = OFF, IGNORE_DUP_KEY = OFF, ALLOW_ROW_LOCKS = ON, ALLOW_PAGE_LOCKS = ON) ON [PRIMARY]
) ON [PRIMARY] TEXTIMAGE_ON [PRIMARY]
GO
/****** Object:  Table [dbo].[orderPreparing]    Script Date: 4/18/2022 1:28:40 PM ******/
SET ANSI_NULLS ON
GO
SET QUOTED_IDENTIFIER ON
GO
CREATE TABLE [dbo].[orderPreparing](
	[orderPreparingId] [int] IDENTITY(1,1) NOT NULL,
	[orderNum] [nvarchar](200) NULL,
	[invoiceId] [int] NULL,
	[notes] [ntext] NULL,
	[preparingTime] [decimal](20, 3) NULL,
	[createDate] [datetime2](7) NULL,
	[updateDate] [datetime2](7) NULL,
	[createUserId] [int] NULL,
	[updateUserId] [int] NULL,
 CONSTRAINT [PK_orderPreparing] PRIMARY KEY CLUSTERED 
(
	[orderPreparingId] ASC
)WITH (PAD_INDEX = OFF, STATISTICS_NORECOMPUTE = OFF, IGNORE_DUP_KEY = OFF, ALLOW_ROW_LOCKS = ON, ALLOW_PAGE_LOCKS = ON) ON [PRIMARY]
) ON [PRIMARY] TEXTIMAGE_ON [PRIMARY]
GO
/****** Object:  Table [dbo].[orderPreparingStatus]    Script Date: 4/18/2022 1:28:40 PM ******/
SET ANSI_NULLS ON
GO
SET QUOTED_IDENTIFIER ON
GO
CREATE TABLE [dbo].[orderPreparingStatus](
	[orderStatusId] [int] IDENTITY(1,1) NOT NULL,
	[orderPreparingId] [int] NULL,
	[status] [nvarchar](50) NULL,
	[createDate] [datetime2](7) NULL,
	[updateDate] [datetime2](7) NULL,
	[createUserId] [int] NULL,
	[updateUserId] [int] NULL,
	[notes] [ntext] NULL,
	[isActive] [tinyint] NOT NULL,
 CONSTRAINT [PK_orderPreparingStatus] PRIMARY KEY CLUSTERED 
(
	[orderStatusId] ASC
)WITH (PAD_INDEX = OFF, STATISTICS_NORECOMPUTE = OFF, IGNORE_DUP_KEY = OFF, ALLOW_ROW_LOCKS = ON, ALLOW_PAGE_LOCKS = ON) ON [PRIMARY]
) ON [PRIMARY] TEXTIMAGE_ON [PRIMARY]
GO
/****** Object:  Table [dbo].[packages]    Script Date: 4/18/2022 1:28:40 PM ******/
SET ANSI_NULLS ON
GO
SET QUOTED_IDENTIFIER ON
GO
CREATE TABLE [dbo].[packages](
	[packageId] [int] IDENTITY(1,1) NOT NULL,
	[parentIUId] [int] NULL,
	[childIUId] [int] NULL,
	[quantity] [int] NOT NULL,
	[isActive] [tinyint] NOT NULL,
	[notes] [ntext] NULL,
	[createUserId] [int] NULL,
	[updateUserId] [int] NULL,
	[createDate] [datetime2](7) NULL,
	[updateDate] [datetime2](7) NULL,
 CONSTRAINT [PK_packages] PRIMARY KEY CLUSTERED 
(
	[packageId] ASC
)WITH (PAD_INDEX = OFF, STATISTICS_NORECOMPUTE = OFF, IGNORE_DUP_KEY = OFF, ALLOW_ROW_LOCKS = ON, ALLOW_PAGE_LOCKS = ON) ON [PRIMARY]
) ON [PRIMARY] TEXTIMAGE_ON [PRIMARY]
GO
/****** Object:  Table [dbo].[paperSize]    Script Date: 4/18/2022 1:28:40 PM ******/
SET ANSI_NULLS ON
GO
SET QUOTED_IDENTIFIER ON
GO
CREATE TABLE [dbo].[paperSize](
	[sizeId] [int] IDENTITY(1,1) NOT NULL,
	[paperSize] [nvarchar](200) NULL,
	[printfor] [nvarchar](200) NULL,
	[sizeValue] [nvarchar](200) NULL,
 CONSTRAINT [PK_paperSize] PRIMARY KEY CLUSTERED 
(
	[sizeId] ASC
)WITH (PAD_INDEX = OFF, STATISTICS_NORECOMPUTE = OFF, IGNORE_DUP_KEY = OFF, ALLOW_ROW_LOCKS = ON, ALLOW_PAGE_LOCKS = ON) ON [PRIMARY]
) ON [PRIMARY]
GO
/****** Object:  Table [dbo].[Points]    Script Date: 4/18/2022 1:28:40 PM ******/
SET ANSI_NULLS ON
GO
SET QUOTED_IDENTIFIER ON
GO
CREATE TABLE [dbo].[Points](
	[pointId] [int] NOT NULL,
	[Cash] [decimal](20, 3) NOT NULL,
	[CashPoints] [int] NOT NULL,
	[invoiceCount] [int] NOT NULL,
	[invoiceCountPoints] [int] NOT NULL,
	[CashArchive] [decimal](20, 3) NOT NULL,
	[CashPointsArchive] [int] NOT NULL,
	[invoiceCountArchive] [int] NOT NULL,
	[invoiceCountPoinstArchive] [int] NOT NULL,
	[notes] [ntext] NULL,
	[createDate] [datetime2](7) NULL,
	[updateDate] [datetime2](7) NULL,
	[createUserId] [int] NULL,
	[updateUserId] [int] NULL,
	[isActive] [tinyint] NOT NULL,
	[agentId] [int] NULL,
 CONSTRAINT [PK_Points] PRIMARY KEY CLUSTERED 
(
	[pointId] ASC
)WITH (PAD_INDEX = OFF, STATISTICS_NORECOMPUTE = OFF, IGNORE_DUP_KEY = OFF, ALLOW_ROW_LOCKS = ON, ALLOW_PAGE_LOCKS = ON) ON [PRIMARY]
) ON [PRIMARY] TEXTIMAGE_ON [PRIMARY]
GO
/****** Object:  Table [dbo].[pos]    Script Date: 4/18/2022 1:28:40 PM ******/
SET ANSI_NULLS ON
GO
SET QUOTED_IDENTIFIER ON
GO
CREATE TABLE [dbo].[pos](
	[posId] [int] IDENTITY(1,1) NOT NULL,
	[code] [nvarchar](100) NULL,
	[name] [nvarchar](100) NULL,
	[balance] [decimal](20, 3) NOT NULL,
	[branchId] [int] NULL,
	[createDate] [datetime2](7) NULL,
	[updateDate] [datetime2](7) NULL,
	[createUserId] [int] NULL,
	[updateUserId] [int] NULL,
	[isActive] [tinyint] NOT NULL,
	[notes] [ntext] NULL,
	[balanceAll] [decimal](20, 3) NOT NULL,
	[boxState] [nvarchar](20) NULL,
	[isAdminClose] [tinyint] NOT NULL,
 CONSTRAINT [PK_pos] PRIMARY KEY CLUSTERED 
(
	[posId] ASC
)WITH (PAD_INDEX = OFF, STATISTICS_NORECOMPUTE = OFF, IGNORE_DUP_KEY = OFF, ALLOW_ROW_LOCKS = ON, ALLOW_PAGE_LOCKS = ON) ON [PRIMARY]
) ON [PRIMARY] TEXTIMAGE_ON [PRIMARY]
GO
/****** Object:  Table [dbo].[posSerials]    Script Date: 4/18/2022 1:28:40 PM ******/
SET ANSI_NULLS ON
GO
SET QUOTED_IDENTIFIER ON
GO
CREATE TABLE [dbo].[posSerials](
	[id] [int] IDENTITY(1,1) NOT NULL,
	[posSerial] [nvarchar](300) NULL,
	[notes] [nvarchar](300) NULL,
	[isActive] [bit] NOT NULL,
 CONSTRAINT [PK_posSerials] PRIMARY KEY CLUSTERED 
(
	[id] ASC
)WITH (PAD_INDEX = OFF, STATISTICS_NORECOMPUTE = OFF, IGNORE_DUP_KEY = OFF, ALLOW_ROW_LOCKS = ON, ALLOW_PAGE_LOCKS = ON) ON [PRIMARY]
) ON [PRIMARY]
GO
/****** Object:  Table [dbo].[posSetting]    Script Date: 4/18/2022 1:28:40 PM ******/
SET ANSI_NULLS ON
GO
SET QUOTED_IDENTIFIER ON
GO
CREATE TABLE [dbo].[posSetting](
	[posSettingId] [int] IDENTITY(1,1) NOT NULL,
	[posId] [int] NULL,
	[saleInvPrinterId] [int] NULL,
	[reportPrinterId] [int] NULL,
	[saleInvPapersizeId] [int] NULL,
	[posSerial] [nvarchar](1000) NULL,
	[docPapersizeId] [int] NULL,
	[posDeviceCode] [nvarchar](500) NULL,
	[posSerialId] [int] NULL,
	[createDate] [datetime2](7) NULL,
	[updateDate] [datetime2](7) NULL,
	[createUserId] [int] NULL,
	[updateUserId] [int] NULL,
 CONSTRAINT [PK_posSetting] PRIMARY KEY CLUSTERED 
(
	[posSettingId] ASC
)WITH (PAD_INDEX = OFF, STATISTICS_NORECOMPUTE = OFF, IGNORE_DUP_KEY = OFF, ALLOW_ROW_LOCKS = ON, ALLOW_PAGE_LOCKS = ON) ON [PRIMARY]
) ON [PRIMARY]
GO
/****** Object:  Table [dbo].[posUsers]    Script Date: 4/18/2022 1:28:40 PM ******/
SET ANSI_NULLS ON
GO
SET QUOTED_IDENTIFIER ON
GO
CREATE TABLE [dbo].[posUsers](
	[posUserId] [int] IDENTITY(1,1) NOT NULL,
	[userId] [int] NULL,
	[posId] [int] NULL,
	[createDate] [datetime2](7) NULL,
	[updateDate] [datetime2](7) NULL,
	[createUserId] [int] NULL,
	[updateUserId] [int] NULL,
 CONSTRAINT [PK_posUsers] PRIMARY KEY CLUSTERED 
(
	[posUserId] ASC
)WITH (PAD_INDEX = OFF, STATISTICS_NORECOMPUTE = OFF, IGNORE_DUP_KEY = OFF, ALLOW_ROW_LOCKS = ON, ALLOW_PAGE_LOCKS = ON) ON [PRIMARY]
) ON [PRIMARY]
GO
/****** Object:  Table [dbo].[printers]    Script Date: 4/18/2022 1:28:40 PM ******/
SET ANSI_NULLS ON
GO
SET QUOTED_IDENTIFIER ON
GO
CREATE TABLE [dbo].[printers](
	[printerId] [int] IDENTITY(1,1) NOT NULL,
	[name] [nvarchar](500) NULL,
	[printFor] [nvarchar](50) NULL,
	[createDate] [datetime2](7) NULL,
	[updateDate] [datetime2](7) NULL,
	[createUserId] [int] NULL,
	[updateUserId] [int] NULL,
 CONSTRAINT [PK_printers] PRIMARY KEY CLUSTERED 
(
	[printerId] ASC
)WITH (PAD_INDEX = OFF, STATISTICS_NORECOMPUTE = OFF, IGNORE_DUP_KEY = OFF, ALLOW_ROW_LOCKS = ON, ALLOW_PAGE_LOCKS = ON) ON [PRIMARY]
) ON [PRIMARY]
GO
/****** Object:  Table [dbo].[ProgramDetails]    Script Date: 4/18/2022 1:28:40 PM ******/
SET ANSI_NULLS ON
GO
SET QUOTED_IDENTIFIER ON
GO
CREATE TABLE [dbo].[ProgramDetails](
	[id] [int] NOT NULL,
	[programName] [nvarchar](500) NULL,
	[branchCount] [int] NOT NULL,
	[posCount] [int] NOT NULL,
	[userCount] [int] NOT NULL,
	[vendorCount] [int] NOT NULL,
	[customerCount] [int] NOT NULL,
	[itemCount] [int] NOT NULL,
	[saleinvCount] [int] NOT NULL,
	[programIncId] [int] NULL,
	[versionIncId] [int] NULL,
	[versionName] [nvarchar](500) NULL,
	[storeCount] [int] NOT NULL,
	[packageSaleCode] [nvarchar](500) NULL,
	[customerServerCode] [nvarchar](500) NULL,
	[expireDate] [datetime2](7) NULL,
	[isOnlineServer] [bit] NULL,
	[packageNumber] [nvarchar](500) NULL,
	[updateDate] [datetime2](7) NULL,
	[isLimitDate] [bit] NULL,
	[isLimitCount] [bit] NULL,
	[isActive] [bit] NOT NULL,
	[packageName] [nvarchar](500) NULL,
	[bookDate] [datetime2](7) NULL,
	[pId] [int] NULL,
	[pcdId] [int] NULL,
	[customerName] [nvarchar](500) NULL,
	[customerLastName] [nvarchar](500) NULL,
	[agentName] [nvarchar](500) NULL,
	[agentLastName] [nvarchar](500) NULL,
	[agentAccountName] [nvarchar](500) NULL,
	[isServerActivated] [bit] NOT NULL,
	[activatedate] [datetime2](7) NULL,
	[pocrDate] [datetime2](7) NULL,
	[poId] [int] NULL,
	[upnum] [nvarchar](500) NULL,
	[notes] [nvarchar](500) NULL,
 CONSTRAINT [PK_ProgramDetails] PRIMARY KEY CLUSTERED 
(
	[id] ASC
)WITH (PAD_INDEX = OFF, STATISTICS_NORECOMPUTE = OFF, IGNORE_DUP_KEY = OFF, ALLOW_ROW_LOCKS = ON, ALLOW_PAGE_LOCKS = ON) ON [PRIMARY]
) ON [PRIMARY]
GO
/****** Object:  Table [dbo].[properties]    Script Date: 4/18/2022 1:28:40 PM ******/
SET ANSI_NULLS ON
GO
SET QUOTED_IDENTIFIER ON
GO
CREATE TABLE [dbo].[properties](
	[propertyId] [int] IDENTITY(1,1) NOT NULL,
	[name] [nvarchar](100) NULL,
	[createDate] [datetime2](7) NULL,
	[updateDate] [datetime2](7) NULL,
	[createUserId] [int] NULL,
	[updateUserId] [int] NULL,
	[isActive] [tinyint] NOT NULL,
 CONSTRAINT [PK_properties] PRIMARY KEY CLUSTERED 
(
	[propertyId] ASC
)WITH (PAD_INDEX = OFF, STATISTICS_NORECOMPUTE = OFF, IGNORE_DUP_KEY = OFF, ALLOW_ROW_LOCKS = ON, ALLOW_PAGE_LOCKS = ON) ON [PRIMARY]
) ON [PRIMARY]
GO
/****** Object:  Table [dbo].[propertiesItems]    Script Date: 4/18/2022 1:28:40 PM ******/
SET ANSI_NULLS ON
GO
SET QUOTED_IDENTIFIER ON
GO
CREATE TABLE [dbo].[propertiesItems](
	[propertyItemId] [int] IDENTITY(1,1) NOT NULL,
	[name] [nvarchar](100) NULL,
	[propertyId] [int] NULL,
	[isDefault] [smallint] NOT NULL,
	[createDate] [datetime2](7) NULL,
	[updateDate] [datetime2](7) NULL,
	[createUserId] [int] NULL,
	[updateUserId] [int] NULL,
	[isActive] [tinyint] NOT NULL,
 CONSTRAINT [PK_propertiesItems] PRIMARY KEY CLUSTERED 
(
	[propertyItemId] ASC
)WITH (PAD_INDEX = OFF, STATISTICS_NORECOMPUTE = OFF, IGNORE_DUP_KEY = OFF, ALLOW_ROW_LOCKS = ON, ALLOW_PAGE_LOCKS = ON) ON [PRIMARY]
) ON [PRIMARY]
GO
/****** Object:  Table [dbo].[reservations]    Script Date: 4/18/2022 1:28:40 PM ******/
SET ANSI_NULLS ON
GO
SET QUOTED_IDENTIFIER ON
GO
CREATE TABLE [dbo].[reservations](
	[reservationId] [bigint] IDENTITY(1,1) NOT NULL,
	[code] [nvarchar](100) NULL,
	[customerId] [int] NULL,
	[reservationDate] [date] NULL,
	[reservationTime] [datetime2](7) NULL,
	[personsCount] [int] NULL,
	[status] [nvarchar](15) NULL,
	[notes] [ntext] NULL,
	[isActive] [tinyint] NOT NULL,
	[createDate] [datetime2](7) NULL,
	[updateDate] [datetime2](7) NULL,
	[createUserId] [int] NULL,
	[updateUserId] [int] NULL,
	[endTime] [datetime2](7) NULL,
	[branchId] [int] NULL,
 CONSTRAINT [PK_reservations] PRIMARY KEY CLUSTERED 
(
	[reservationId] ASC
)WITH (PAD_INDEX = OFF, STATISTICS_NORECOMPUTE = OFF, IGNORE_DUP_KEY = OFF, ALLOW_ROW_LOCKS = ON, ALLOW_PAGE_LOCKS = ON) ON [PRIMARY]
) ON [PRIMARY] TEXTIMAGE_ON [PRIMARY]
GO
/****** Object:  Table [dbo].[residentialSectors]    Script Date: 4/18/2022 1:28:40 PM ******/
SET ANSI_NULLS ON
GO
SET QUOTED_IDENTIFIER ON
GO
CREATE TABLE [dbo].[residentialSectors](
	[residentSecId] [int] IDENTITY(1,1) NOT NULL,
	[name] [nvarchar](100) NULL,
	[notes] [nvarchar](500) NULL,
	[isActive] [tinyint] NOT NULL,
	[createDate] [datetime2](7) NULL,
	[updateDate] [datetime2](7) NULL,
	[createUserId] [int] NULL,
	[updateUserId] [int] NULL,
	[deliveryTime] [decimal](20, 3) NOT NULL,
 CONSTRAINT [PK_residentialSectors] PRIMARY KEY CLUSTERED 
(
	[residentSecId] ASC
)WITH (PAD_INDEX = OFF, STATISTICS_NORECOMPUTE = OFF, IGNORE_DUP_KEY = OFF, ALLOW_ROW_LOCKS = ON, ALLOW_PAGE_LOCKS = ON) ON [PRIMARY]
) ON [PRIMARY]
GO
/****** Object:  Table [dbo].[residentialSectorsUsers]    Script Date: 4/18/2022 1:28:40 PM ******/
SET ANSI_NULLS ON
GO
SET QUOTED_IDENTIFIER ON
GO
CREATE TABLE [dbo].[residentialSectorsUsers](
	[id] [int] IDENTITY(1,1) NOT NULL,
	[residentSecId] [int] NULL,
	[userId] [int] NULL,
	[notes] [nvarchar](500) NULL,
	[createDate] [datetime2](7) NULL,
	[updateDate] [datetime2](7) NULL,
	[createUserId] [int] NULL,
	[updateUserId] [int] NULL,
 CONSTRAINT [PK_residentialSectorsUsers] PRIMARY KEY CLUSTERED 
(
	[id] ASC
)WITH (PAD_INDEX = OFF, STATISTICS_NORECOMPUTE = OFF, IGNORE_DUP_KEY = OFF, ALLOW_ROW_LOCKS = ON, ALLOW_PAGE_LOCKS = ON) ON [PRIMARY]
) ON [PRIMARY]
GO
/****** Object:  Table [dbo].[sections]    Script Date: 4/18/2022 1:28:40 PM ******/
SET ANSI_NULLS ON
GO
SET QUOTED_IDENTIFIER ON
GO
CREATE TABLE [dbo].[sections](
	[sectionId] [int] IDENTITY(1,1) NOT NULL,
	[name] [nvarchar](200) NULL,
	[createDate] [datetime2](7) NULL,
	[updateDate] [datetime2](7) NULL,
	[createUserId] [int] NULL,
	[updateUserId] [int] NULL,
	[branchId] [int] NULL,
	[isActive] [tinyint] NOT NULL,
	[notes] [ntext] NULL,
	[details] [ntext] NULL,
	[isFreeZone] [tinyint] NOT NULL,
	[type] [nvarchar](20) NULL,
	[isKitchen] [tinyint] NOT NULL,
 CONSTRAINT [PK_sections] PRIMARY KEY CLUSTERED 
(
	[sectionId] ASC
)WITH (PAD_INDEX = OFF, STATISTICS_NORECOMPUTE = OFF, IGNORE_DUP_KEY = OFF, ALLOW_ROW_LOCKS = ON, ALLOW_PAGE_LOCKS = ON) ON [PRIMARY]
) ON [PRIMARY] TEXTIMAGE_ON [PRIMARY]
GO
/****** Object:  Table [dbo].[serials]    Script Date: 4/18/2022 1:28:40 PM ******/
SET ANSI_NULLS ON
GO
SET QUOTED_IDENTIFIER ON
GO
CREATE TABLE [dbo].[serials](
	[serialId] [int] IDENTITY(1,1) NOT NULL,
	[itemId] [int] NULL,
	[serialNum] [nvarchar](200) NULL,
	[isActive] [tinyint] NOT NULL,
	[createDate] [datetime2](7) NULL,
	[updateDate] [datetime2](7) NULL,
	[createUserId] [int] NULL,
	[updateUserId] [int] NULL,
 CONSTRAINT [PK_serials] PRIMARY KEY CLUSTERED 
(
	[serialId] ASC
)WITH (PAD_INDEX = OFF, STATISTICS_NORECOMPUTE = OFF, IGNORE_DUP_KEY = OFF, ALLOW_ROW_LOCKS = ON, ALLOW_PAGE_LOCKS = ON) ON [PRIMARY]
) ON [PRIMARY]
GO
/****** Object:  Table [dbo].[setting]    Script Date: 4/18/2022 1:28:40 PM ******/
SET ANSI_NULLS ON
GO
SET QUOTED_IDENTIFIER ON
GO
CREATE TABLE [dbo].[setting](
	[settingId] [int] IDENTITY(1,1) NOT NULL,
	[name] [nvarchar](200) NULL,
	[notes] [ntext] NULL,
 CONSTRAINT [PK_setting] PRIMARY KEY CLUSTERED 
(
	[settingId] ASC
)WITH (PAD_INDEX = OFF, STATISTICS_NORECOMPUTE = OFF, IGNORE_DUP_KEY = OFF, ALLOW_ROW_LOCKS = ON, ALLOW_PAGE_LOCKS = ON) ON [PRIMARY]
) ON [PRIMARY] TEXTIMAGE_ON [PRIMARY]
GO
/****** Object:  Table [dbo].[setValues]    Script Date: 4/18/2022 1:28:40 PM ******/
SET ANSI_NULLS ON
GO
SET QUOTED_IDENTIFIER ON
GO
CREATE TABLE [dbo].[setValues](
	[valId] [int] IDENTITY(1,1) NOT NULL,
	[value] [ntext] NULL,
	[isDefault] [int] NOT NULL,
	[isSystem] [int] NOT NULL,
	[notes] [ntext] NULL,
	[settingId] [int] NULL,
 CONSTRAINT [PK_setValues] PRIMARY KEY CLUSTERED 
(
	[valId] ASC
)WITH (PAD_INDEX = OFF, STATISTICS_NORECOMPUTE = OFF, IGNORE_DUP_KEY = OFF, ALLOW_ROW_LOCKS = ON, ALLOW_PAGE_LOCKS = ON) ON [PRIMARY]
) ON [PRIMARY] TEXTIMAGE_ON [PRIMARY]
GO
/****** Object:  Table [dbo].[shippingCompanies]    Script Date: 4/18/2022 1:28:40 PM ******/
SET ANSI_NULLS ON
GO
SET QUOTED_IDENTIFIER ON
GO
CREATE TABLE [dbo].[shippingCompanies](
	[shippingCompanyId] [int] IDENTITY(1,1) NOT NULL,
	[name] [nchar](10) NULL,
	[realDeliveryCost] [decimal](20, 3) NOT NULL,
	[deliveryCost] [decimal](20, 3) NOT NULL,
	[deliveryType] [nvarchar](100) NULL,
	[notes] [ntext] NULL,
	[createDate] [datetime2](7) NULL,
	[updateDate] [datetime2](7) NULL,
	[createUserId] [int] NULL,
	[updateUserId] [int] NULL,
	[isActive] [tinyint] NOT NULL,
	[balance] [decimal](20, 3) NOT NULL,
	[balanceType] [tinyint] NOT NULL,
	[email] [nvarchar](200) NULL,
	[phone] [nvarchar](100) NULL,
	[mobile] [nvarchar](100) NULL,
	[fax] [nvarchar](100) NULL,
	[address] [ntext] NULL,
 CONSTRAINT [PK_shippingCompanies] PRIMARY KEY CLUSTERED 
(
	[shippingCompanyId] ASC
)WITH (PAD_INDEX = OFF, STATISTICS_NORECOMPUTE = OFF, IGNORE_DUP_KEY = OFF, ALLOW_ROW_LOCKS = ON, ALLOW_PAGE_LOCKS = ON) ON [PRIMARY]
) ON [PRIMARY] TEXTIMAGE_ON [PRIMARY]
GO
/****** Object:  Table [dbo].[storageCost]    Script Date: 4/18/2022 1:28:40 PM ******/
SET ANSI_NULLS ON
GO
SET QUOTED_IDENTIFIER ON
GO
CREATE TABLE [dbo].[storageCost](
	[storageCostId] [int] IDENTITY(1,1) NOT NULL,
	[name] [nvarchar](200) NULL,
	[cost] [decimal](20, 3) NOT NULL,
	[notes] [ntext] NULL,
	[isActive] [tinyint] NOT NULL,
	[createUserId] [int] NULL,
	[updateUserId] [int] NULL,
	[createDate] [datetime2](7) NULL,
	[updateDate] [datetime2](7) NULL,
 CONSTRAINT [PK_storageCost] PRIMARY KEY CLUSTERED 
(
	[storageCostId] ASC
)WITH (PAD_INDEX = OFF, STATISTICS_NORECOMPUTE = OFF, IGNORE_DUP_KEY = OFF, ALLOW_ROW_LOCKS = ON, ALLOW_PAGE_LOCKS = ON) ON [PRIMARY]
) ON [PRIMARY] TEXTIMAGE_ON [PRIMARY]
GO
/****** Object:  Table [dbo].[subscriptionFees]    Script Date: 4/18/2022 1:28:40 PM ******/
SET ANSI_NULLS ON
GO
SET QUOTED_IDENTIFIER ON
GO
CREATE TABLE [dbo].[subscriptionFees](
	[subscriptionFeesId] [int] IDENTITY(1,1) NOT NULL,
	[membershipId] [int] NULL,
	[monthsCount] [int] NOT NULL,
	[Amount] [decimal](20, 3) NOT NULL,
	[notes] [ntext] NULL,
	[createDate] [datetime2](7) NULL,
	[updateDate] [datetime2](7) NULL,
	[createUserId] [int] NULL,
	[updateUserId] [int] NULL,
	[isActive] [tinyint] NOT NULL,
 CONSTRAINT [PK_subscriptionFees] PRIMARY KEY CLUSTERED 
(
	[subscriptionFeesId] ASC
)WITH (PAD_INDEX = OFF, STATISTICS_NORECOMPUTE = OFF, IGNORE_DUP_KEY = OFF, ALLOW_ROW_LOCKS = ON, ALLOW_PAGE_LOCKS = ON) ON [PRIMARY]
) ON [PRIMARY] TEXTIMAGE_ON [PRIMARY]
GO
/****** Object:  Table [dbo].[sysEmails]    Script Date: 4/18/2022 1:28:40 PM ******/
SET ANSI_NULLS ON
GO
SET QUOTED_IDENTIFIER ON
GO
CREATE TABLE [dbo].[sysEmails](
	[emailId] [int] IDENTITY(1,1) NOT NULL,
	[name] [nvarchar](100) NULL,
	[email] [nvarchar](100) NULL,
	[password] [nvarchar](100) NULL,
	[port] [int] NOT NULL,
	[isSSL] [bit] NOT NULL,
	[smtpClient] [nvarchar](100) NULL,
	[side] [nvarchar](100) NULL,
	[notes] [nvarchar](100) NULL,
	[branchId] [int] NULL,
	[isActive] [tinyint] NOT NULL,
	[createUserId] [int] NULL,
	[updateUserId] [int] NULL,
	[createDate] [datetime2](7) NULL,
	[updateDate] [datetime2](7) NULL,
	[isMajor] [bit] NOT NULL,
 CONSTRAINT [PK_sysEmails] PRIMARY KEY CLUSTERED 
(
	[emailId] ASC
)WITH (PAD_INDEX = OFF, STATISTICS_NORECOMPUTE = OFF, IGNORE_DUP_KEY = OFF, ALLOW_ROW_LOCKS = ON, ALLOW_PAGE_LOCKS = ON) ON [PRIMARY]
) ON [PRIMARY]
GO
/****** Object:  Table [dbo].[tables]    Script Date: 4/18/2022 1:28:40 PM ******/
SET ANSI_NULLS ON
GO
SET QUOTED_IDENTIFIER ON
GO
CREATE TABLE [dbo].[tables](
	[tableId] [int] IDENTITY(1,1) NOT NULL,
	[name] [nvarchar](50) NULL,
	[sectionId] [int] NULL,
	[branchId] [int] NULL,
	[notes] [ntext] NULL,
	[status] [nvarchar](50) NULL,
	[personsCount] [int] NOT NULL,
	[isActive] [tinyint] NOT NULL,
	[createDate] [datetime2](7) NULL,
	[updateDate] [datetime2](7) NULL,
	[createUserId] [int] NULL,
	[updateUserId] [int] NULL,
 CONSTRAINT [PK_tables] PRIMARY KEY CLUSTERED 
(
	[tableId] ASC
)WITH (PAD_INDEX = OFF, STATISTICS_NORECOMPUTE = OFF, IGNORE_DUP_KEY = OFF, ALLOW_ROW_LOCKS = ON, ALLOW_PAGE_LOCKS = ON) ON [PRIMARY]
) ON [PRIMARY] TEXTIMAGE_ON [PRIMARY]
GO
/****** Object:  Table [dbo].[tablesReservations]    Script Date: 4/18/2022 1:28:40 PM ******/
SET ANSI_NULLS ON
GO
SET QUOTED_IDENTIFIER ON
GO
CREATE TABLE [dbo].[tablesReservations](
	[tableReservId] [bigint] IDENTITY(1,1) NOT NULL,
	[reservationId] [bigint] NOT NULL,
	[tableId] [int] NOT NULL,
	[notes] [ntext] NULL,
	[isActive] [tinyint] NOT NULL,
	[createDate] [datetime2](7) NULL,
	[updateDate] [datetime2](7) NULL,
	[createUserId] [int] NULL,
	[updateUserId] [int] NULL,
 CONSTRAINT [PK_tablesReservations] PRIMARY KEY CLUSTERED 
(
	[tableReservId] ASC
)WITH (PAD_INDEX = OFF, STATISTICS_NORECOMPUTE = OFF, IGNORE_DUP_KEY = OFF, ALLOW_ROW_LOCKS = ON, ALLOW_PAGE_LOCKS = ON) ON [PRIMARY]
) ON [PRIMARY] TEXTIMAGE_ON [PRIMARY]
GO
/****** Object:  Table [dbo].[tags]    Script Date: 4/18/2022 1:28:40 PM ******/
SET ANSI_NULLS ON
GO
SET QUOTED_IDENTIFIER ON
GO
CREATE TABLE [dbo].[tags](
	[tagId] [int] IDENTITY(1,1) NOT NULL,
	[tagName] [nvarchar](200) NULL,
	[categoryId] [int] NULL,
	[notes] [ntext] NULL,
	[createUserId] [int] NULL,
	[updateUserId] [int] NULL,
	[createDate] [datetime2](7) NULL,
	[updateDate] [datetime2](7) NULL,
	[isActive] [tinyint] NOT NULL,
 CONSTRAINT [PK_tags] PRIMARY KEY CLUSTERED 
(
	[tagId] ASC
)WITH (PAD_INDEX = OFF, STATISTICS_NORECOMPUTE = OFF, IGNORE_DUP_KEY = OFF, ALLOW_ROW_LOCKS = ON, ALLOW_PAGE_LOCKS = ON) ON [PRIMARY]
) ON [PRIMARY] TEXTIMAGE_ON [PRIMARY]
GO
/****** Object:  Table [dbo].[units]    Script Date: 4/18/2022 1:28:40 PM ******/
SET ANSI_NULLS ON
GO
SET QUOTED_IDENTIFIER ON
GO
CREATE TABLE [dbo].[units](
	[unitId] [int] IDENTITY(1,1) NOT NULL,
	[name] [nvarchar](100) NULL,
	[isSmallest] [smallint] NOT NULL,
	[smallestId] [int] NULL,
	[createDate] [datetime2](7) NULL,
	[createUserId] [int] NULL,
	[updateUserId] [int] NULL,
	[updateDate] [datetime2](7) NULL,
	[parentid] [int] NULL,
	[isActive] [tinyint] NOT NULL,
	[notes] [nvarchar](100) NULL,
 CONSTRAINT [PK_units] PRIMARY KEY CLUSTERED 
(
	[unitId] ASC
)WITH (PAD_INDEX = OFF, STATISTICS_NORECOMPUTE = OFF, IGNORE_DUP_KEY = OFF, ALLOW_ROW_LOCKS = ON, ALLOW_PAGE_LOCKS = ON) ON [PRIMARY]
) ON [PRIMARY]
GO
/****** Object:  Table [dbo].[users]    Script Date: 4/18/2022 1:28:40 PM ******/
SET ANSI_NULLS ON
GO
SET QUOTED_IDENTIFIER ON
GO
CREATE TABLE [dbo].[users](
	[userId] [int] IDENTITY(1,1) NOT NULL,
	[username] [nvarchar](200) NULL,
	[password] [nvarchar](200) NULL,
	[name] [nvarchar](200) NULL,
	[lastname] [nvarchar](200) NULL,
	[job] [nvarchar](200) NULL,
	[workHours] [nvarchar](100) NULL,
	[createDate] [datetime2](7) NULL,
	[updateDate] [datetime2](7) NULL,
	[createUserId] [int] NULL,
	[updateUserId] [int] NULL,
	[phone] [nvarchar](50) NULL,
	[mobile] [nvarchar](50) NULL,
	[email] [nvarchar](100) NULL,
	[address] [ntext] NULL,
	[isActive] [tinyint] NOT NULL,
	[notes] [ntext] NULL,
	[isOnline] [tinyint] NOT NULL,
	[image] [ntext] NULL,
	[groupId] [int] NULL,
	[balance] [decimal](20, 3) NOT NULL,
	[balanceType] [tinyint] NOT NULL,
	[isAdmin] [bit] NOT NULL,
	[driverIsAvailable] [tinyint] NOT NULL,
 CONSTRAINT [PK_users] PRIMARY KEY CLUSTERED 
(
	[userId] ASC
)WITH (PAD_INDEX = OFF, STATISTICS_NORECOMPUTE = OFF, IGNORE_DUP_KEY = OFF, ALLOW_ROW_LOCKS = ON, ALLOW_PAGE_LOCKS = ON) ON [PRIMARY]
) ON [PRIMARY] TEXTIMAGE_ON [PRIMARY]
GO
/****** Object:  Table [dbo].[userSetValues]    Script Date: 4/18/2022 1:28:40 PM ******/
SET ANSI_NULLS ON
GO
SET QUOTED_IDENTIFIER ON
GO
CREATE TABLE [dbo].[userSetValues](
	[id] [int] IDENTITY(1,1) NOT NULL,
	[userId] [int] NULL,
	[valId] [int] NULL,
	[notes] [ntext] NULL,
	[createDate] [datetime2](7) NULL,
	[updateDate] [datetime2](7) NULL,
	[createUserId] [int] NULL,
	[updateUserId] [int] NULL,
 CONSTRAINT [PK_userSetValues] PRIMARY KEY CLUSTERED 
(
	[id] ASC
)WITH (PAD_INDEX = OFF, STATISTICS_NORECOMPUTE = OFF, IGNORE_DUP_KEY = OFF, ALLOW_ROW_LOCKS = ON, ALLOW_PAGE_LOCKS = ON) ON [PRIMARY]
) ON [PRIMARY] TEXTIMAGE_ON [PRIMARY]
GO
/****** Object:  Table [dbo].[usersLogs]    Script Date: 4/18/2022 1:28:40 PM ******/
SET ANSI_NULLS ON
GO
SET QUOTED_IDENTIFIER ON
GO
CREATE TABLE [dbo].[usersLogs](
	[logId] [int] IDENTITY(1,1) NOT NULL,
	[sInDate] [datetime2](7) NULL,
	[sOutDate] [datetime2](7) NULL,
	[posId] [int] NULL,
	[userId] [int] NULL,
 CONSTRAINT [PK_usersLogs] PRIMARY KEY CLUSTERED 
(
	[logId] ASC
)WITH (PAD_INDEX = OFF, STATISTICS_NORECOMPUTE = OFF, IGNORE_DUP_KEY = OFF, ALLOW_ROW_LOCKS = ON, ALLOW_PAGE_LOCKS = ON) ON [PRIMARY]
) ON [PRIMARY]
GO
SET IDENTITY_INSERT [dbo].[agentMembershipCash] ON 
GO
INSERT [dbo].[agentMembershipCash] ([agentMembershipCashId], [subscriptionFeesId], [cashTransId], [membershipId], [agentId], [startDate], [endDate], [updateUserId], [isActive], [createDate], [updateDate], [createUserId], [notes], [subscriptionType], [monthsCount], [discountValue], [total]) VALUES (26, 21, 280, 10, 26, CAST(N'2022-04-14T16:07:35.2252711' AS DateTime2), CAST(N'2022-04-14T23:59:59.0000000' AS DateTime2), 18, 1, CAST(N'2022-04-14T16:07:35.3619053' AS DateTime2), CAST(N'2022-04-14T16:07:35.3619053' AS DateTime2), 18, N'', N'o', 1, CAST(0.000 AS Decimal(20, 3)), CAST(100000.000 AS Decimal(20, 3)))
GO
INSERT [dbo].[agentMembershipCash] ([agentMembershipCashId], [subscriptionFeesId], [cashTransId], [membershipId], [agentId], [startDate], [endDate], [updateUserId], [isActive], [createDate], [updateDate], [createUserId], [notes], [subscriptionType], [monthsCount], [discountValue], [total]) VALUES (27, 23, 281, 12, 27, CAST(N'2022-04-14T16:08:33.3830140' AS DateTime2), CAST(N'2022-04-24T00:00:00.0000000' AS DateTime2), 18, 1, CAST(N'2022-04-14T16:08:33.4029609' AS DateTime2), CAST(N'2022-04-14T16:08:33.4029609' AS DateTime2), 18, N'', N'm', 1, CAST(0.000 AS Decimal(20, 3)), CAST(1000.000 AS Decimal(20, 3)))
GO
INSERT [dbo].[agentMembershipCash] ([agentMembershipCashId], [subscriptionFeesId], [cashTransId], [membershipId], [agentId], [startDate], [endDate], [updateUserId], [isActive], [createDate], [updateDate], [createUserId], [notes], [subscriptionType], [monthsCount], [discountValue], [total]) VALUES (28, 27, 282, 11, 28, CAST(N'2022-04-14T16:08:42.2882381' AS DateTime2), CAST(N'2023-04-14T16:08:42.2882381' AS DateTime2), 18, 1, CAST(N'2022-04-14T16:08:42.2942231' AS DateTime2), CAST(N'2022-04-14T16:08:42.2942231' AS DateTime2), 18, N'', N'y', 1, CAST(0.000 AS Decimal(20, 3)), CAST(1000.000 AS Decimal(20, 3)))
GO
SET IDENTITY_INSERT [dbo].[agentMembershipCash] OFF
GO
SET IDENTITY_INSERT [dbo].[agents] ON 
GO
INSERT [dbo].[agents] ([agentId], [pointId], [name], [code], [company], [address], [email], [phone], [mobile], [image], [type], [accType], [balance], [balanceType], [createDate], [updateDate], [createUserId], [updateUserId], [notes], [isActive], [fax], [maxDeserve], [isLimited], [payType], [canReserve], [disallowReason], [residentSecId], [GPSAddress], [membershipId]) VALUES (10, NULL, N'   ', N'v-000001', N'', N'dsasddd', N'sdasda@ge.cm', N'+966-2-222222222', N'+965-222222222', N'0f26776e0a524c7d2b6b5f771d500980.png', N'v', N'', CAST(500.000 AS Decimal(20, 3)), 1, CAST(N'2022-03-03T13:42:47.9847248' AS DateTime2), CAST(N'2022-04-13T16:13:41.6882205' AS DateTime2), 2, 18, N'wdddddddd', 1, N'+973--222222222', CAST(0.000 AS Decimal(20, 3)), 0, N'cash', 0, NULL, NULL, NULL, NULL)
GO
INSERT [dbo].[agents] ([agentId], [pointId], [name], [code], [company], [address], [email], [phone], [mobile], [image], [type], [accType], [balance], [balanceType], [createDate], [updateDate], [createUserId], [updateUserId], [notes], [isActive], [fax], [maxDeserve], [isLimited], [payType], [canReserve], [disallowReason], [residentSecId], [GPSAddress], [membershipId]) VALUES (12, NULL, N'   ', N'v-000003', N'', N'dsasddd', N'sdasda@ge.cm', N'+963-14-555555555', N'+961-222222222', N'0731f29a7d8c55ddab810a076d078aff.png', N'v', N'', CAST(0.000 AS Decimal(20, 3)), 0, CAST(N'2022-03-03T13:42:58.2701896' AS DateTime2), CAST(N'2022-03-05T15:41:30.2730372' AS DateTime2), 2, 18, N'wdddddddd', 1, N'+213-24-555555555', CAST(0.000 AS Decimal(20, 3)), 0, N'card', 0, NULL, NULL, NULL, NULL)
GO
INSERT [dbo].[agents] ([agentId], [pointId], [name], [code], [company], [address], [email], [phone], [mobile], [image], [type], [accType], [balance], [balanceType], [createDate], [updateDate], [createUserId], [updateUserId], [notes], [isActive], [fax], [maxDeserve], [isLimited], [payType], [canReserve], [disallowReason], [residentSecId], [GPSAddress], [membershipId]) VALUES (16, NULL, N'  ', N'v-000004', N'', N'dsasddd', N'sdasda@ge.cm', N'+963-14-555555555', N'+961-222222222', N'4361139d4379eb98f913441815402fe6.png', N'v', N'', CAST(0.000 AS Decimal(20, 3)), 0, CAST(N'2022-03-05T15:41:52.7409517' AS DateTime2), CAST(N'2022-03-27T18:10:18.3697123' AS DateTime2), 18, 23, N'wdddddddd', 1, N'+213-24-555555555', CAST(0.000 AS Decimal(20, 3)), 0, N'multiple', 0, NULL, NULL, NULL, NULL)
GO
INSERT [dbo].[agents] ([agentId], [pointId], [name], [code], [company], [address], [email], [phone], [mobile], [image], [type], [accType], [balance], [balanceType], [createDate], [updateDate], [createUserId], [updateUserId], [notes], [isActive], [fax], [maxDeserve], [isLimited], [payType], [canReserve], [disallowReason], [residentSecId], [GPSAddress], [membershipId]) VALUES (17, NULL, N'  ', N'v-000005', N'', N'', N'', NULL, N'+966-999999999', N'5dee7ade7f7ceefa02cc62d1d5961622.png', N'v', N'', CAST(0.000 AS Decimal(20, 3)), 0, CAST(N'2022-03-05T15:42:16.4325927' AS DateTime2), CAST(N'2022-03-05T15:42:22.4734337' AS DateTime2), 18, 18, N'', 1, NULL, CAST(0.000 AS Decimal(20, 3)), 0, N'card', 0, NULL, NULL, NULL, NULL)
GO
INSERT [dbo].[agents] ([agentId], [pointId], [name], [code], [company], [address], [email], [phone], [mobile], [image], [type], [accType], [balance], [balanceType], [createDate], [updateDate], [createUserId], [updateUserId], [notes], [isActive], [fax], [maxDeserve], [isLimited], [payType], [canReserve], [disallowReason], [residentSecId], [GPSAddress], [membershipId]) VALUES (18, NULL, N'  ', N'c-000001', N'', N'', N'', NULL, N'+966-999999999', NULL, N'c', N'', CAST(0.000 AS Decimal(20, 3)), 0, CAST(N'2022-03-05T15:43:19.3014543' AS DateTime2), CAST(N'2022-03-05T15:43:19.3014543' AS DateTime2), 18, 18, N'', 1, NULL, CAST(10000.000 AS Decimal(20, 3)), 1, N'cash', 1, N'', 1, N'', 10)
GO
INSERT [dbo].[agents] ([agentId], [pointId], [name], [code], [company], [address], [email], [phone], [mobile], [image], [type], [accType], [balance], [balanceType], [createDate], [updateDate], [createUserId], [updateUserId], [notes], [isActive], [fax], [maxDeserve], [isLimited], [payType], [canReserve], [disallowReason], [residentSecId], [GPSAddress], [membershipId]) VALUES (19, NULL, N'  ', N'c-000002', N'', N'', N'', NULL, N'+966-101010101', NULL, N'c', N'', CAST(0.000 AS Decimal(20, 3)), 0, CAST(N'2022-03-05T15:43:54.5152810' AS DateTime2), CAST(N'2022-03-05T15:43:54.5152810' AS DateTime2), 18, 18, N'', 1, NULL, CAST(10000.000 AS Decimal(20, 3)), 0, N'card', 1, N'', 2, N'', 11)
GO
INSERT [dbo].[agents] ([agentId], [pointId], [name], [code], [company], [address], [email], [phone], [mobile], [image], [type], [accType], [balance], [balanceType], [createDate], [updateDate], [createUserId], [updateUserId], [notes], [isActive], [fax], [maxDeserve], [isLimited], [payType], [canReserve], [disallowReason], [residentSecId], [GPSAddress], [membershipId]) VALUES (20, NULL, N'  ', N'c-000003', N'', N'', N'', NULL, N'+966-111111111', NULL, N'c', N'', CAST(0.000 AS Decimal(20, 3)), 0, CAST(N'2022-03-05T15:44:32.6492970' AS DateTime2), CAST(N'2022-03-05T15:44:32.6492970' AS DateTime2), 18, 18, N'', 1, NULL, CAST(50000.000 AS Decimal(20, 3)), 1, N'balance', 0, N'', 3, N'', 12)
GO
INSERT [dbo].[agents] ([agentId], [pointId], [name], [code], [company], [address], [email], [phone], [mobile], [image], [type], [accType], [balance], [balanceType], [createDate], [updateDate], [createUserId], [updateUserId], [notes], [isActive], [fax], [maxDeserve], [isLimited], [payType], [canReserve], [disallowReason], [residentSecId], [GPSAddress], [membershipId]) VALUES (21, NULL, N'  ', N'c-000004', N'', N'', N'', NULL, N'+965-131313131', N'90f607ba318fce94cafe1571617d1b6c.png', N'c', N'', CAST(0.000 AS Decimal(20, 3)), 0, CAST(N'2022-03-05T15:45:06.5616019' AS DateTime2), CAST(N'2022-03-05T15:45:06.5616019' AS DateTime2), 18, 18, N'', 1, NULL, CAST(0.000 AS Decimal(20, 3)), 0, N'cash', 0, N'', NULL, N'', 13)
GO
INSERT [dbo].[agents] ([agentId], [pointId], [name], [code], [company], [address], [email], [phone], [mobile], [image], [type], [accType], [balance], [balanceType], [createDate], [updateDate], [createUserId], [updateUserId], [notes], [isActive], [fax], [maxDeserve], [isLimited], [payType], [canReserve], [disallowReason], [residentSecId], [GPSAddress], [membershipId]) VALUES (22, NULL, N'name 3', N'c-000005', N'com 3', N'address', N'dsad@ewea.vg', N'+963-15-334324234', N'+965-151515115', N'77d0501bbf02ad459f88ab4b7531b14d.jpg', N'c', N'', CAST(0.000 AS Decimal(20, 3)), 0, CAST(N'2022-04-07T15:14:41.5522047' AS DateTime2), CAST(N'2022-04-07T15:44:19.2835717' AS DateTime2), 18, 18, N'sfasfasf', 1, N'+966-1-324324324', CAST(15000.000 AS Decimal(20, 3)), 1, N'balance', 1, N'', 1, N'+261561651,-165161616', NULL)
GO
INSERT [dbo].[agents] ([agentId], [pointId], [name], [code], [company], [address], [email], [phone], [mobile], [image], [type], [accType], [balance], [balanceType], [createDate], [updateDate], [createUserId], [updateUserId], [notes], [isActive], [fax], [maxDeserve], [isLimited], [payType], [canReserve], [disallowReason], [residentSecId], [GPSAddress], [membershipId]) VALUES (23, NULL, N'test6', N'c-000006', N'', N'', N'', NULL, N'+965-444444444', N'e8a124154d6b4436a9d47827fcd24d4d.jpg', N'c', N'', CAST(0.000 AS Decimal(20, 3)), 0, CAST(N'2022-04-07T15:22:33.6603786' AS DateTime2), CAST(N'2022-04-07T16:05:22.1626922' AS DateTime2), 18, 18, N'', 1, NULL, CAST(0.000 AS Decimal(20, 3)), 0, N'', 0, N'', NULL, N'', NULL)
GO
INSERT [dbo].[agents] ([agentId], [pointId], [name], [code], [company], [address], [email], [phone], [mobile], [image], [type], [accType], [balance], [balanceType], [createDate], [updateDate], [createUserId], [updateUserId], [notes], [isActive], [fax], [maxDeserve], [isLimited], [payType], [canReserve], [disallowReason], [residentSecId], [GPSAddress], [membershipId]) VALUES (24, NULL, N'Hello', N'v-000006', N'test ', N'324324324', N'4gfddz@fas.mj', N'+961-1-5252525', N'+968-325235325', N'3f85263e6e6e21f6a4057fab7f956f1b.jpg', N'v', N'', CAST(0.000 AS Decimal(20, 3)), 0, CAST(N'2022-04-07T15:49:07.8989210' AS DateTime2), CAST(N'2022-04-07T15:53:01.0676521' AS DateTime2), 18, 18, N'lkjh', 1, N'+966-2-255252', CAST(0.000 AS Decimal(20, 3)), 0, N'card', 0, N'', NULL, N'', NULL)
GO
INSERT [dbo].[agents] ([agentId], [pointId], [name], [code], [company], [address], [email], [phone], [mobile], [image], [type], [accType], [balance], [balanceType], [createDate], [updateDate], [createUserId], [updateUserId], [notes], [isActive], [fax], [maxDeserve], [isLimited], [payType], [canReserve], [disallowReason], [residentSecId], [GPSAddress], [membershipId]) VALUES (25, NULL, N' 1', N'c-000007', N'', N'', N'', N'+965--222222222', N'+966-878787878', NULL, N'c', N'', CAST(0.000 AS Decimal(20, 3)), 0, CAST(N'2022-04-11T16:46:48.1736247' AS DateTime2), CAST(N'2022-04-11T16:46:48.1736247' AS DateTime2), 18, 18, N'', 1, NULL, CAST(0.000 AS Decimal(20, 3)), 0, N'cash', 0, N'', 2, N'', 13)
GO
INSERT [dbo].[agents] ([agentId], [pointId], [name], [code], [company], [address], [email], [phone], [mobile], [image], [type], [accType], [balance], [balanceType], [createDate], [updateDate], [createUserId], [updateUserId], [notes], [isActive], [fax], [maxDeserve], [isLimited], [payType], [canReserve], [disallowReason], [residentSecId], [GPSAddress], [membershipId]) VALUES (26, NULL, N' 2', N'c-000008', N'', N'', N'', N'+965--222222222', N'+966-878787878', NULL, N'c', N'', CAST(0.000 AS Decimal(20, 3)), 0, CAST(N'2022-04-11T16:47:23.2926797' AS DateTime2), CAST(N'2022-04-11T16:47:23.2926797' AS DateTime2), 18, 18, N'', 1, NULL, CAST(10000.000 AS Decimal(20, 3)), 1, N'card', 1, N'', 1, N'', 10)
GO
INSERT [dbo].[agents] ([agentId], [pointId], [name], [code], [company], [address], [email], [phone], [mobile], [image], [type], [accType], [balance], [balanceType], [createDate], [updateDate], [createUserId], [updateUserId], [notes], [isActive], [fax], [maxDeserve], [isLimited], [payType], [canReserve], [disallowReason], [residentSecId], [GPSAddress], [membershipId]) VALUES (27, NULL, N' 3', N'c-000009', N'', N'', N'', N'+965--222222222', N'+966-878787878', NULL, N'c', N'', CAST(0.000 AS Decimal(20, 3)), 0, CAST(N'2022-04-11T16:47:46.1625155' AS DateTime2), CAST(N'2022-04-11T16:47:46.1625155' AS DateTime2), 18, 18, N'', 1, NULL, CAST(5000.000 AS Decimal(20, 3)), 1, N'balance', 1, N'', 3, N'', 12)
GO
INSERT [dbo].[agents] ([agentId], [pointId], [name], [code], [company], [address], [email], [phone], [mobile], [image], [type], [accType], [balance], [balanceType], [createDate], [updateDate], [createUserId], [updateUserId], [notes], [isActive], [fax], [maxDeserve], [isLimited], [payType], [canReserve], [disallowReason], [residentSecId], [GPSAddress], [membershipId]) VALUES (28, NULL, N' 4', N'c-000010', N'', N'', N'', N'+965--222222222', N'+966-878787878', NULL, N'c', N'', CAST(0.000 AS Decimal(20, 3)), 0, CAST(N'2022-04-11T16:48:04.3817941' AS DateTime2), CAST(N'2022-04-11T16:48:04.3817941' AS DateTime2), 18, 18, N'', 1, NULL, CAST(0.000 AS Decimal(20, 3)), 1, N'card', 0, N'', 2, N'', 11)
GO
SET IDENTITY_INSERT [dbo].[agents] OFF
GO
SET IDENTITY_INSERT [dbo].[banks] ON 
GO
INSERT [dbo].[banks] ([bankId], [name], [phone], [mobile], [address], [accNumber], [notes], [createDate], [updateDate], [createUserId], [updateUserId], [isActive]) VALUES (1, N'name 2', N'+971-3-999229999', N'+965-942222444', N'address 2', N'acc 2', N'note 2', CAST(N'2021-12-01T14:00:50.7209079' AS DateTime2), CAST(N'2021-12-01T14:29:06.7921061' AS DateTime2), 2, 2, 1)
GO
INSERT [dbo].[banks] ([bankId], [name], [phone], [mobile], [address], [accNumber], [notes], [createDate], [updateDate], [createUserId], [updateUserId], [isActive]) VALUES (3, N'name4', N'+971-7-933333399', N'+965-943333344', N'address 3', N'acc 4', N'note 3', CAST(N'2021-12-01T14:29:56.8557571' AS DateTime2), CAST(N'2021-12-01T14:29:56.8557571' AS DateTime2), 2, 2, 1)
GO
INSERT [dbo].[banks] ([bankId], [name], [phone], [mobile], [address], [accNumber], [notes], [createDate], [updateDate], [createUserId], [updateUserId], [isActive]) VALUES (4, N'name5', N'+971-7-933333399', N'+965-943333344', N'address 3', N'acc5', N'note 3', CAST(N'2021-12-19T15:03:20.5261852' AS DateTime2), CAST(N'2021-12-19T15:03:20.5261852' AS DateTime2), 2, 2, 1)
GO
INSERT [dbo].[banks] ([bankId], [name], [phone], [mobile], [address], [accNumber], [notes], [createDate], [updateDate], [createUserId], [updateUserId], [isActive]) VALUES (5, N'name1', N'+971-3-999229999', N'+965-942222444', N'address 2', N'acc 2', N'note 2', CAST(N'2022-02-06T15:20:57.1110297' AS DateTime2), CAST(N'2022-02-06T15:20:57.1110297' AS DateTime2), 7, 7, 1)
GO
SET IDENTITY_INSERT [dbo].[banks] OFF
GO
SET IDENTITY_INSERT [dbo].[branches] ON 
GO
INSERT [dbo].[branches] ([branchId], [code], [name], [address], [email], [phone], [mobile], [createDate], [updateDate], [createUserId], [updateUserId], [notes], [parentId], [isActive], [type]) VALUES (1, N'00', N'-', NULL, NULL, NULL, NULL, NULL, NULL, 1, 1, NULL, NULL, 1, N'bs')
GO
INSERT [dbo].[branches] ([branchId], [code], [name], [address], [email], [phone], [mobile], [createDate], [updateDate], [createUserId], [updateUserId], [notes], [parentId], [isActive], [type]) VALUES (2, N'B_JM', N'', N'', N'', N'', N'+965-99999999', CAST(N'2021-06-29T15:23:22.3414329' AS DateTime2), CAST(N'2022-03-03T14:08:19.5424096' AS DateTime2), 1, 2, N'', 1, 1, N'b')
GO
INSERT [dbo].[branches] ([branchId], [code], [name], [address], [email], [phone], [mobile], [createDate], [updateDate], [createUserId], [updateUserId], [notes], [parentId], [isActive], [type]) VALUES (10, N'Al-FK-B', N' ', N'', N'', NULL, N'+965-999999999', CAST(N'2022-03-14T18:19:14.6380609' AS DateTime2), CAST(N'2022-03-14T18:19:14.6380609' AS DateTime2), 18, 18, N'', 1, 1, N'b')
GO
INSERT [dbo].[branches] ([branchId], [code], [name], [address], [email], [phone], [mobile], [createDate], [updateDate], [createUserId], [updateUserId], [notes], [parentId], [isActive], [type]) VALUES (11, N'Al-AD-B', N' ', N'', N'', NULL, N'+965-999999999', CAST(N'2022-03-14T18:19:34.6934264' AS DateTime2), CAST(N'2022-03-14T18:19:34.6934264' AS DateTime2), 18, 18, N'', 1, 1, N'b')
GO
INSERT [dbo].[branches] ([branchId], [code], [name], [address], [email], [phone], [mobile], [createDate], [updateDate], [createUserId], [updateUserId], [notes], [parentId], [isActive], [type]) VALUES (12, N'Al-JM1-S', N'  ', N'', N'', NULL, N'+966-101010101', CAST(N'2022-03-14T18:21:35.5534405' AS DateTime2), CAST(N'2022-03-14T18:21:35.5534405' AS DateTime2), 18, 18, N'', 2, 1, N's')
GO
INSERT [dbo].[branches] ([branchId], [code], [name], [address], [email], [phone], [mobile], [createDate], [updateDate], [createUserId], [updateUserId], [notes], [parentId], [isActive], [type]) VALUES (13, N'DM-MA-S', N' ', N'', N'', NULL, N'+966-141414141', CAST(N'2022-03-14T18:21:57.6194337' AS DateTime2), CAST(N'2022-03-14T18:21:57.6194337' AS DateTime2), 18, 18, N'', 1, 1, N's')
GO
INSERT [dbo].[branches] ([branchId], [code], [name], [address], [email], [phone], [mobile], [createDate], [updateDate], [createUserId], [updateUserId], [notes], [parentId], [isActive], [type]) VALUES (14, N'HA-KL-S', N' ', N'', N'', NULL, N'+965-151515151', CAST(N'2022-03-14T18:22:17.1771249' AS DateTime2), CAST(N'2022-03-14T18:22:17.1771249' AS DateTime2), 18, 18, N'', 1, 1, N's')
GO
INSERT [dbo].[branches] ([branchId], [code], [name], [address], [email], [phone], [mobile], [createDate], [updateDate], [createUserId], [updateUserId], [notes], [parentId], [isActive], [type]) VALUES (15, N'test', N'test', N'', N'', NULL, N'+966-561561651', CAST(N'2022-03-15T13:39:20.1100001' AS DateTime2), CAST(N'2022-03-15T13:39:20.1100001' AS DateTime2), 18, 18, N'', 1, 1, N'b')
GO
SET IDENTITY_INSERT [dbo].[branches] OFF
GO
SET IDENTITY_INSERT [dbo].[branchStore] ON 
GO
INSERT [dbo].[branchStore] ([id], [branchId], [storeId], [notes], [createDate], [updateDate], [createUserId], [updateUserId], [isActive]) VALUES (28, 2, 2, NULL, CAST(N'2022-03-15T12:03:45.5387002' AS DateTime2), CAST(N'2022-03-15T12:03:45.5387002' AS DateTime2), 17, 17, 1)
GO
INSERT [dbo].[branchStore] ([id], [branchId], [storeId], [notes], [createDate], [updateDate], [createUserId], [updateUserId], [isActive]) VALUES (29, 2, 10, NULL, CAST(N'2022-03-15T12:03:45.5446818' AS DateTime2), CAST(N'2022-03-15T12:03:45.5446818' AS DateTime2), 17, 17, 1)
GO
INSERT [dbo].[branchStore] ([id], [branchId], [storeId], [notes], [createDate], [updateDate], [createUserId], [updateUserId], [isActive]) VALUES (30, 2, 11, NULL, CAST(N'2022-03-15T12:03:45.5446818' AS DateTime2), CAST(N'2022-03-15T12:03:45.5446818' AS DateTime2), 17, 17, 1)
GO
INSERT [dbo].[branchStore] ([id], [branchId], [storeId], [notes], [createDate], [updateDate], [createUserId], [updateUserId], [isActive]) VALUES (31, 2, 12, NULL, CAST(N'2022-03-15T12:03:45.5456794' AS DateTime2), CAST(N'2022-03-15T12:03:45.5456794' AS DateTime2), 17, 17, 1)
GO
INSERT [dbo].[branchStore] ([id], [branchId], [storeId], [notes], [createDate], [updateDate], [createUserId], [updateUserId], [isActive]) VALUES (32, 2, 13, NULL, CAST(N'2022-03-15T12:03:45.5456794' AS DateTime2), CAST(N'2022-03-15T12:03:45.5456794' AS DateTime2), 17, 17, 1)
GO
INSERT [dbo].[branchStore] ([id], [branchId], [storeId], [notes], [createDate], [updateDate], [createUserId], [updateUserId], [isActive]) VALUES (33, 2, 14, NULL, CAST(N'2022-03-15T12:03:45.5456794' AS DateTime2), CAST(N'2022-03-15T12:03:45.5456794' AS DateTime2), 17, 17, 1)
GO
INSERT [dbo].[branchStore] ([id], [branchId], [storeId], [notes], [createDate], [updateDate], [createUserId], [updateUserId], [isActive]) VALUES (34, 10, 2, NULL, CAST(N'2022-04-17T13:53:03.5404311' AS DateTime2), CAST(N'2022-04-17T13:53:03.5404311' AS DateTime2), 17, 17, 1)
GO
INSERT [dbo].[branchStore] ([id], [branchId], [storeId], [notes], [createDate], [updateDate], [createUserId], [updateUserId], [isActive]) VALUES (35, 10, 10, NULL, CAST(N'2022-04-17T13:53:03.5433958' AS DateTime2), CAST(N'2022-04-17T13:53:03.5433958' AS DateTime2), 17, 17, 1)
GO
SET IDENTITY_INSERT [dbo].[branchStore] OFF
GO
SET IDENTITY_INSERT [dbo].[cards] ON 
GO
INSERT [dbo].[cards] ([cardId], [name], [notes], [createDate], [updateDate], [createUserId], [updateUserId], [isActive], [image], [hasProcessNum]) VALUES (1, N'Visa Card', N'', CAST(N'2021-10-27T17:16:10.0411383' AS DateTime2), CAST(N'2022-02-06T15:29:55.7449781' AS DateTime2), 2, 2, 1, N'57440ff6b80f068efd50410ea24fd593.jfif', 0)
GO
INSERT [dbo].[cards] ([cardId], [name], [notes], [createDate], [updateDate], [createUserId], [updateUserId], [isActive], [image], [hasProcessNum]) VALUES (2, N'Master Card', N'', CAST(N'2021-10-27T17:16:13.3548331' AS DateTime2), CAST(N'2021-11-04T16:19:20.6480239' AS DateTime2), 1, 1, 1, N'c37858823db0093766eee74d8ee1f1e5.png', 1)
GO
INSERT [dbo].[cards] ([cardId], [name], [notes], [createDate], [updateDate], [createUserId], [updateUserId], [isActive], [image], [hasProcessNum]) VALUES (3, N'K-net', N'', CAST(N'2021-10-27T17:17:01.4593550' AS DateTime2), CAST(N'2021-11-20T14:24:01.3276499' AS DateTime2), 1, 1, 1, N'71f020248a405d21e94d1de52043bed4.png', 1)
GO
SET IDENTITY_INSERT [dbo].[cards] OFF
GO
SET IDENTITY_INSERT [dbo].[cashTransfer] ON 
GO
INSERT [dbo].[cashTransfer] ([cashTransId], [agentMembershipsId], [transType], [posId], [userId], [agentId], [invId], [transNum], [createDate], [updateDate], [cash], [updateUserId], [createUserId], [notes], [posIdCreator], [isConfirm], [cashTransIdSource], [side], [docName], [docNum], [docImage], [bankId], [processType], [cardId], [bondId], [shippingCompanyId]) VALUES (280, NULL, N'd', 1, NULL, 26, NULL, N'dc-000001', CAST(N'2022-04-14T16:07:35.3220120' AS DateTime2), CAST(N'2022-04-14T16:07:35.3220120' AS DateTime2), CAST(100000.000 AS Decimal(20, 3)), 18, 18, N'', NULL, 0, NULL, N'c', N'', N'', N'', NULL, N'cash', NULL, NULL, NULL)
GO
INSERT [dbo].[cashTransfer] ([cashTransId], [agentMembershipsId], [transType], [posId], [userId], [agentId], [invId], [transNum], [createDate], [updateDate], [cash], [updateUserId], [createUserId], [notes], [posIdCreator], [isConfirm], [cashTransIdSource], [side], [docName], [docNum], [docImage], [bankId], [processType], [cardId], [bondId], [shippingCompanyId]) VALUES (281, NULL, N'd', 1, NULL, 27, NULL, N'dc-000002', CAST(N'2022-04-14T16:08:33.3919884' AS DateTime2), CAST(N'2022-04-14T16:08:33.3919884' AS DateTime2), CAST(1000.000 AS Decimal(20, 3)), 18, 18, N'', NULL, 0, NULL, N'c', N'', N'', N'', NULL, N'cash', NULL, NULL, NULL)
GO
INSERT [dbo].[cashTransfer] ([cashTransId], [agentMembershipsId], [transType], [posId], [userId], [agentId], [invId], [transNum], [createDate], [updateDate], [cash], [updateUserId], [createUserId], [notes], [posIdCreator], [isConfirm], [cashTransIdSource], [side], [docName], [docNum], [docImage], [bankId], [processType], [cardId], [bondId], [shippingCompanyId]) VALUES (282, NULL, N'd', 1, NULL, 28, NULL, N'dc-000003', CAST(N'2022-04-14T16:08:42.2912319' AS DateTime2), CAST(N'2022-04-14T16:08:42.2912319' AS DateTime2), CAST(1000.000 AS Decimal(20, 3)), 18, 18, N'', NULL, 0, NULL, N'c', N'', N'', N'', NULL, N'cash', NULL, NULL, NULL)
GO
INSERT [dbo].[cashTransfer] ([cashTransId], [agentMembershipsId], [transType], [posId], [userId], [agentId], [invId], [transNum], [createDate], [updateDate], [cash], [updateUserId], [createUserId], [notes], [posIdCreator], [isConfirm], [cashTransIdSource], [side], [docName], [docNum], [docImage], [bankId], [processType], [cardId], [bondId], [shippingCompanyId]) VALUES (283, NULL, N'd', 1, NULL, NULL, 280, N'dv-000001', CAST(N'2022-04-16T14:29:17.2343175' AS DateTime2), CAST(N'2022-04-16T14:29:17.2343175' AS DateTime2), CAST(1000.000 AS Decimal(20, 3)), 17, 17, NULL, NULL, 0, NULL, N'v', NULL, NULL, NULL, NULL, N'inv', NULL, NULL, NULL)
GO
INSERT [dbo].[cashTransfer] ([cashTransId], [agentMembershipsId], [transType], [posId], [userId], [agentId], [invId], [transNum], [createDate], [updateDate], [cash], [updateUserId], [createUserId], [notes], [posIdCreator], [isConfirm], [cashTransIdSource], [side], [docName], [docNum], [docImage], [bankId], [processType], [cardId], [bondId], [shippingCompanyId]) VALUES (284, NULL, N'p', 1, NULL, NULL, 280, N'pv-000001', CAST(N'2022-04-16T14:29:17.4756701' AS DateTime2), CAST(N'2022-04-16T14:29:17.4756701' AS DateTime2), CAST(1000.000 AS Decimal(20, 3)), 17, 17, NULL, NULL, 0, NULL, N'v', NULL, NULL, NULL, NULL, N'cash', NULL, NULL, NULL)
GO
INSERT [dbo].[cashTransfer] ([cashTransId], [agentMembershipsId], [transType], [posId], [userId], [agentId], [invId], [transNum], [createDate], [updateDate], [cash], [updateUserId], [createUserId], [notes], [posIdCreator], [isConfirm], [cashTransIdSource], [side], [docName], [docNum], [docImage], [bankId], [processType], [cardId], [bondId], [shippingCompanyId]) VALUES (285, NULL, N'p', 1, NULL, 20, 282, N'pc-000001', CAST(N'2022-04-16T16:39:06.2028574' AS DateTime2), CAST(N'2022-04-16T16:39:06.2028574' AS DateTime2), CAST(15750.000 AS Decimal(20, 3)), 2, 2, NULL, NULL, 0, NULL, N'c', NULL, NULL, NULL, NULL, N'inv', NULL, NULL, NULL)
GO
INSERT [dbo].[cashTransfer] ([cashTransId], [agentMembershipsId], [transType], [posId], [userId], [agentId], [invId], [transNum], [createDate], [updateDate], [cash], [updateUserId], [createUserId], [notes], [posIdCreator], [isConfirm], [cashTransIdSource], [side], [docName], [docNum], [docImage], [bankId], [processType], [cardId], [bondId], [shippingCompanyId]) VALUES (286, NULL, N'd', 1, NULL, 20, 282, N'dc-000004', CAST(N'2022-04-16T16:39:06.4258894' AS DateTime2), CAST(N'2022-04-16T16:39:06.4258894' AS DateTime2), CAST(15750.000 AS Decimal(20, 3)), 2, 2, NULL, NULL, 0, NULL, N'c', NULL, NULL, NULL, NULL, N'cash', NULL, NULL, NULL)
GO
INSERT [dbo].[cashTransfer] ([cashTransId], [agentMembershipsId], [transType], [posId], [userId], [agentId], [invId], [transNum], [createDate], [updateDate], [cash], [updateUserId], [createUserId], [notes], [posIdCreator], [isConfirm], [cashTransIdSource], [side], [docName], [docNum], [docImage], [bankId], [processType], [cardId], [bondId], [shippingCompanyId]) VALUES (287, NULL, N'p', 1, NULL, 18, 277, N'pc-000002', CAST(N'2022-04-16T16:39:44.0980136' AS DateTime2), CAST(N'2022-04-16T16:39:44.0980136' AS DateTime2), CAST(21375.000 AS Decimal(20, 3)), 2, 2, NULL, NULL, 0, NULL, N'c', NULL, NULL, NULL, NULL, N'inv', NULL, NULL, NULL)
GO
INSERT [dbo].[cashTransfer] ([cashTransId], [agentMembershipsId], [transType], [posId], [userId], [agentId], [invId], [transNum], [createDate], [updateDate], [cash], [updateUserId], [createUserId], [notes], [posIdCreator], [isConfirm], [cashTransIdSource], [side], [docName], [docNum], [docImage], [bankId], [processType], [cardId], [bondId], [shippingCompanyId]) VALUES (288, NULL, N'd', 1, NULL, NULL, 290, N'dv-000002', CAST(N'2022-04-17T11:57:03.5956157' AS DateTime2), CAST(N'2022-04-17T11:57:03.5956157' AS DateTime2), CAST(10000.000 AS Decimal(20, 3)), 17, 17, NULL, NULL, 0, NULL, N'v', NULL, NULL, NULL, NULL, N'inv', NULL, NULL, NULL)
GO
INSERT [dbo].[cashTransfer] ([cashTransId], [agentMembershipsId], [transType], [posId], [userId], [agentId], [invId], [transNum], [createDate], [updateDate], [cash], [updateUserId], [createUserId], [notes], [posIdCreator], [isConfirm], [cashTransIdSource], [side], [docName], [docNum], [docImage], [bankId], [processType], [cardId], [bondId], [shippingCompanyId]) VALUES (289, NULL, N'p', 1, NULL, NULL, 290, N'pv-000002', CAST(N'2022-04-17T11:57:03.8468897' AS DateTime2), CAST(N'2022-04-17T11:57:03.8468897' AS DateTime2), CAST(10000.000 AS Decimal(20, 3)), 17, 17, NULL, NULL, 0, NULL, N'v', NULL, NULL, NULL, NULL, N'cash', NULL, NULL, NULL)
GO
INSERT [dbo].[cashTransfer] ([cashTransId], [agentMembershipsId], [transType], [posId], [userId], [agentId], [invId], [transNum], [createDate], [updateDate], [cash], [updateUserId], [createUserId], [notes], [posIdCreator], [isConfirm], [cashTransIdSource], [side], [docName], [docNum], [docImage], [bankId], [processType], [cardId], [bondId], [shippingCompanyId]) VALUES (290, NULL, N'd', 1, NULL, NULL, 291, N'dv-000003', CAST(N'2022-04-17T11:57:30.9843040' AS DateTime2), CAST(N'2022-04-17T11:57:30.9843040' AS DateTime2), CAST(25000.000 AS Decimal(20, 3)), 17, 17, NULL, NULL, 0, NULL, N'v', NULL, NULL, NULL, NULL, N'inv', NULL, NULL, NULL)
GO
INSERT [dbo].[cashTransfer] ([cashTransId], [agentMembershipsId], [transType], [posId], [userId], [agentId], [invId], [transNum], [createDate], [updateDate], [cash], [updateUserId], [createUserId], [notes], [posIdCreator], [isConfirm], [cashTransIdSource], [side], [docName], [docNum], [docImage], [bankId], [processType], [cardId], [bondId], [shippingCompanyId]) VALUES (291, NULL, N'p', 1, NULL, NULL, 291, N'pv-000003', CAST(N'2022-04-17T11:57:31.1548461' AS DateTime2), CAST(N'2022-04-17T11:57:31.1548461' AS DateTime2), CAST(25000.000 AS Decimal(20, 3)), 17, 17, NULL, NULL, 0, NULL, N'v', NULL, NULL, NULL, NULL, N'cash', NULL, NULL, NULL)
GO
INSERT [dbo].[cashTransfer] ([cashTransId], [agentMembershipsId], [transType], [posId], [userId], [agentId], [invId], [transNum], [createDate], [updateDate], [cash], [updateUserId], [createUserId], [notes], [posIdCreator], [isConfirm], [cashTransIdSource], [side], [docName], [docNum], [docImage], [bankId], [processType], [cardId], [bondId], [shippingCompanyId]) VALUES (292, NULL, N'd', 1, NULL, NULL, 292, N'dv-000004', CAST(N'2022-04-17T11:57:50.7524645' AS DateTime2), CAST(N'2022-04-17T11:57:50.7524645' AS DateTime2), CAST(10000.000 AS Decimal(20, 3)), 17, 17, NULL, NULL, 0, NULL, N'v', NULL, NULL, NULL, NULL, N'inv', NULL, NULL, NULL)
GO
INSERT [dbo].[cashTransfer] ([cashTransId], [agentMembershipsId], [transType], [posId], [userId], [agentId], [invId], [transNum], [createDate], [updateDate], [cash], [updateUserId], [createUserId], [notes], [posIdCreator], [isConfirm], [cashTransIdSource], [side], [docName], [docNum], [docImage], [bankId], [processType], [cardId], [bondId], [shippingCompanyId]) VALUES (293, NULL, N'p', 1, NULL, NULL, 292, N'pv-000004', CAST(N'2022-04-17T11:57:50.9250029' AS DateTime2), CAST(N'2022-04-17T11:57:50.9250029' AS DateTime2), CAST(10000.000 AS Decimal(20, 3)), 17, 17, NULL, NULL, 0, NULL, N'v', NULL, NULL, NULL, NULL, N'cash', NULL, NULL, NULL)
GO
INSERT [dbo].[cashTransfer] ([cashTransId], [agentMembershipsId], [transType], [posId], [userId], [agentId], [invId], [transNum], [createDate], [updateDate], [cash], [updateUserId], [createUserId], [notes], [posIdCreator], [isConfirm], [cashTransIdSource], [side], [docName], [docNum], [docImage], [bankId], [processType], [cardId], [bondId], [shippingCompanyId]) VALUES (294, NULL, N'd', 6, NULL, NULL, 308, N'dv-000005', CAST(N'2022-04-17T13:46:38.0030535' AS DateTime2), CAST(N'2022-04-17T13:46:38.0030535' AS DateTime2), CAST(6400.000 AS Decimal(20, 3)), 17, 17, NULL, NULL, 0, NULL, N'v', NULL, NULL, NULL, NULL, N'inv', NULL, NULL, NULL)
GO
INSERT [dbo].[cashTransfer] ([cashTransId], [agentMembershipsId], [transType], [posId], [userId], [agentId], [invId], [transNum], [createDate], [updateDate], [cash], [updateUserId], [createUserId], [notes], [posIdCreator], [isConfirm], [cashTransIdSource], [side], [docName], [docNum], [docImage], [bankId], [processType], [cardId], [bondId], [shippingCompanyId]) VALUES (295, NULL, N'p', 6, NULL, NULL, 308, N'pv-000005', CAST(N'2022-04-17T13:46:38.1885562' AS DateTime2), CAST(N'2022-04-17T13:46:38.1885562' AS DateTime2), CAST(6400.000 AS Decimal(20, 3)), 17, 17, NULL, NULL, 0, NULL, N'v', NULL, NULL, NULL, NULL, N'cash', NULL, NULL, NULL)
GO
INSERT [dbo].[cashTransfer] ([cashTransId], [agentMembershipsId], [transType], [posId], [userId], [agentId], [invId], [transNum], [createDate], [updateDate], [cash], [updateUserId], [createUserId], [notes], [posIdCreator], [isConfirm], [cashTransIdSource], [side], [docName], [docNum], [docImage], [bankId], [processType], [cardId], [bondId], [shippingCompanyId]) VALUES (296, NULL, N'd', 6, NULL, NULL, 310, N'dv-000006', CAST(N'2022-04-17T13:56:36.2208160' AS DateTime2), CAST(N'2022-04-17T13:56:36.2208160' AS DateTime2), CAST(1500.000 AS Decimal(20, 3)), 17, 17, NULL, NULL, 0, NULL, N'v', NULL, NULL, NULL, NULL, N'inv', NULL, NULL, NULL)
GO
INSERT [dbo].[cashTransfer] ([cashTransId], [agentMembershipsId], [transType], [posId], [userId], [agentId], [invId], [transNum], [createDate], [updateDate], [cash], [updateUserId], [createUserId], [notes], [posIdCreator], [isConfirm], [cashTransIdSource], [side], [docName], [docNum], [docImage], [bankId], [processType], [cardId], [bondId], [shippingCompanyId]) VALUES (297, NULL, N'p', 6, NULL, NULL, 310, N'pv-000006', CAST(N'2022-04-17T13:56:36.4115637' AS DateTime2), CAST(N'2022-04-17T13:56:36.4115637' AS DateTime2), CAST(1500.000 AS Decimal(20, 3)), 17, 17, NULL, NULL, 0, NULL, N'v', NULL, NULL, NULL, NULL, N'cash', NULL, NULL, NULL)
GO
INSERT [dbo].[cashTransfer] ([cashTransId], [agentMembershipsId], [transType], [posId], [userId], [agentId], [invId], [transNum], [createDate], [updateDate], [cash], [updateUserId], [createUserId], [notes], [posIdCreator], [isConfirm], [cashTransIdSource], [side], [docName], [docNum], [docImage], [bankId], [processType], [cardId], [bondId], [shippingCompanyId]) VALUES (298, NULL, N'p', 1, NULL, 18, 314, N'pc-000003', CAST(N'2022-04-17T14:57:14.4358361' AS DateTime2), CAST(N'2022-04-17T14:57:14.4358361' AS DateTime2), CAST(5625.000 AS Decimal(20, 3)), 2, 2, NULL, NULL, 0, NULL, N'c', NULL, NULL, NULL, NULL, N'inv', NULL, NULL, NULL)
GO
INSERT [dbo].[cashTransfer] ([cashTransId], [agentMembershipsId], [transType], [posId], [userId], [agentId], [invId], [transNum], [createDate], [updateDate], [cash], [updateUserId], [createUserId], [notes], [posIdCreator], [isConfirm], [cashTransIdSource], [side], [docName], [docNum], [docImage], [bankId], [processType], [cardId], [bondId], [shippingCompanyId]) VALUES (299, NULL, N'd', 1, NULL, 18, 314, N'dc-000005', CAST(N'2022-04-17T14:57:14.5146249' AS DateTime2), CAST(N'2022-04-17T14:57:14.5146249' AS DateTime2), CAST(5625.000 AS Decimal(20, 3)), 2, 2, NULL, NULL, 0, NULL, N'c', NULL, N'', NULL, NULL, N'card', 1, NULL, NULL)
GO
INSERT [dbo].[cashTransfer] ([cashTransId], [agentMembershipsId], [transType], [posId], [userId], [agentId], [invId], [transNum], [createDate], [updateDate], [cash], [updateUserId], [createUserId], [notes], [posIdCreator], [isConfirm], [cashTransIdSource], [side], [docName], [docNum], [docImage], [bankId], [processType], [cardId], [bondId], [shippingCompanyId]) VALUES (300, NULL, N'p', 1, NULL, 10, NULL, N'pv-000007', CAST(N'2022-04-17T15:19:45.1913382' AS DateTime2), CAST(N'2022-04-17T15:19:45.1913382' AS DateTime2), CAST(500.000 AS Decimal(20, 3)), 18, 18, N'', NULL, 0, NULL, N'v', NULL, N'', NULL, NULL, N'card', 1, NULL, NULL)
GO
SET IDENTITY_INSERT [dbo].[cashTransfer] OFF
GO
SET IDENTITY_INSERT [dbo].[categories] ON 
GO
INSERT [dbo].[categories] ([categoryId], [categoryCode], [name], [details], [image], [isActive], [taxes], [createDate], [updateDate], [createUserId], [updateUserId], [notes], [type]) VALUES (4, N'appetizers', N'appetizers', N'', NULL, 1, CAST(0.000 AS Decimal(20, 3)), CAST(N'2000-01-01T00:00:00.0000000' AS DateTime2), CAST(N'2000-01-01T00:00:00.0000000' AS DateTime2), NULL, NULL, N'', N's')
GO
INSERT [dbo].[categories] ([categoryId], [categoryCode], [name], [details], [image], [isActive], [taxes], [createDate], [updateDate], [createUserId], [updateUserId], [notes], [type]) VALUES (5, N'beverages', N'beverages', N'', NULL, 1, CAST(0.000 AS Decimal(20, 3)), CAST(N'2000-01-01T00:00:00.0000000' AS DateTime2), CAST(N'2000-01-01T00:00:00.0000000' AS DateTime2), NULL, NULL, N'', N's')
GO
INSERT [dbo].[categories] ([categoryId], [categoryCode], [name], [details], [image], [isActive], [taxes], [createDate], [updateDate], [createUserId], [updateUserId], [notes], [type]) VALUES (6, N'fastFood', N'fastFood', N'', NULL, 1, CAST(0.000 AS Decimal(20, 3)), CAST(N'2000-01-01T00:00:00.0000000' AS DateTime2), CAST(N'2000-01-01T00:00:00.0000000' AS DateTime2), NULL, NULL, N'', N's')
GO
INSERT [dbo].[categories] ([categoryId], [categoryCode], [name], [details], [image], [isActive], [taxes], [createDate], [updateDate], [createUserId], [updateUserId], [notes], [type]) VALUES (7, N'mainCourses', N'mainCourses', N'', NULL, 1, CAST(0.000 AS Decimal(20, 3)), CAST(N'2000-01-01T00:00:00.0000000' AS DateTime2), CAST(N'2000-01-01T00:00:00.0000000' AS DateTime2), NULL, NULL, N'', N's')
GO
INSERT [dbo].[categories] ([categoryId], [categoryCode], [name], [details], [image], [isActive], [taxes], [createDate], [updateDate], [createUserId], [updateUserId], [notes], [type]) VALUES (8, N'desserts', N'desserts', N'', NULL, 1, CAST(0.000 AS Decimal(20, 3)), CAST(N'2000-01-01T00:00:00.0000000' AS DateTime2), CAST(N'2000-01-01T00:00:00.0000000' AS DateTime2), NULL, NULL, N'', N's')
GO
INSERT [dbo].[categories] ([categoryId], [categoryCode], [name], [details], [image], [isActive], [taxes], [createDate], [updateDate], [createUserId], [updateUserId], [notes], [type]) VALUES (9, N'RawMaterials', N'RawMaterials', N'', N'6eaba1dc3c031faf262149c058fea728.jfif', 1, CAST(0.000 AS Decimal(20, 3)), CAST(N'2000-01-01T00:00:00.0000000' AS DateTime2), CAST(N'2022-03-03T14:24:33.9321886' AS DateTime2), 2, 2, N'', N'p')
GO
INSERT [dbo].[categories] ([categoryId], [categoryCode], [name], [details], [image], [isActive], [taxes], [createDate], [updateDate], [createUserId], [updateUserId], [notes], [type]) VALUES (10, N'Vegetables', N'Vegetables', N'', N'0f26776e0a524c7d2b6b5f771d500980.jpg', 1, CAST(0.000 AS Decimal(20, 3)), CAST(N'2000-01-01T00:00:00.0000000' AS DateTime2), CAST(N'2022-03-03T20:05:24.1214801' AS DateTime2), 2, 2, N'', N'p')
GO
INSERT [dbo].[categories] ([categoryId], [categoryCode], [name], [details], [image], [isActive], [taxes], [createDate], [updateDate], [createUserId], [updateUserId], [notes], [type]) VALUES (11, N'Meat', N'Meat', N'', N'05da7ccc8020731d607471318fc4f35b.jpg', 1, CAST(0.000 AS Decimal(20, 3)), CAST(N'2000-01-01T00:00:00.0000000' AS DateTime2), CAST(N'2022-03-03T14:24:49.8326666' AS DateTime2), 2, 2, N'', N'p')
GO
INSERT [dbo].[categories] ([categoryId], [categoryCode], [name], [details], [image], [isActive], [taxes], [createDate], [updateDate], [createUserId], [updateUserId], [notes], [type]) VALUES (12, N'Drinks', N'Drinks', N'', N'0731f29a7d8c55ddab810a076d078aff.jfif', 1, CAST(0.000 AS Decimal(20, 3)), CAST(N'2000-01-01T00:00:00.0000000' AS DateTime2), CAST(N'2022-03-03T17:19:10.6623017' AS DateTime2), 2, 2, N'', N'p')
GO
SET IDENTITY_INSERT [dbo].[categories] OFF
GO
SET IDENTITY_INSERT [dbo].[cities] ON 
GO
INSERT [dbo].[cities] ([cityId], [cityCode], [countryId]) VALUES (1, N'1', 2)
GO
INSERT [dbo].[cities] ([cityId], [cityCode], [countryId]) VALUES (2, N'2', 2)
GO
INSERT [dbo].[cities] ([cityId], [cityCode], [countryId]) VALUES (3, N'3', 2)
GO
INSERT [dbo].[cities] ([cityId], [cityCode], [countryId]) VALUES (4, N'4', 2)
GO
INSERT [dbo].[cities] ([cityId], [cityCode], [countryId]) VALUES (5, N'6', 2)
GO
INSERT [dbo].[cities] ([cityId], [cityCode], [countryId]) VALUES (6, N'7', 2)
GO
INSERT [dbo].[cities] ([cityId], [cityCode], [countryId]) VALUES (7, N'2', 4)
GO
INSERT [dbo].[cities] ([cityId], [cityCode], [countryId]) VALUES (8, N'3', 4)
GO
INSERT [dbo].[cities] ([cityId], [cityCode], [countryId]) VALUES (9, N'4', 4)
GO
INSERT [dbo].[cities] ([cityId], [cityCode], [countryId]) VALUES (10, N'6', 4)
GO
INSERT [dbo].[cities] ([cityId], [cityCode], [countryId]) VALUES (11, N'7', 4)
GO
INSERT [dbo].[cities] ([cityId], [cityCode], [countryId]) VALUES (12, N'9', 4)
GO
INSERT [dbo].[cities] ([cityId], [cityCode], [countryId]) VALUES (13, N'1', 7)
GO
INSERT [dbo].[cities] ([cityId], [cityCode], [countryId]) VALUES (14, N'21', 7)
GO
INSERT [dbo].[cities] ([cityId], [cityCode], [countryId]) VALUES (15, N'23', 7)
GO
INSERT [dbo].[cities] ([cityId], [cityCode], [countryId]) VALUES (16, N'24', 7)
GO
INSERT [dbo].[cities] ([cityId], [cityCode], [countryId]) VALUES (17, N'25', 7)
GO
INSERT [dbo].[cities] ([cityId], [cityCode], [countryId]) VALUES (18, N'30', 7)
GO
INSERT [dbo].[cities] ([cityId], [cityCode], [countryId]) VALUES (19, N'32', 7)
GO
INSERT [dbo].[cities] ([cityId], [cityCode], [countryId]) VALUES (20, N'33', 7)
GO
INSERT [dbo].[cities] ([cityId], [cityCode], [countryId]) VALUES (21, N'36', 7)
GO
INSERT [dbo].[cities] ([cityId], [cityCode], [countryId]) VALUES (22, N'37', 7)
GO
INSERT [dbo].[cities] ([cityId], [cityCode], [countryId]) VALUES (23, N'40', 7)
GO
INSERT [dbo].[cities] ([cityId], [cityCode], [countryId]) VALUES (24, N'42', 7)
GO
INSERT [dbo].[cities] ([cityId], [cityCode], [countryId]) VALUES (25, N'50', 7)
GO
INSERT [dbo].[cities] ([cityId], [cityCode], [countryId]) VALUES (26, N'53', 7)
GO
INSERT [dbo].[cities] ([cityId], [cityCode], [countryId]) VALUES (27, N'60', 7)
GO
INSERT [dbo].[cities] ([cityId], [cityCode], [countryId]) VALUES (28, N'62', 7)
GO
INSERT [dbo].[cities] ([cityId], [cityCode], [countryId]) VALUES (29, N'66', 7)
GO
INSERT [dbo].[cities] ([cityId], [cityCode], [countryId]) VALUES (30, N'1', 8)
GO
INSERT [dbo].[cities] ([cityId], [cityCode], [countryId]) VALUES (31, N'4', 8)
GO
INSERT [dbo].[cities] ([cityId], [cityCode], [countryId]) VALUES (32, N'5', 8)
GO
INSERT [dbo].[cities] ([cityId], [cityCode], [countryId]) VALUES (33, N'6', 8)
GO
INSERT [dbo].[cities] ([cityId], [cityCode], [countryId]) VALUES (34, N'7', 8)
GO
INSERT [dbo].[cities] ([cityId], [cityCode], [countryId]) VALUES (35, N'8', 8)
GO
INSERT [dbo].[cities] ([cityId], [cityCode], [countryId]) VALUES (36, N'9', 8)
GO
INSERT [dbo].[cities] ([cityId], [cityCode], [countryId]) VALUES (37, N'11', 9)
GO
INSERT [dbo].[cities] ([cityId], [cityCode], [countryId]) VALUES (38, N'21', 9)
GO
INSERT [dbo].[cities] ([cityId], [cityCode], [countryId]) VALUES (39, N'22', 9)
GO
INSERT [dbo].[cities] ([cityId], [cityCode], [countryId]) VALUES (40, N'23', 9)
GO
INSERT [dbo].[cities] ([cityId], [cityCode], [countryId]) VALUES (41, N'31', 9)
GO
INSERT [dbo].[cities] ([cityId], [cityCode], [countryId]) VALUES (42, N'33', 9)
GO
INSERT [dbo].[cities] ([cityId], [cityCode], [countryId]) VALUES (43, N'34', 9)
GO
INSERT [dbo].[cities] ([cityId], [cityCode], [countryId]) VALUES (44, N'41', 9)
GO
INSERT [dbo].[cities] ([cityId], [cityCode], [countryId]) VALUES (45, N'43', 9)
GO
INSERT [dbo].[cities] ([cityId], [cityCode], [countryId]) VALUES (46, N'51', 9)
GO
INSERT [dbo].[cities] ([cityId], [cityCode], [countryId]) VALUES (47, N'52', 9)
GO
INSERT [dbo].[cities] ([cityId], [cityCode], [countryId]) VALUES (48, N'14', 9)
GO
INSERT [dbo].[cities] ([cityId], [cityCode], [countryId]) VALUES (49, N'15', 9)
GO
INSERT [dbo].[cities] ([cityId], [cityCode], [countryId]) VALUES (50, N'16', 9)
GO
INSERT [dbo].[cities] ([cityId], [cityCode], [countryId]) VALUES (51, N'1', 10)
GO
INSERT [dbo].[cities] ([cityId], [cityCode], [countryId]) VALUES (52, N'2', 10)
GO
INSERT [dbo].[cities] ([cityId], [cityCode], [countryId]) VALUES (53, N'3', 10)
GO
INSERT [dbo].[cities] ([cityId], [cityCode], [countryId]) VALUES (54, N'4', 10)
GO
INSERT [dbo].[cities] ([cityId], [cityCode], [countryId]) VALUES (55, N'5', 10)
GO
INSERT [dbo].[cities] ([cityId], [cityCode], [countryId]) VALUES (56, N'6', 10)
GO
INSERT [dbo].[cities] ([cityId], [cityCode], [countryId]) VALUES (57, N'2', 11)
GO
INSERT [dbo].[cities] ([cityId], [cityCode], [countryId]) VALUES (58, N'5', 11)
GO
INSERT [dbo].[cities] ([cityId], [cityCode], [countryId]) VALUES (59, N'6', 11)
GO
INSERT [dbo].[cities] ([cityId], [cityCode], [countryId]) VALUES (60, N'8', 11)
GO
INSERT [dbo].[cities] ([cityId], [cityCode], [countryId]) VALUES (61, N'21', 12)
GO
INSERT [dbo].[cities] ([cityId], [cityCode], [countryId]) VALUES (62, N'24', 12)
GO
INSERT [dbo].[cities] ([cityId], [cityCode], [countryId]) VALUES (63, N'25', 12)
GO
INSERT [dbo].[cities] ([cityId], [cityCode], [countryId]) VALUES (64, N'26', 12)
GO
INSERT [dbo].[cities] ([cityId], [cityCode], [countryId]) VALUES (65, N'27', 12)
GO
INSERT [dbo].[cities] ([cityId], [cityCode], [countryId]) VALUES (66, N'29', 12)
GO
INSERT [dbo].[cities] ([cityId], [cityCode], [countryId]) VALUES (67, N'31', 12)
GO
INSERT [dbo].[cities] ([cityId], [cityCode], [countryId]) VALUES (68, N'32', 12)
GO
INSERT [dbo].[cities] ([cityId], [cityCode], [countryId]) VALUES (69, N'33', 12)
GO
INSERT [dbo].[cities] ([cityId], [cityCode], [countryId]) VALUES (70, N'34', 12)
GO
INSERT [dbo].[cities] ([cityId], [cityCode], [countryId]) VALUES (71, N'35', 12)
GO
INSERT [dbo].[cities] ([cityId], [cityCode], [countryId]) VALUES (72, N'36', 12)
GO
INSERT [dbo].[cities] ([cityId], [cityCode], [countryId]) VALUES (73, N'37', 12)
GO
INSERT [dbo].[cities] ([cityId], [cityCode], [countryId]) VALUES (74, N'38', 12)
GO
INSERT [dbo].[cities] ([cityId], [cityCode], [countryId]) VALUES (75, N'41', 12)
GO
INSERT [dbo].[cities] ([cityId], [cityCode], [countryId]) VALUES (76, N'43', 12)
GO
INSERT [dbo].[cities] ([cityId], [cityCode], [countryId]) VALUES (77, N'45', 12)
GO
INSERT [dbo].[cities] ([cityId], [cityCode], [countryId]) VALUES (78, N'46', 12)
GO
INSERT [dbo].[cities] ([cityId], [cityCode], [countryId]) VALUES (79, N'48', 12)
GO
INSERT [dbo].[cities] ([cityId], [cityCode], [countryId]) VALUES (80, N'49', 12)
GO
INSERT [dbo].[cities] ([cityId], [cityCode], [countryId]) VALUES (81, N'2', 13)
GO
INSERT [dbo].[cities] ([cityId], [cityCode], [countryId]) VALUES (82, N'3', 13)
GO
INSERT [dbo].[cities] ([cityId], [cityCode], [countryId]) VALUES (83, N'40', 13)
GO
INSERT [dbo].[cities] ([cityId], [cityCode], [countryId]) VALUES (84, N'45', 13)
GO
INSERT [dbo].[cities] ([cityId], [cityCode], [countryId]) VALUES (85, N'48', 13)
GO
INSERT [dbo].[cities] ([cityId], [cityCode], [countryId]) VALUES (86, N'50', 13)
GO
INSERT [dbo].[cities] ([cityId], [cityCode], [countryId]) VALUES (87, N'55', 13)
GO
INSERT [dbo].[cities] ([cityId], [cityCode], [countryId]) VALUES (88, N'62', 13)
GO
INSERT [dbo].[cities] ([cityId], [cityCode], [countryId]) VALUES (89, N'64', 13)
GO
INSERT [dbo].[cities] ([cityId], [cityCode], [countryId]) VALUES (90, N'66', 13)
GO
INSERT [dbo].[cities] ([cityId], [cityCode], [countryId]) VALUES (91, N'68', 13)
GO
INSERT [dbo].[cities] ([cityId], [cityCode], [countryId]) VALUES (92, N'82', 13)
GO
INSERT [dbo].[cities] ([cityId], [cityCode], [countryId]) VALUES (93, N'84', 13)
GO
INSERT [dbo].[cities] ([cityId], [cityCode], [countryId]) VALUES (94, N'86', 13)
GO
INSERT [dbo].[cities] ([cityId], [cityCode], [countryId]) VALUES (95, N'88', 13)
GO
INSERT [dbo].[cities] ([cityId], [cityCode], [countryId]) VALUES (96, N'93', 13)
GO
INSERT [dbo].[cities] ([cityId], [cityCode], [countryId]) VALUES (97, N'95', 13)
GO
INSERT [dbo].[cities] ([cityId], [cityCode], [countryId]) VALUES (98, N'96', 13)
GO
INSERT [dbo].[cities] ([cityId], [cityCode], [countryId]) VALUES (99, N'97', 13)
GO
INSERT [dbo].[cities] ([cityId], [cityCode], [countryId]) VALUES (100, N'71', 14)
GO
INSERT [dbo].[cities] ([cityId], [cityCode], [countryId]) VALUES (101, N'72', 14)
GO
INSERT [dbo].[cities] ([cityId], [cityCode], [countryId]) VALUES (103, N'73', 14)
GO
INSERT [dbo].[cities] ([cityId], [cityCode], [countryId]) VALUES (104, N'74', 14)
GO
INSERT [dbo].[cities] ([cityId], [cityCode], [countryId]) VALUES (105, N'75', 14)
GO
INSERT [dbo].[cities] ([cityId], [cityCode], [countryId]) VALUES (106, N'77', 14)
GO
INSERT [dbo].[cities] ([cityId], [cityCode], [countryId]) VALUES (107, N'21', 17)
GO
INSERT [dbo].[cities] ([cityId], [cityCode], [countryId]) VALUES (108, N'51', 17)
GO
INSERT [dbo].[cities] ([cityId], [cityCode], [countryId]) VALUES (109, N'57', 17)
GO
INSERT [dbo].[cities] ([cityId], [cityCode], [countryId]) VALUES (110, N'61', 17)
GO
INSERT [dbo].[cities] ([cityId], [cityCode], [countryId]) VALUES (111, N'87', 17)
GO
INSERT [dbo].[cities] ([cityId], [cityCode], [countryId]) VALUES (112, N'521', 17)
GO
INSERT [dbo].[cities] ([cityId], [cityCode], [countryId]) VALUES (113, N'652', 17)
GO
INSERT [dbo].[cities] ([cityId], [cityCode], [countryId]) VALUES (114, N'727', 17)
GO
INSERT [dbo].[cities] ([cityId], [cityCode], [countryId]) VALUES (115, N'212', 19)
GO
INSERT [dbo].[cities] ([cityId], [cityCode], [countryId]) VALUES (116, N'216', 19)
GO
INSERT [dbo].[cities] ([cityId], [cityCode], [countryId]) VALUES (117, N'222', 19)
GO
INSERT [dbo].[cities] ([cityId], [cityCode], [countryId]) VALUES (118, N'224', 19)
GO
INSERT [dbo].[cities] ([cityId], [cityCode], [countryId]) VALUES (119, N'232', 19)
GO
INSERT [dbo].[cities] ([cityId], [cityCode], [countryId]) VALUES (120, N'236', 19)
GO
INSERT [dbo].[cities] ([cityId], [cityCode], [countryId]) VALUES (121, N'242', 19)
GO
INSERT [dbo].[cities] ([cityId], [cityCode], [countryId]) VALUES (122, N'246', 19)
GO
INSERT [dbo].[cities] ([cityId], [cityCode], [countryId]) VALUES (123, N'256', 19)
GO
INSERT [dbo].[cities] ([cityId], [cityCode], [countryId]) VALUES (124, N'258', 19)
GO
INSERT [dbo].[cities] ([cityId], [cityCode], [countryId]) VALUES (125, N'266', 19)
GO
INSERT [dbo].[cities] ([cityId], [cityCode], [countryId]) VALUES (126, N'272', 19)
GO
INSERT [dbo].[cities] ([cityId], [cityCode], [countryId]) VALUES (127, N'274', 19)
GO
INSERT [dbo].[cities] ([cityId], [cityCode], [countryId]) VALUES (128, N'276', 19)
GO
INSERT [dbo].[cities] ([cityId], [cityCode], [countryId]) VALUES (129, N'284', 19)
GO
INSERT [dbo].[cities] ([cityId], [cityCode], [countryId]) VALUES (130, N'312', 19)
GO
INSERT [dbo].[cities] ([cityId], [cityCode], [countryId]) VALUES (131, N'322', 19)
GO
INSERT [dbo].[cities] ([cityId], [cityCode], [countryId]) VALUES (132, N'332', 19)
GO
INSERT [dbo].[cities] ([cityId], [cityCode], [countryId]) VALUES (134, N'338', 19)
GO
INSERT [dbo].[cities] ([cityId], [cityCode], [countryId]) VALUES (135, N'342', 19)
GO
INSERT [dbo].[cities] ([cityId], [cityCode], [countryId]) VALUES (136, N'346', 19)
GO
INSERT [dbo].[cities] ([cityId], [cityCode], [countryId]) VALUES (137, N'352', 19)
GO
INSERT [dbo].[cities] ([cityId], [cityCode], [countryId]) VALUES (138, N'358', 19)
GO
INSERT [dbo].[cities] ([cityId], [cityCode], [countryId]) VALUES (139, N'362', 19)
GO
INSERT [dbo].[cities] ([cityId], [cityCode], [countryId]) VALUES (140, N'364', 19)
GO
INSERT [dbo].[cities] ([cityId], [cityCode], [countryId]) VALUES (141, N'366', 19)
GO
INSERT [dbo].[cities] ([cityId], [cityCode], [countryId]) VALUES (142, N'382', 19)
GO
INSERT [dbo].[cities] ([cityId], [cityCode], [countryId]) VALUES (143, N'412', 19)
GO
INSERT [dbo].[cities] ([cityId], [cityCode], [countryId]) VALUES (144, N'414', 19)
GO
INSERT [dbo].[cities] ([cityId], [cityCode], [countryId]) VALUES (145, N'416', 19)
GO
INSERT [dbo].[cities] ([cityId], [cityCode], [countryId]) VALUES (146, N'422', 19)
GO
INSERT [dbo].[cities] ([cityId], [cityCode], [countryId]) VALUES (147, N'424', 19)
GO
INSERT [dbo].[cities] ([cityId], [cityCode], [countryId]) VALUES (148, N'432', 19)
GO
INSERT [dbo].[cities] ([cityId], [cityCode], [countryId]) VALUES (149, N'442', 19)
GO
INSERT [dbo].[cities] ([cityId], [cityCode], [countryId]) VALUES (150, N'452', 19)
GO
INSERT [dbo].[cities] ([cityId], [cityCode], [countryId]) VALUES (151, N'462', 19)
GO
INSERT [dbo].[cities] ([cityId], [cityCode], [countryId]) VALUES (152, N'472', 19)
GO
INSERT [dbo].[cities] ([cityId], [cityCode], [countryId]) VALUES (153, N'482', 19)
GO
INSERT [dbo].[cities] ([cityId], [cityCode], [countryId]) VALUES (154, N'488', 19)
GO
SET IDENTITY_INSERT [dbo].[cities] OFF
GO
SET IDENTITY_INSERT [dbo].[countriesCodes] ON 
GO
INSERT [dbo].[countriesCodes] ([countryId], [code], [currency], [name], [isDefault], [currencyId]) VALUES (1, N'+965', N'KWD', N'Kuwait', 1, 0)
GO
INSERT [dbo].[countriesCodes] ([countryId], [code], [currency], [name], [isDefault], [currencyId]) VALUES (2, N'+966', N'SAR', N'Saudi Arabia', 0, 1)
GO
INSERT [dbo].[countriesCodes] ([countryId], [code], [currency], [name], [isDefault], [currencyId]) VALUES (3, N'+968', N'OMR', N'Oman', 0, 2)
GO
INSERT [dbo].[countriesCodes] ([countryId], [code], [currency], [name], [isDefault], [currencyId]) VALUES (4, N'+971', N'AED', N'United Arab Emirates', 0, 3)
GO
INSERT [dbo].[countriesCodes] ([countryId], [code], [currency], [name], [isDefault], [currencyId]) VALUES (5, N'+974', N'QAR', N'Qatar', 0, 4)
GO
INSERT [dbo].[countriesCodes] ([countryId], [code], [currency], [name], [isDefault], [currencyId]) VALUES (6, N'+973', N'BHD', N'Bahrain', 0, 5)
GO
INSERT [dbo].[countriesCodes] ([countryId], [code], [currency], [name], [isDefault], [currencyId]) VALUES (7, N'+964', N'IQD', N'Iraq', 0, 6)
GO
INSERT [dbo].[countriesCodes] ([countryId], [code], [currency], [name], [isDefault], [currencyId]) VALUES (8, N'+961', N'LBP', N'Lebanon', 0, 7)
GO
INSERT [dbo].[countriesCodes] ([countryId], [code], [currency], [name], [isDefault], [currencyId]) VALUES (9, N'+963', N'SYP', N'Syria', 0, 8)
GO
INSERT [dbo].[countriesCodes] ([countryId], [code], [currency], [name], [isDefault], [currencyId]) VALUES (10, N'+967', N'YER', N'Yemen', 0, 9)
GO
INSERT [dbo].[countriesCodes] ([countryId], [code], [currency], [name], [isDefault], [currencyId]) VALUES (11, N'+962', N'JOD', N'Jordan', 0, 10)
GO
INSERT [dbo].[countriesCodes] ([countryId], [code], [currency], [name], [isDefault], [currencyId]) VALUES (12, N'+213', N'DZD', N'Algeria', 0, 11)
GO
INSERT [dbo].[countriesCodes] ([countryId], [code], [currency], [name], [isDefault], [currencyId]) VALUES (13, N'+20', N'EGP', N'Egypt', 0, 12)
GO
INSERT [dbo].[countriesCodes] ([countryId], [code], [currency], [name], [isDefault], [currencyId]) VALUES (14, N'+216', N'TND', N'Tunisia', 0, 13)
GO
INSERT [dbo].[countriesCodes] ([countryId], [code], [currency], [name], [isDefault], [currencyId]) VALUES (15, N'+249', N'SDG', N'Sudan', 0, 14)
GO
INSERT [dbo].[countriesCodes] ([countryId], [code], [currency], [name], [isDefault], [currencyId]) VALUES (16, N'+212', N'MAD', N'Morocco', 0, 15)
GO
INSERT [dbo].[countriesCodes] ([countryId], [code], [currency], [name], [isDefault], [currencyId]) VALUES (17, N'+218', N'LYD', N'Libya', 0, 16)
GO
INSERT [dbo].[countriesCodes] ([countryId], [code], [currency], [name], [isDefault], [currencyId]) VALUES (18, N'+252', N'SOS', N'Somalia', 0, 17)
GO
INSERT [dbo].[countriesCodes] ([countryId], [code], [currency], [name], [isDefault], [currencyId]) VALUES (19, N'+90', N'TRY', N'Turkey', 0, 18)
GO
SET IDENTITY_INSERT [dbo].[countriesCodes] OFF
GO
SET IDENTITY_INSERT [dbo].[coupons] ON 
GO
INSERT [dbo].[coupons] ([cId], [name], [code], [isActive], [discountType], [discountValue], [startDate], [endDate], [notes], [quantity], [remainQ], [invMin], [invMax], [createDate], [updateDate], [createUserId], [updateUserId], [barcode], [forAgents]) VALUES (1, N'cpName1', N'cpCode1', 1, 2, CAST(10.000 AS Decimal(20, 3)), CAST(N'2022-03-10T00:00:00.0000000' AS DateTime2), CAST(N'2022-03-31T00:00:00.0000000' AS DateTime2), N'', 0, 0, CAST(0.000 AS Decimal(20, 3)), CAST(0.000 AS Decimal(20, 3)), CAST(N'2022-03-10T11:43:30.3557000' AS DateTime2), CAST(N'2022-03-13T16:11:53.8771527' AS DateTime2), 17, 18, N'cop-cpCode1', N'pb')
GO
INSERT [dbo].[coupons] ([cId], [name], [code], [isActive], [discountType], [discountValue], [startDate], [endDate], [notes], [quantity], [remainQ], [invMin], [invMax], [createDate], [updateDate], [createUserId], [updateUserId], [barcode], [forAgents]) VALUES (2, N'cpName2', N'cpCode2', 1, 2, CAST(10.000 AS Decimal(20, 3)), CAST(N'2022-03-10T00:00:00.0000000' AS DateTime2), CAST(N'2022-03-31T00:00:00.0000000' AS DateTime2), N'', 50, 50, CAST(10.000 AS Decimal(20, 3)), CAST(100.000 AS Decimal(20, 3)), CAST(N'2022-03-10T11:45:59.2453814' AS DateTime2), CAST(N'2022-03-13T16:11:57.8235997' AS DateTime2), 17, 18, N'cop-cpCode2', N'pr')
GO
SET IDENTITY_INSERT [dbo].[coupons] OFF
GO
SET IDENTITY_INSERT [dbo].[couponsMemberships] ON 
GO
INSERT [dbo].[couponsMemberships] ([couponMembershipId], [cId], [membershipId], [notes], [createDate], [updateDate], [createUserId], [updateUserId]) VALUES (3, 1, 10, N'', CAST(N'2022-03-24T15:21:37.8796255' AS DateTime2), CAST(N'2022-03-24T15:21:37.8796255' AS DateTime2), 18, 18)
GO
INSERT [dbo].[couponsMemberships] ([couponMembershipId], [cId], [membershipId], [notes], [createDate], [updateDate], [createUserId], [updateUserId]) VALUES (4, 2, 11, N'', CAST(N'2022-03-24T15:21:41.4789997' AS DateTime2), CAST(N'2022-03-24T15:21:41.4789997' AS DateTime2), 18, 18)
GO
INSERT [dbo].[couponsMemberships] ([couponMembershipId], [cId], [membershipId], [notes], [createDate], [updateDate], [createUserId], [updateUserId]) VALUES (5, 2, 12, N'', CAST(N'2022-03-24T15:21:45.7396053' AS DateTime2), CAST(N'2022-03-24T15:21:45.7396053' AS DateTime2), 17, 18)
GO
INSERT [dbo].[couponsMemberships] ([couponMembershipId], [cId], [membershipId], [notes], [createDate], [updateDate], [createUserId], [updateUserId]) VALUES (6, 1, 12, N'', CAST(N'2022-03-24T15:21:45.7416004' AS DateTime2), CAST(N'2022-03-24T15:21:45.7416004' AS DateTime2), 18, 18)
GO
SET IDENTITY_INSERT [dbo].[couponsMemberships] OFF
GO
SET IDENTITY_INSERT [dbo].[dishIngredients] ON 
GO
INSERT [dbo].[dishIngredients] ([dishIngredId], [name], [itemUnitId], [notes], [isActive], [createDate], [updateDate], [createUserId], [updateUserId]) VALUES (1, N'', 8, N'', 1, CAST(N'2022-03-12T16:46:01.0340829' AS DateTime2), CAST(N'2022-03-12T16:46:01.0340829' AS DateTime2), 18, 18)
GO
INSERT [dbo].[dishIngredients] ([dishIngredId], [name], [itemUnitId], [notes], [isActive], [createDate], [updateDate], [createUserId], [updateUserId]) VALUES (2, N'', 8, N'', 1, CAST(N'2022-03-12T16:46:06.5593063' AS DateTime2), CAST(N'2022-03-12T16:46:06.5593063' AS DateTime2), 18, 18)
GO
INSERT [dbo].[dishIngredients] ([dishIngredId], [name], [itemUnitId], [notes], [isActive], [createDate], [updateDate], [createUserId], [updateUserId]) VALUES (3, N'', 8, N'note', 1, CAST(N'2022-03-12T16:46:19.9385263' AS DateTime2), CAST(N'2022-03-12T16:46:32.7811830' AS DateTime2), 18, 18)
GO
SET IDENTITY_INSERT [dbo].[dishIngredients] OFF
GO
SET IDENTITY_INSERT [dbo].[docImages] ON 
GO
INSERT [dbo].[docImages] ([id], [docName], [docnum], [image], [tableName], [notes], [createDate], [updateDate], [createUserId], [updateUserId], [tableId]) VALUES (3, N'doc-3', N'pi-Main-00-000010', N'ae73b244b30d62daa5f3f1a03d238333.jpg', N'invoices', N'', CAST(N'2022-01-10T15:40:40.5141103' AS DateTime2), CAST(N'2022-01-11T14:21:04.6568863' AS DateTime2), 2, 2, 14)
GO
SET IDENTITY_INSERT [dbo].[docImages] OFF
GO
SET IDENTITY_INSERT [dbo].[error] ON 
GO
INSERT [dbo].[error] ([errorId], [num], [msg], [stackTrace], [targetSite], [posId], [branchId], [createDate], [createUserId]) VALUES (1319, N'-2146233088', N'An error occurred while sending the request.', N'   at System.Runtime.CompilerServices.TaskAwaiter.ThrowForNonSuccess(Task task)rn   at System.Runtime.CompilerServices.TaskAwaiter.HandleNonSuccessAndDebuggerNotification(Task task)rn   at System.Runtime.CompilerServices.TaskAwaiter`1.GetResult()rn   at Restaurant.ApiClasses.APIResult.<getList>d__1.MoveNext() in C:UsersHPDocumentsGitHubRESprojectRestaurantRestaurantClassesApiClassesAPIResult.cs:line 88rn--- End of stack trace from previous location where exception was thrown ---rn   at System.Runtime.CompilerServices.TaskAwaiter.ThrowForNonSuccess(Task task)rn   at System.Runtime.CompilerServices.TaskAwaiter.HandleNonSuccessAndDebuggerNotification(Task task)rn   at System.Runtime.CompilerServices.TaskAwaiter`1.GetResult()rn   at Restaurant.Classes.Pos.<getById>d__70.MoveNext() in C:UsersHPDocumentsGitHubRESprojectRestaurantRestaurantClassesApiClassesPos.cs:line 72rn--- End of stack trace from previous location where exception was thrown ---rn   at System.Runtime.CompilerServices.TaskAwaiter.ThrowForNonSuccess(Task task)rn   at System.Runtime.CompilerServices.TaskAwaiter.HandleNonSuccessAndDebuggerNotification(Task task)rn   at System.Runtime.CompilerServices.TaskAwaiter`1.GetResult()rn   at Restaurant.MainWindow.<timer_Thread>d__72.MoveNext() in C:UsersHPDocumentsGitHubRESprojectRestaurantRestaurantMainWindow.xaml.cs:line 1366', N'Void ThrowForNonSuccess(System.Threading.Tasks.Task)', NULL, NULL, CAST(N'2022-04-14T16:25:55.7690399' AS DateTime2), 2)
GO
INSERT [dbo].[error] ([errorId], [num], [msg], [stackTrace], [targetSite], [posId], [branchId], [createDate], [createUserId]) VALUES (1320, N'-2147467261', N'Object reference not set to an instance of an object.', N'   at Restaurant.View.reports.uc_reports.<translate>d__8.MoveNext() in E:GitHubRESprojectRestaurantRestaurantViewreportsuc_reports.xaml.cs:line 132rn--- End of stack trace from previous location where exception was thrown ---rn   at System.Runtime.CompilerServices.TaskAwaiter.ThrowForNonSuccess(Task task)rn   at System.Runtime.CompilerServices.TaskAwaiter.HandleNonSuccessAndDebuggerNotification(Task task)rn   at System.Runtime.CompilerServices.TaskAwaiter.GetResult()rn   at Restaurant.View.reports.uc_reports.<UserControl_Loaded>d__6.MoveNext() in E:GitHubRESprojectRestaurantRestaurantViewreportsuc_reports.xaml.cs:line 65', N'Void MoveNext()', NULL, NULL, CAST(N'2022-04-14T16:46:59.5771667' AS DateTime2), 18)
GO
INSERT [dbo].[error] ([errorId], [num], [msg], [stackTrace], [targetSite], [posId], [branchId], [createDate], [createUserId]) VALUES (1321, N'-2147467261', N'Object reference not set to an instance of an object.', N'   at Restaurant.View.reports.uc_reports.<translate>d__8.MoveNext() in E:Restaurant 16-4-2022RestaurantViewreportsuc_reports.xaml.cs:line 132rn--- End of stack trace from previous location where exception was thrown ---rn   at System.Runtime.CompilerServices.TaskAwaiter.ThrowForNonSuccess(Task task)rn   at System.Runtime.CompilerServices.TaskAwaiter.HandleNonSuccessAndDebuggerNotification(Task task)rn   at System.Runtime.CompilerServices.TaskAwaiter.GetResult()rn   at Restaurant.View.reports.uc_reports.<UserControl_Loaded>d__6.MoveNext() in E:Restaurant 16-4-2022RestaurantViewreportsuc_reports.xaml.cs:line 65', N'Void MoveNext()', NULL, NULL, CAST(N'2022-04-16T11:27:52.5779094' AS DateTime2), 17)
GO
INSERT [dbo].[error] ([errorId], [num], [msg], [stackTrace], [targetSite], [posId], [branchId], [createDate], [createUserId]) VALUES (1322, N'-2147467261', N'Object reference not set to an instance of an object.', N'   at Restaurant.View.reports.kitchenReports.uc_kitchenReports.<translate>d__7.MoveNext() in E:Restaurant 16-4-2022RestaurantViewreportskitchenReportsuc_kitchenReports.xaml.cs:line 78rn--- End of stack trace from previous location where exception was thrown ---rn   at System.Runtime.CompilerServices.TaskAwaiter.ThrowForNonSuccess(Task task)rn   at System.Runtime.CompilerServices.TaskAwaiter.HandleNonSuccessAndDebuggerNotification(Task task)rn   at System.Runtime.CompilerServices.TaskAwaiter.GetResult()rn   at Restaurant.View.reports.kitchenReports.uc_kitchenReports.<UserControl_Loaded>d__5.MoveNext() in E:Restaurant 16-4-2022RestaurantViewreportskitchenReportsuc_kitchenReports.xaml.cs:line 57', N'Void MoveNext()', NULL, NULL, CAST(N'2022-04-16T11:27:54.4344318' AS DateTime2), 17)
GO
INSERT [dbo].[error] ([errorId], [num], [msg], [stackTrace], [targetSite], [posId], [branchId], [createDate], [createUserId]) VALUES (1323, N'-2147467261', N'Object reference not set to an instance of an object.', N'   at Restaurant.View.reports.uc_reports.<translate>d__8.MoveNext() in E:Restaurant 16-4-2022RestaurantViewreportsuc_reports.xaml.cs:line 132rn--- End of stack trace from previous location where exception was thrown ---rn   at System.Runtime.CompilerServices.TaskAwaiter.ThrowForNonSuccess(Task task)rn   at System.Runtime.CompilerServices.TaskAwaiter.HandleNonSuccessAndDebuggerNotification(Task task)rn   at System.Runtime.CompilerServices.TaskAwaiter.GetResult()rn   at Restaurant.View.reports.uc_reports.<UserControl_Loaded>d__6.MoveNext() in E:Restaurant 16-4-2022RestaurantViewreportsuc_reports.xaml.cs:line 65', N'Void MoveNext()', NULL, NULL, CAST(N'2022-04-16T11:34:20.7563947' AS DateTime2), 17)
GO
INSERT [dbo].[error] ([errorId], [num], [msg], [stackTrace], [targetSite], [posId], [branchId], [createDate], [createUserId]) VALUES (1324, N'-2147467261', N'Object reference not set to an instance of an object.', N'   at Restaurant.View.reports.kitchenReports.uc_kitchenReports.<translate>d__7.MoveNext() in E:Restaurant 16-4-2022RestaurantViewreportskitchenReportsuc_kitchenReports.xaml.cs:line 78rn--- End of stack trace from previous location where exception was thrown ---rn   at System.Runtime.CompilerServices.TaskAwaiter.ThrowForNonSuccess(Task task)rn   at System.Runtime.CompilerServices.TaskAwaiter.HandleNonSuccessAndDebuggerNotification(Task task)rn   at System.Runtime.CompilerServices.TaskAwaiter.GetResult()rn   at Restaurant.View.reports.kitchenReports.uc_kitchenReports.<UserControl_Loaded>d__5.MoveNext() in E:Restaurant 16-4-2022RestaurantViewreportskitchenReportsuc_kitchenReports.xaml.cs:line 57', N'Void MoveNext()', NULL, NULL, CAST(N'2022-04-16T11:34:23.0291802' AS DateTime2), 17)
GO
INSERT [dbo].[error] ([errorId], [num], [msg], [stackTrace], [targetSite], [posId], [branchId], [createDate], [createUserId]) VALUES (1325, N'-2147467261', N'Value cannot be null.rnParameter name: source', N'   at System.Linq.Enumerable.Count[TSource](IEnumerable`1 source)rn   at Restaurant.View.reports.kitchenReports.uc_spendingRequestsKitchenReport.RefreshProfitsView() in E:Restaurant 16-4-2022RestaurantViewreportskitchenReportsuc_spendingRequestsKitchenReport.xaml.cs:line 306rn   at Restaurant.View.reports.kitchenReports.uc_spendingRequestsKitchenReport.<Search>d__22.MoveNext() in E:Restaurant 16-4-2022RestaurantViewreportskitchenReportsuc_spendingRequestsKitchenReport.xaml.cs:line 252rn--- End of stack trace from previous location where exception was thrown ---rn   at System.Runtime.CompilerServices.TaskAwaiter.ThrowForNonSuccess(Task task)rn   at System.Runtime.CompilerServices.TaskAwaiter.HandleNonSuccessAndDebuggerNotification(Task task)rn   at System.Runtime.CompilerServices.TaskAwaiter.GetResult()rn   at Restaurant.View.reports.kitchenReports.uc_spendingRequestsKitchenReport.<Btn_invoice_Click>d__15.MoveNext() in E:Restaurant 16-4-2022RestaurantViewreportskitchenReportsuc_spendingRequestsKitchenReport.xaml.cs:line 120', N'Int32 Count[TSource](System.Collections.Generic.IEnumerable`1[TSource])', NULL, NULL, CAST(N'2022-04-16T11:34:29.5553579' AS DateTime2), 17)
GO
INSERT [dbo].[error] ([errorId], [num], [msg], [stackTrace], [targetSite], [posId], [branchId], [createDate], [createUserId]) VALUES (1326, N'-2147467261', N'Object reference not set to an instance of an object.', N'   at Restaurant.View.reports.uc_reports.<translate>d__8.MoveNext() in E:Restaurant 16-4-2022RestaurantViewreportsuc_reports.xaml.cs:line 132rn--- End of stack trace from previous location where exception was thrown ---rn   at System.Runtime.CompilerServices.TaskAwaiter.ThrowForNonSuccess(Task task)rn   at System.Runtime.CompilerServices.TaskAwaiter.HandleNonSuccessAndDebuggerNotification(Task task)rn   at System.Runtime.CompilerServices.TaskAwaiter.GetResult()rn   at Restaurant.View.reports.uc_reports.<UserControl_Loaded>d__6.MoveNext() in E:Restaurant 16-4-2022RestaurantViewreportsuc_reports.xaml.cs:line 65', N'Void MoveNext()', NULL, NULL, CAST(N'2022-04-16T11:36:50.4891792' AS DateTime2), 17)
GO
INSERT [dbo].[error] ([errorId], [num], [msg], [stackTrace], [targetSite], [posId], [branchId], [createDate], [createUserId]) VALUES (1327, N'-2147467261', N'Object reference not set to an instance of an object.', N'   at Restaurant.View.reports.kitchenReports.uc_kitchenReports.<translate>d__7.MoveNext() in E:Restaurant 16-4-2022RestaurantViewreportskitchenReportsuc_kitchenReports.xaml.cs:line 78rn--- End of stack trace from previous location where exception was thrown ---rn   at System.Runtime.CompilerServices.TaskAwaiter.ThrowForNonSuccess(Task task)rn   at System.Runtime.CompilerServices.TaskAwaiter.HandleNonSuccessAndDebuggerNotification(Task task)rn   at System.Runtime.CompilerServices.TaskAwaiter.GetResult()rn   at Restaurant.View.reports.kitchenReports.uc_kitchenReports.<UserControl_Loaded>d__5.MoveNext() in E:Restaurant 16-4-2022RestaurantViewreportskitchenReportsuc_kitchenReports.xaml.cs:line 57', N'Void MoveNext()', NULL, NULL, CAST(N'2022-04-16T11:36:52.8269303' AS DateTime2), 17)
GO
INSERT [dbo].[error] ([errorId], [num], [msg], [stackTrace], [targetSite], [posId], [branchId], [createDate], [createUserId]) VALUES (1328, N'-2147467261', N'Object reference not set to an instance of an object.', N'   at Restaurant.View.reports.uc_reports.<translate>d__8.MoveNext() in E:Restaurant 16-4-2022RestaurantViewreportsuc_reports.xaml.cs:line 132rn--- End of stack trace from previous location where exception was thrown ---rn   at System.Runtime.CompilerServices.TaskAwaiter.ThrowForNonSuccess(Task task)rn   at System.Runtime.CompilerServices.TaskAwaiter.HandleNonSuccessAndDebuggerNotification(Task task)rn   at System.Runtime.CompilerServices.TaskAwaiter.GetResult()rn   at Restaurant.View.reports.uc_reports.<UserControl_Loaded>d__6.MoveNext() in E:Restaurant 16-4-2022RestaurantViewreportsuc_reports.xaml.cs:line 65', N'Void MoveNext()', NULL, NULL, CAST(N'2022-04-16T11:39:51.5422970' AS DateTime2), 17)
GO
INSERT [dbo].[error] ([errorId], [num], [msg], [stackTrace], [targetSite], [posId], [branchId], [createDate], [createUserId]) VALUES (1329, N'-2147467261', N'Object reference not set to an instance of an object.', N'   at Restaurant.View.reports.kitchenReports.uc_kitchenReports.<translate>d__7.MoveNext() in E:Restaurant 16-4-2022RestaurantViewreportskitchenReportsuc_kitchenReports.xaml.cs:line 78rn--- End of stack trace from previous location where exception was thrown ---rn   at System.Runtime.CompilerServices.TaskAwaiter.ThrowForNonSuccess(Task task)rn   at System.Runtime.CompilerServices.TaskAwaiter.HandleNonSuccessAndDebuggerNotification(Task task)rn   at System.Runtime.CompilerServices.TaskAwaiter.GetResult()rn   at Restaurant.View.reports.kitchenReports.uc_kitchenReports.<UserControl_Loaded>d__5.MoveNext() in E:Restaurant 16-4-2022RestaurantViewreportskitchenReportsuc_kitchenReports.xaml.cs:line 57', N'Void MoveNext()', NULL, NULL, CAST(N'2022-04-16T11:39:53.2527246' AS DateTime2), 17)
GO
INSERT [dbo].[error] ([errorId], [num], [msg], [stackTrace], [targetSite], [posId], [branchId], [createDate], [createUserId]) VALUES (1330, N'-2147467261', N'Value cannot be null.rnParameter name: source', N'   at System.Linq.Enumerable.Where[TSource](IEnumerable`1 source, Func`2 predicate)rn   at Restaurant.Classes.Object.GetParents(List`1 all, String objName) in E:Restaurant 16-4-2022RestaurantClassesApiClassesObject.cs:line 108rn   at Restaurant.MainWindow.loadingDefaultPath(String defaultPath) in E:Restaurant 16-4-2022RestaurantMainWindow.xaml.cs:line 1177rn   at Restaurant.MainWindow.permission() in E:Restaurant 16-4-2022RestaurantMainWindow.xaml.cs:line 1202rn   at Restaurant.MainWindow.<Window_Loaded>d__58.MoveNext() in E:Restaurant 16-4-2022RestaurantMainWindow.xaml.cs:line 1138', N'System.Collections.Generic.IEnumerable`1[TSource] Where[TSource](System.Collections.Generic.IEnumerable`1[TSource], System.Func`2[TSource,System.Boolean])', NULL, NULL, CAST(N'2022-04-16T11:41:47.8585867' AS DateTime2), 17)
GO
INSERT [dbo].[error] ([errorId], [num], [msg], [stackTrace], [targetSite], [posId], [branchId], [createDate], [createUserId]) VALUES (1331, N'-2147467261', N'Value cannot be null.rnParameter name: source', N'   at System.Linq.Enumerable.Where[TSource](IEnumerable`1 source, Func`2 predicate)rn   at Restaurant.Classes.Object.GetParents(List`1 all, String objName) in E:Restaurant 16-4-2022RestaurantClassesApiClassesObject.cs:line 108rn   at Restaurant.MainWindow.initializationMainTrack(String tag) in E:Restaurant 16-4-2022RestaurantMainWindow.xaml.cs:line 2190rn   at Restaurant.MainWindow.Btn_reports_Click(Object sender, RoutedEventArgs e) in E:Restaurant 16-4-2022RestaurantMainWindow.xaml.cs:line 1837', N'System.Collections.Generic.IEnumerable`1[TSource] Where[TSource](System.Collections.Generic.IEnumerable`1[TSource], System.Func`2[TSource,System.Boolean])', NULL, NULL, CAST(N'2022-04-16T11:42:01.5794729' AS DateTime2), 17)
GO
INSERT [dbo].[error] ([errorId], [num], [msg], [stackTrace], [targetSite], [posId], [branchId], [createDate], [createUserId]) VALUES (1332, N'-2147467261', N'Object reference not set to an instance of an object.', N'   at Restaurant.View.reports.uc_reports.<translate>d__8.MoveNext() in E:Restaurant 16-4-2022RestaurantViewreportsuc_reports.xaml.cs:line 132rn--- End of stack trace from previous location where exception was thrown ---rn   at System.Runtime.CompilerServices.TaskAwaiter.ThrowForNonSuccess(Task task)rn   at System.Runtime.CompilerServices.TaskAwaiter.HandleNonSuccessAndDebuggerNotification(Task task)rn   at System.Runtime.CompilerServices.TaskAwaiter.GetResult()rn   at Restaurant.View.reports.uc_reports.<UserControl_Loaded>d__6.MoveNext() in E:Restaurant 16-4-2022RestaurantViewreportsuc_reports.xaml.cs:line 65', N'Void MoveNext()', NULL, NULL, CAST(N'2022-04-16T11:42:02.3613823' AS DateTime2), 17)
GO
INSERT [dbo].[error] ([errorId], [num], [msg], [stackTrace], [targetSite], [posId], [branchId], [createDate], [createUserId]) VALUES (1333, N'-2147467261', N'Object reference not set to an instance of an object.', N'   at Restaurant.View.reports.kitchenReports.uc_kitchenReports.<translate>d__7.MoveNext() in E:Restaurant 16-4-2022RestaurantViewreportskitchenReportsuc_kitchenReports.xaml.cs:line 78rn--- End of stack trace from previous location where exception was thrown ---rn   at System.Runtime.CompilerServices.TaskAwaiter.ThrowForNonSuccess(Task task)rn   at System.Runtime.CompilerServices.TaskAwaiter.HandleNonSuccessAndDebuggerNotification(Task task)rn   at System.Runtime.CompilerServices.TaskAwaiter.GetResult()rn   at Restaurant.View.reports.kitchenReports.uc_kitchenReports.<UserControl_Loaded>d__5.MoveNext() in E:Restaurant 16-4-2022RestaurantViewreportskitchenReportsuc_kitchenReports.xaml.cs:line 57', N'Void MoveNext()', NULL, NULL, CAST(N'2022-04-16T11:42:05.1399550' AS DateTime2), 17)
GO
INSERT [dbo].[error] ([errorId], [num], [msg], [stackTrace], [targetSite], [posId], [branchId], [createDate], [createUserId]) VALUES (1334, N'-2147467261', N'Object reference not set to an instance of an object.', N'   at Restaurant.View.reports.uc_reports.<translate>d__8.MoveNext() in E:Restaurant 16-4-2022RestaurantViewreportsuc_reports.xaml.cs:line 132rn--- End of stack trace from previous location where exception was thrown ---rn   at System.Runtime.CompilerServices.TaskAwaiter.ThrowForNonSuccess(Task task)rn   at System.Runtime.CompilerServices.TaskAwaiter.HandleNonSuccessAndDebuggerNotification(Task task)rn   at System.Runtime.CompilerServices.TaskAwaiter.GetResult()rn   at Restaurant.View.reports.uc_reports.<UserControl_Loaded>d__6.MoveNext() in E:Restaurant 16-4-2022RestaurantViewreportsuc_reports.xaml.cs:line 65', N'Void MoveNext()', NULL, NULL, CAST(N'2022-04-16T11:50:05.4153367' AS DateTime2), 17)
GO
INSERT [dbo].[error] ([errorId], [num], [msg], [stackTrace], [targetSite], [posId], [branchId], [createDate], [createUserId]) VALUES (1335, N'-2147467261', N'Object reference not set to an instance of an object.', N'   at Restaurant.View.reports.kitchenReports.uc_kitchenReports.<translate>d__7.MoveNext() in E:Restaurant 16-4-2022RestaurantViewreportskitchenReportsuc_kitchenReports.xaml.cs:line 78rn--- End of stack trace from previous location where exception was thrown ---rn   at System.Runtime.CompilerServices.TaskAwaiter.ThrowForNonSuccess(Task task)rn   at System.Runtime.CompilerServices.TaskAwaiter.HandleNonSuccessAndDebuggerNotification(Task task)rn   at System.Runtime.CompilerServices.TaskAwaiter.GetResult()rn   at Restaurant.View.reports.kitchenReports.uc_kitchenReports.<UserControl_Loaded>d__5.MoveNext() in E:Restaurant 16-4-2022RestaurantViewreportskitchenReportsuc_kitchenReports.xaml.cs:line 57', N'Void MoveNext()', NULL, NULL, CAST(N'2022-04-16T11:50:07.7991179' AS DateTime2), 17)
GO
INSERT [dbo].[error] ([errorId], [num], [msg], [stackTrace], [targetSite], [posId], [branchId], [createDate], [createUserId]) VALUES (1336, N'-2147467261', N'Object reference not set to an instance of an object.', N'   at Restaurant.View.reports.uc_reports.<translate>d__8.MoveNext() in E:Restaurant 16-4-2022RestaurantViewreportsuc_reports.xaml.cs:line 132rn--- End of stack trace from previous location where exception was thrown ---rn   at System.Runtime.CompilerServices.TaskAwaiter.ThrowForNonSuccess(Task task)rn   at System.Runtime.CompilerServices.TaskAwaiter.HandleNonSuccessAndDebuggerNotification(Task task)rn   at System.Runtime.CompilerServices.TaskAwaiter.GetResult()rn   at Restaurant.View.reports.uc_reports.<UserControl_Loaded>d__6.MoveNext() in E:Restaurant 16-4-2022RestaurantViewreportsuc_reports.xaml.cs:line 65', N'Void MoveNext()', NULL, NULL, CAST(N'2022-04-16T11:54:42.8742917' AS DateTime2), 17)
GO
INSERT [dbo].[error] ([errorId], [num], [msg], [stackTrace], [targetSite], [posId], [branchId], [createDate], [createUserId]) VALUES (1337, N'-2147467261', N'Object reference not set to an instance of an object.', N'   at Restaurant.View.reports.kitchenReports.uc_kitchenReports.<translate>d__7.MoveNext() in E:Restaurant 16-4-2022RestaurantViewreportskitchenReportsuc_kitchenReports.xaml.cs:line 78rn--- End of stack trace from previous location where exception was thrown ---rn   at System.Runtime.CompilerServices.TaskAwaiter.ThrowForNonSuccess(Task task)rn   at System.Runtime.CompilerServices.TaskAwaiter.HandleNonSuccessAndDebuggerNotification(Task task)rn   at System.Runtime.CompilerServices.TaskAwaiter.GetResult()rn   at Restaurant.View.reports.kitchenReports.uc_kitchenReports.<UserControl_Loaded>d__5.MoveNext() in E:Restaurant 16-4-2022RestaurantViewreportskitchenReportsuc_kitchenReports.xaml.cs:line 57', N'Void MoveNext()', NULL, NULL, CAST(N'2022-04-16T11:54:44.6306004' AS DateTime2), 17)
GO
INSERT [dbo].[error] ([errorId], [num], [msg], [stackTrace], [targetSite], [posId], [branchId], [createDate], [createUserId]) VALUES (1338, N'-2147467261', N'Object reference not set to an instance of an object.', N'   at Restaurant.View.reports.uc_reports.<translate>d__8.MoveNext() in E:Restaurant 16-4-2022RestaurantViewreportsuc_reports.xaml.cs:line 132rn--- End of stack trace from previous location where exception was thrown ---rn   at System.Runtime.CompilerServices.TaskAwaiter.ThrowForNonSuccess(Task task)rn   at System.Runtime.CompilerServices.TaskAwaiter.HandleNonSuccessAndDebuggerNotification(Task task)rn   at System.Runtime.CompilerServices.TaskAwaiter.GetResult()rn   at Restaurant.View.reports.uc_reports.<UserControl_Loaded>d__6.MoveNext() in E:Restaurant 16-4-2022RestaurantViewreportsuc_reports.xaml.cs:line 65', N'Void MoveNext()', NULL, NULL, CAST(N'2022-04-16T11:57:16.5161736' AS DateTime2), 17)
GO
INSERT [dbo].[error] ([errorId], [num], [msg], [stackTrace], [targetSite], [posId], [branchId], [createDate], [createUserId]) VALUES (1339, N'-2147467261', N'Object reference not set to an instance of an object.', N'   at Restaurant.View.reports.kitchenReports.uc_kitchenReports.<translate>d__7.MoveNext() in E:Restaurant 16-4-2022RestaurantViewreportskitchenReportsuc_kitchenReports.xaml.cs:line 78rn--- End of stack trace from previous location where exception was thrown ---rn   at System.Runtime.CompilerServices.TaskAwaiter.ThrowForNonSuccess(Task task)rn   at System.Runtime.CompilerServices.TaskAwaiter.HandleNonSuccessAndDebuggerNotification(Task task)rn   at System.Runtime.CompilerServices.TaskAwaiter.GetResult()rn   at Restaurant.View.reports.kitchenReports.uc_kitchenReports.<UserControl_Loaded>d__5.MoveNext() in E:Restaurant 16-4-2022RestaurantViewreportskitchenReportsuc_kitchenReports.xaml.cs:line 57', N'Void MoveNext()', NULL, NULL, CAST(N'2022-04-16T11:57:18.4526173' AS DateTime2), 17)
GO
INSERT [dbo].[error] ([errorId], [num], [msg], [stackTrace], [targetSite], [posId], [branchId], [createDate], [createUserId]) VALUES (1340, N'-2147467261', N'Object reference not set to an instance of an object.', N'   at Restaurant.View.reports.uc_reports.<translate>d__8.MoveNext() in E:Restaurant 16-4-2022RestaurantViewreportsuc_reports.xaml.cs:line 132rn--- End of stack trace from previous location where exception was thrown ---rn   at System.Runtime.CompilerServices.TaskAwaiter.ThrowForNonSuccess(Task task)rn   at System.Runtime.CompilerServices.TaskAwaiter.HandleNonSuccessAndDebuggerNotification(Task task)rn   at System.Runtime.CompilerServices.TaskAwaiter.GetResult()rn   at Restaurant.View.reports.uc_reports.<UserControl_Loaded>d__6.MoveNext() in E:Restaurant 16-4-2022RestaurantViewreportsuc_reports.xaml.cs:line 65', N'Void MoveNext()', NULL, NULL, CAST(N'2022-04-16T11:57:29.4655222' AS DateTime2), 17)
GO
INSERT [dbo].[error] ([errorId], [num], [msg], [stackTrace], [targetSite], [posId], [branchId], [createDate], [createUserId]) VALUES (1341, N'-2147467261', N'Object reference not set to an instance of an object.', N'   at Restaurant.View.reports.kitchenReports.uc_kitchenReports.<translate>d__7.MoveNext() in E:Restaurant 16-4-2022RestaurantViewreportskitchenReportsuc_kitchenReports.xaml.cs:line 78rn--- End of stack trace from previous location where exception was thrown ---rn   at System.Runtime.CompilerServices.TaskAwaiter.ThrowForNonSuccess(Task task)rn   at System.Runtime.CompilerServices.TaskAwaiter.HandleNonSuccessAndDebuggerNotification(Task task)rn   at System.Runtime.CompilerServices.TaskAwaiter.GetResult()rn   at Restaurant.View.reports.kitchenReports.uc_kitchenReports.<UserControl_Loaded>d__5.MoveNext() in E:Restaurant 16-4-2022RestaurantViewreportskitchenReportsuc_kitchenReports.xaml.cs:line 57', N'Void MoveNext()', NULL, NULL, CAST(N'2022-04-16T11:57:31.4601882' AS DateTime2), 17)
GO
INSERT [dbo].[error] ([errorId], [num], [msg], [stackTrace], [targetSite], [posId], [branchId], [createDate], [createUserId]) VALUES (1342, N'-2147467261', N'Object reference not set to an instance of an object.', N'   at Restaurant.View.reports.uc_reports.<translate>d__8.MoveNext() in E:Restaurant 16-4-2022RestaurantViewreportsuc_reports.xaml.cs:line 132rn--- End of stack trace from previous location where exception was thrown ---rn   at System.Runtime.CompilerServices.TaskAwaiter.ThrowForNonSuccess(Task task)rn   at System.Runtime.CompilerServices.TaskAwaiter.HandleNonSuccessAndDebuggerNotification(Task task)rn   at System.Runtime.CompilerServices.TaskAwaiter.GetResult()rn   at Restaurant.View.reports.uc_reports.<UserControl_Loaded>d__6.MoveNext() in E:Restaurant 16-4-2022RestaurantViewreportsuc_reports.xaml.cs:line 65', N'Void MoveNext()', NULL, NULL, CAST(N'2022-04-16T12:01:28.1424852' AS DateTime2), 17)
GO
INSERT [dbo].[error] ([errorId], [num], [msg], [stackTrace], [targetSite], [posId], [branchId], [createDate], [createUserId]) VALUES (1343, N'-2147467261', N'Object reference not set to an instance of an object.', N'   at Restaurant.View.reports.kitchenReports.uc_kitchenReports.<translate>d__7.MoveNext() in E:Restaurant 16-4-2022RestaurantViewreportskitchenReportsuc_kitchenReports.xaml.cs:line 78rn--- End of stack trace from previous location where exception was thrown ---rn   at System.Runtime.CompilerServices.TaskAwaiter.ThrowForNonSuccess(Task task)rn   at System.Runtime.CompilerServices.TaskAwaiter.HandleNonSuccessAndDebuggerNotification(Task task)rn   at System.Runtime.CompilerServices.TaskAwaiter.GetResult()rn   at Restaurant.View.reports.kitchenReports.uc_kitchenReports.<UserControl_Loaded>d__5.MoveNext() in E:Restaurant 16-4-2022RestaurantViewreportskitchenReportsuc_kitchenReports.xaml.cs:line 57', N'Void MoveNext()', NULL, NULL, CAST(N'2022-04-16T12:01:29.9027765' AS DateTime2), 17)
GO
INSERT [dbo].[error] ([errorId], [num], [msg], [stackTrace], [targetSite], [posId], [branchId], [createDate], [createUserId]) VALUES (1344, N'-2147467261', N'Object reference not set to an instance of an object.', N'   at Restaurant.View.reports.uc_reports.<translate>d__8.MoveNext() in E:Restaurant 16-4-2022RestaurantViewreportsuc_reports.xaml.cs:line 132rn--- End of stack trace from previous location where exception was thrown ---rn   at System.Runtime.CompilerServices.TaskAwaiter.ThrowForNonSuccess(Task task)rn   at System.Runtime.CompilerServices.TaskAwaiter.HandleNonSuccessAndDebuggerNotification(Task task)rn   at System.Runtime.CompilerServices.TaskAwaiter.GetResult()rn   at Restaurant.View.reports.uc_reports.<UserControl_Loaded>d__6.MoveNext() in E:Restaurant 16-4-2022RestaurantViewreportsuc_reports.xaml.cs:line 65', N'Void MoveNext()', NULL, NULL, CAST(N'2022-04-16T12:10:18.3720705' AS DateTime2), 17)
GO
INSERT [dbo].[error] ([errorId], [num], [msg], [stackTrace], [targetSite], [posId], [branchId], [createDate], [createUserId]) VALUES (1345, N'-2147467261', N'Object reference not set to an instance of an object.', N'   at Restaurant.View.reports.kitchenReports.uc_kitchenReports.<translate>d__7.MoveNext() in E:Restaurant 16-4-2022RestaurantViewreportskitchenReportsuc_kitchenReports.xaml.cs:line 78rn--- End of stack trace from previous location where exception was thrown ---rn   at System.Runtime.CompilerServices.TaskAwaiter.ThrowForNonSuccess(Task task)rn   at System.Runtime.CompilerServices.TaskAwaiter.HandleNonSuccessAndDebuggerNotification(Task task)rn   at System.Runtime.CompilerServices.TaskAwaiter.GetResult()rn   at Restaurant.View.reports.kitchenReports.uc_kitchenReports.<UserControl_Loaded>d__5.MoveNext() in E:Restaurant 16-4-2022RestaurantViewreportskitchenReportsuc_kitchenReports.xaml.cs:line 57', N'Void MoveNext()', NULL, NULL, CAST(N'2022-04-16T12:10:21.6024347' AS DateTime2), 17)
GO
INSERT [dbo].[error] ([errorId], [num], [msg], [stackTrace], [targetSite], [posId], [branchId], [createDate], [createUserId]) VALUES (1346, N'-2147467261', N'Object reference not set to an instance of an object.', N'   at Restaurant.View.reports.uc_reports.<translate>d__8.MoveNext() in E:Restaurant 16-4-2022RestaurantViewreportsuc_reports.xaml.cs:line 132rn--- End of stack trace from previous location where exception was thrown ---rn   at System.Runtime.CompilerServices.TaskAwaiter.ThrowForNonSuccess(Task task)rn   at System.Runtime.CompilerServices.TaskAwaiter.HandleNonSuccessAndDebuggerNotification(Task task)rn   at System.Runtime.CompilerServices.TaskAwaiter.GetResult()rn   at Restaurant.View.reports.uc_reports.<UserControl_Loaded>d__6.MoveNext() in E:Restaurant 16-4-2022RestaurantViewreportsuc_reports.xaml.cs:line 65', N'Void MoveNext()', NULL, NULL, CAST(N'2022-04-16T12:12:51.2060329' AS DateTime2), 17)
GO
INSERT [dbo].[error] ([errorId], [num], [msg], [stackTrace], [targetSite], [posId], [branchId], [createDate], [createUserId]) VALUES (1347, N'-2147467261', N'Object reference not set to an instance of an object.', N'   at Restaurant.View.reports.kitchenReports.uc_kitchenReports.<translate>d__7.MoveNext() in E:Restaurant 16-4-2022RestaurantViewreportskitchenReportsuc_kitchenReports.xaml.cs:line 78rn--- End of stack trace from previous location where exception was thrown ---rn   at System.Runtime.CompilerServices.TaskAwaiter.ThrowForNonSuccess(Task task)rn   at System.Runtime.CompilerServices.TaskAwaiter.HandleNonSuccessAndDebuggerNotification(Task task)rn   at System.Runtime.CompilerServices.TaskAwaiter.GetResult()rn   at Restaurant.View.reports.kitchenReports.uc_kitchenReports.<UserControl_Loaded>d__5.MoveNext() in E:Restaurant 16-4-2022RestaurantViewreportskitchenReportsuc_kitchenReports.xaml.cs:line 57', N'Void MoveNext()', NULL, NULL, CAST(N'2022-04-16T12:12:53.0012365' AS DateTime2), 17)
GO
INSERT [dbo].[error] ([errorId], [num], [msg], [stackTrace], [targetSite], [posId], [branchId], [createDate], [createUserId]) VALUES (1348, N'-2147467261', N'Object reference not set to an instance of an object.', N'   at Restaurant.Classes.Pos.<getById>d__70.MoveNext() in E:Restaurant 16-4-2022RestaurantClassesApiClassesPos.cs:line 74rn--- End of stack trace from previous location where exception was thrown ---rn   at System.Runtime.CompilerServices.TaskAwaiter.ThrowForNonSuccess(Task task)rn   at System.Runtime.CompilerServices.TaskAwaiter.HandleNonSuccessAndDebuggerNotification(Task task)rn   at System.Runtime.CompilerServices.TaskAwaiter`1.GetResult()rn   at Restaurant.MainWindow.<timer_Thread>d__72.MoveNext() in E:Restaurant 16-4-2022RestaurantMainWindow.xaml.cs:line 1366', N'Void MoveNext()', NULL, NULL, CAST(N'2022-04-16T12:15:43.9935886' AS DateTime2), 17)
GO
INSERT [dbo].[error] ([errorId], [num], [msg], [stackTrace], [targetSite], [posId], [branchId], [createDate], [createUserId]) VALUES (1349, N'-2147467261', N'Object reference not set to an instance of an object.', N'   at Restaurant.View.reports.uc_reports.<translate>d__8.MoveNext() in E:Restaurant 16-4-2022RestaurantViewreportsuc_reports.xaml.cs:line 132rn--- End of stack trace from previous location where exception was thrown ---rn   at System.Runtime.CompilerServices.TaskAwaiter.ThrowForNonSuccess(Task task)rn   at System.Runtime.CompilerServices.TaskAwaiter.HandleNonSuccessAndDebuggerNotification(Task task)rn   at System.Runtime.CompilerServices.TaskAwaiter.GetResult()rn   at Restaurant.View.reports.uc_reports.<UserControl_Loaded>d__6.MoveNext() in E:Restaurant 16-4-2022RestaurantViewreportsuc_reports.xaml.cs:line 65', N'Void MoveNext()', NULL, NULL, CAST(N'2022-04-16T12:24:13.4604196' AS DateTime2), 17)
GO
INSERT [dbo].[error] ([errorId], [num], [msg], [stackTrace], [targetSite], [posId], [branchId], [createDate], [createUserId]) VALUES (1350, N'-2147467261', N'Object reference not set to an instance of an object.', N'   at Restaurant.View.reports.kitchenReports.uc_kitchenReports.<translate>d__7.MoveNext() in E:Restaurant 16-4-2022RestaurantViewreportskitchenReportsuc_kitchenReports.xaml.cs:line 78rn--- End of stack trace from previous location where exception was thrown ---rn   at System.Runtime.CompilerServices.TaskAwaiter.ThrowForNonSuccess(Task task)rn   at System.Runtime.CompilerServices.TaskAwaiter.HandleNonSuccessAndDebuggerNotification(Task task)rn   at System.Runtime.CompilerServices.TaskAwaiter.GetResult()rn   at Restaurant.View.reports.kitchenReports.uc_kitchenReports.<UserControl_Loaded>d__5.MoveNext() in E:Restaurant 16-4-2022RestaurantViewreportskitchenReportsuc_kitchenReports.xaml.cs:line 57', N'Void MoveNext()', NULL, NULL, CAST(N'2022-04-16T12:24:15.6805197' AS DateTime2), 17)
GO
INSERT [dbo].[error] ([errorId], [num], [msg], [stackTrace], [targetSite], [posId], [branchId], [createDate], [createUserId]) VALUES (1351, N'-2147467261', N'Object reference not set to an instance of an object.', N'   at Restaurant.View.reports.uc_reports.<translate>d__8.MoveNext() in E:Restaurant 16-4-2022RestaurantViewreportsuc_reports.xaml.cs:line 132rn--- End of stack trace from previous location where exception was thrown ---rn   at System.Runtime.CompilerServices.TaskAwaiter.ThrowForNonSuccess(Task task)rn   at System.Runtime.CompilerServices.TaskAwaiter.HandleNonSuccessAndDebuggerNotification(Task task)rn   at System.Runtime.CompilerServices.TaskAwaiter.GetResult()rn   at Restaurant.View.reports.uc_reports.<UserControl_Loaded>d__6.MoveNext() in E:Restaurant 16-4-2022RestaurantViewreportsuc_reports.xaml.cs:line 65', N'Void MoveNext()', NULL, NULL, CAST(N'2022-04-16T12:26:32.2224792' AS DateTime2), 17)
GO
INSERT [dbo].[error] ([errorId], [num], [msg], [stackTrace], [targetSite], [posId], [branchId], [createDate], [createUserId]) VALUES (1352, N'-2147467261', N'Object reference not set to an instance of an object.', N'   at Restaurant.View.reports.kitchenReports.uc_kitchenReports.<translate>d__7.MoveNext() in E:Restaurant 16-4-2022RestaurantViewreportskitchenReportsuc_kitchenReports.xaml.cs:line 78rn--- End of stack trace from previous location where exception was thrown ---rn   at System.Runtime.CompilerServices.TaskAwaiter.ThrowForNonSuccess(Task task)rn   at System.Runtime.CompilerServices.TaskAwaiter.HandleNonSuccessAndDebuggerNotification(Task task)rn   at System.Runtime.CompilerServices.TaskAwaiter.GetResult()rn   at Restaurant.View.reports.kitchenReports.uc_kitchenReports.<UserControl_Loaded>d__5.MoveNext() in E:Restaurant 16-4-2022RestaurantViewreportskitchenReportsuc_kitchenReports.xaml.cs:line 57', N'Void MoveNext()', NULL, NULL, CAST(N'2022-04-16T12:26:34.0974665' AS DateTime2), 17)
GO
INSERT [dbo].[error] ([errorId], [num], [msg], [stackTrace], [targetSite], [posId], [branchId], [createDate], [createUserId]) VALUES (1353, N'-2147467261', N'Object reference not set to an instance of an object.', N'   at Restaurant.View.reports.uc_reports.<translate>d__8.MoveNext() in E:Restaurant 16-4-2022RestaurantViewreportsuc_reports.xaml.cs:line 132rn--- End of stack trace from previous location where exception was thrown ---rn   at System.Runtime.CompilerServices.TaskAwaiter.ThrowForNonSuccess(Task task)rn   at System.Runtime.CompilerServices.TaskAwaiter.HandleNonSuccessAndDebuggerNotification(Task task)rn   at System.Runtime.CompilerServices.TaskAwaiter.GetResult()rn   at Restaurant.View.reports.uc_reports.<UserControl_Loaded>d__6.MoveNext() in E:Restaurant 16-4-2022RestaurantViewreportsuc_reports.xaml.cs:line 65', N'Void MoveNext()', NULL, NULL, CAST(N'2022-04-16T12:27:09.4200392' AS DateTime2), 17)
GO
INSERT [dbo].[error] ([errorId], [num], [msg], [stackTrace], [targetSite], [posId], [branchId], [createDate], [createUserId]) VALUES (1354, N'-2147467261', N'Object reference not set to an instance of an object.', N'   at Restaurant.View.reports.kitchenReports.uc_kitchenReports.<translate>d__7.MoveNext() in E:Restaurant 16-4-2022RestaurantViewreportskitchenReportsuc_kitchenReports.xaml.cs:line 78rn--- End of stack trace from previous location where exception was thrown ---rn   at System.Runtime.CompilerServices.TaskAwaiter.ThrowForNonSuccess(Task task)rn   at System.Runtime.CompilerServices.TaskAwaiter.HandleNonSuccessAndDebuggerNotification(Task task)rn   at System.Runtime.CompilerServices.TaskAwaiter.GetResult()rn   at Restaurant.View.reports.kitchenReports.uc_kitchenReports.<UserControl_Loaded>d__5.MoveNext() in E:Restaurant 16-4-2022RestaurantViewreportskitchenReportsuc_kitchenReports.xaml.cs:line 57', N'Void MoveNext()', NULL, NULL, CAST(N'2022-04-16T12:27:11.4356503' AS DateTime2), 17)
GO
INSERT [dbo].[error] ([errorId], [num], [msg], [stackTrace], [targetSite], [posId], [branchId], [createDate], [createUserId]) VALUES (1355, N'-2147467261', N'Object reference not set to an instance of an object.', N'   at Restaurant.View.reports.uc_reports.<translate>d__8.MoveNext() in E:Restaurant 16-4-2022RestaurantViewreportsuc_reports.xaml.cs:line 132rn--- End of stack trace from previous location where exception was thrown ---rn   at System.Runtime.CompilerServices.TaskAwaiter.ThrowForNonSuccess(Task task)rn   at System.Runtime.CompilerServices.TaskAwaiter.HandleNonSuccessAndDebuggerNotification(Task task)rn   at System.Runtime.CompilerServices.TaskAwaiter.GetResult()rn   at Restaurant.View.reports.uc_reports.<UserControl_Loaded>d__6.MoveNext() in E:Restaurant 16-4-2022RestaurantViewreportsuc_reports.xaml.cs:line 65', N'Void MoveNext()', NULL, NULL, CAST(N'2022-04-16T12:32:15.1227116' AS DateTime2), 17)
GO
INSERT [dbo].[error] ([errorId], [num], [msg], [stackTrace], [targetSite], [posId], [branchId], [createDate], [createUserId]) VALUES (1356, N'-2147467261', N'Object reference not set to an instance of an object.', N'   at Restaurant.View.reports.kitchenReports.uc_kitchenReports.<translate>d__7.MoveNext() in E:Restaurant 16-4-2022RestaurantViewreportskitchenReportsuc_kitchenReports.xaml.cs:line 78rn--- End of stack trace from previous location where exception was thrown ---rn   at System.Runtime.CompilerServices.TaskAwaiter.ThrowForNonSuccess(Task task)rn   at System.Runtime.CompilerServices.TaskAwaiter.HandleNonSuccessAndDebuggerNotification(Task task)rn   at System.Runtime.CompilerServices.TaskAwaiter.GetResult()rn   at Restaurant.View.reports.kitchenReports.uc_kitchenReports.<UserControl_Loaded>d__5.MoveNext() in E:Restaurant 16-4-2022RestaurantViewreportskitchenReportsuc_kitchenReports.xaml.cs:line 57', N'Void MoveNext()', NULL, NULL, CAST(N'2022-04-16T12:32:17.2889214' AS DateTime2), 17)
GO
INSERT [dbo].[error] ([errorId], [num], [msg], [stackTrace], [targetSite], [posId], [branchId], [createDate], [createUserId]) VALUES (1357, N'-2147467261', N'Object reference not set to an instance of an object.', N'   at Restaurant.View.reports.uc_reports.<translate>d__8.MoveNext() in E:Restaurant 16-4-2022RestaurantViewreportsuc_reports.xaml.cs:line 132rn--- End of stack trace from previous location where exception was thrown ---rn   at System.Runtime.CompilerServices.TaskAwaiter.ThrowForNonSuccess(Task task)rn   at System.Runtime.CompilerServices.TaskAwaiter.HandleNonSuccessAndDebuggerNotification(Task task)rn   at System.Runtime.CompilerServices.TaskAwaiter.GetResult()rn   at Restaurant.View.reports.uc_reports.<UserControl_Loaded>d__6.MoveNext() in E:Restaurant 16-4-2022RestaurantViewreportsuc_reports.xaml.cs:line 65', N'Void MoveNext()', NULL, NULL, CAST(N'2022-04-16T12:34:35.8690717' AS DateTime2), 17)
GO
INSERT [dbo].[error] ([errorId], [num], [msg], [stackTrace], [targetSite], [posId], [branchId], [createDate], [createUserId]) VALUES (1358, N'-2147467261', N'Object reference not set to an instance of an object.', N'   at Restaurant.Classes.Pos.<getById>d__70.MoveNext() in E:Restaurant 16-4-2022RestaurantClassesApiClassesPos.cs:line 74rn--- End of stack trace from previous location where exception was thrown ---rn   at System.Runtime.CompilerServices.TaskAwaiter.ThrowForNonSuccess(Task task)rn   at System.Runtime.CompilerServices.TaskAwaiter.HandleNonSuccessAndDebuggerNotification(Task task)rn   at System.Runtime.CompilerServices.TaskAwaiter`1.GetResult()rn   at Restaurant.MainWindow.<timer_Thread>d__72.MoveNext() in E:Restaurant 16-4-2022RestaurantMainWindow.xaml.cs:line 1366', N'Void MoveNext()', NULL, NULL, CAST(N'2022-04-16T12:35:40.5545133' AS DateTime2), 17)
GO
INSERT [dbo].[error] ([errorId], [num], [msg], [stackTrace], [targetSite], [posId], [branchId], [createDate], [createUserId]) VALUES (1359, N'-2146233079', N'Cannot set Visibility to Visible or call Show, ShowDialog, Close, or WindowInteropHelper.EnsureHandle while a Window is closing.', N'   at System.Windows.Window.VerifyNotClosing()rn   at System.Windows.Window.InternalClose(Boolean shutdown, Boolean ignoreCancel)rn   at System.Windows.Window.Close()rn   at Restaurant.View.windows.wd_subscriptionFees.Window_Closing(Object sender, CancelEventArgs e) in C:UsersHPDocumentsGitHubRESprojectRestaurantRestaurantViewwindowswd_subscriptionFees.xaml.cs:line 103', N'Void VerifyNotClosing()', NULL, NULL, CAST(N'2022-04-16T12:39:33.0499989' AS DateTime2), 2)
GO
INSERT [dbo].[error] ([errorId], [num], [msg], [stackTrace], [targetSite], [posId], [branchId], [createDate], [createUserId]) VALUES (1360, N'-2147467261', N'Object reference not set to an instance of an object.', N'   at Restaurant.View.reports.uc_reports.<translate>d__8.MoveNext() in E:Restaurant 16-4-2022RestaurantViewreportsuc_reports.xaml.cs:line 132rn--- End of stack trace from previous location where exception was thrown ---rn   at System.Runtime.CompilerServices.TaskAwaiter.ThrowForNonSuccess(Task task)rn   at System.Runtime.CompilerServices.TaskAwaiter.HandleNonSuccessAndDebuggerNotification(Task task)rn   at System.Runtime.CompilerServices.TaskAwaiter.GetResult()rn   at Restaurant.View.reports.uc_reports.<UserControl_Loaded>d__6.MoveNext() in E:Restaurant 16-4-2022RestaurantViewreportsuc_reports.xaml.cs:line 65', N'Void MoveNext()', NULL, NULL, CAST(N'2022-04-16T13:21:56.8620389' AS DateTime2), 17)
GO
INSERT [dbo].[error] ([errorId], [num], [msg], [stackTrace], [targetSite], [posId], [branchId], [createDate], [createUserId]) VALUES (1361, N'-2147467261', N'Object reference not set to an instance of an object.', N'   at Restaurant.View.reports.kitchenReports.uc_kitchenReports.<translate>d__7.MoveNext() in E:Restaurant 16-4-2022RestaurantViewreportskitchenReportsuc_kitchenReports.xaml.cs:line 78rn--- End of stack trace from previous location where exception was thrown ---rn   at System.Runtime.CompilerServices.TaskAwaiter.ThrowForNonSuccess(Task task)rn   at System.Runtime.CompilerServices.TaskAwaiter.HandleNonSuccessAndDebuggerNotification(Task task)rn   at System.Runtime.CompilerServices.TaskAwaiter.GetResult()rn   at Restaurant.View.reports.kitchenReports.uc_kitchenReports.<UserControl_Loaded>d__5.MoveNext() in E:Restaurant 16-4-2022RestaurantViewreportskitchenReportsuc_kitchenReports.xaml.cs:line 57', N'Void MoveNext()', NULL, NULL, CAST(N'2022-04-16T13:21:59.2037764' AS DateTime2), 17)
GO
INSERT [dbo].[error] ([errorId], [num], [msg], [stackTrace], [targetSite], [posId], [branchId], [createDate], [createUserId]) VALUES (1362, N'-2147467261', N'Object reference not set to an instance of an object.', N'   at Restaurant.View.reports.uc_reports.<translate>d__8.MoveNext() in E:Restaurant 16-4-2022RestaurantViewreportsuc_reports.xaml.cs:line 132rn--- End of stack trace from previous location where exception was thrown ---rn   at System.Runtime.CompilerServices.TaskAwaiter.ThrowForNonSuccess(Task task)rn   at System.Runtime.CompilerServices.TaskAwaiter.HandleNonSuccessAndDebuggerNotification(Task task)rn   at System.Runtime.CompilerServices.TaskAwaiter.GetResult()rn   at Restaurant.View.reports.uc_reports.<UserControl_Loaded>d__6.MoveNext() in E:Restaurant 16-4-2022RestaurantViewreportsuc_reports.xaml.cs:line 65', N'Void MoveNext()', NULL, NULL, CAST(N'2022-04-16T13:26:43.3541777' AS DateTime2), 17)
GO
INSERT [dbo].[error] ([errorId], [num], [msg], [stackTrace], [targetSite], [posId], [branchId], [createDate], [createUserId]) VALUES (1363, N'-2147467261', N'Object reference not set to an instance of an object.', N'   at Restaurant.View.reports.kitchenReports.uc_kitchenReports.<translate>d__7.MoveNext() in E:Restaurant 16-4-2022RestaurantViewreportskitchenReportsuc_kitchenReports.xaml.cs:line 78rn--- End of stack trace from previous location where exception was thrown ---rn   at System.Runtime.CompilerServices.TaskAwaiter.ThrowForNonSuccess(Task task)rn   at System.Runtime.CompilerServices.TaskAwaiter.HandleNonSuccessAndDebuggerNotification(Task task)rn   at System.Runtime.CompilerServices.TaskAwaiter.GetResult()rn   at Restaurant.View.reports.kitchenReports.uc_kitchenReports.<UserControl_Loaded>d__5.MoveNext() in E:Restaurant 16-4-2022RestaurantViewreportskitchenReportsuc_kitchenReports.xaml.cs:line 57', N'Void MoveNext()', NULL, NULL, CAST(N'2022-04-16T13:26:45.0975194' AS DateTime2), 17)
GO
INSERT [dbo].[error] ([errorId], [num], [msg], [stackTrace], [targetSite], [posId], [branchId], [createDate], [createUserId]) VALUES (1364, N'-2147467261', N'Object reference not set to an instance of an object.', N'   at Restaurant.View.reports.kitchenReports.uc_kitchenReports.<translate>d__7.MoveNext() in E:Restaurant 16-4-2022RestaurantViewreportskitchenReportsuc_kitchenReports.xaml.cs:line 78rn--- End of stack trace from previous location where exception was thrown ---rn   at System.Runtime.CompilerServices.TaskAwaiter.ThrowForNonSuccess(Task task)rn   at System.Runtime.CompilerServices.TaskAwaiter.HandleNonSuccessAndDebuggerNotification(Task task)rn   at System.Runtime.CompilerServices.TaskAwaiter.GetResult()rn   at Restaurant.View.reports.kitchenReports.uc_kitchenReports.<UserControl_Loaded>d__5.MoveNext() in E:Restaurant 16-4-2022RestaurantViewreportskitchenReportsuc_kitchenReports.xaml.cs:line 57', N'Void MoveNext()', NULL, NULL, CAST(N'2022-04-16T13:30:42.3172072' AS DateTime2), 17)
GO
INSERT [dbo].[error] ([errorId], [num], [msg], [stackTrace], [targetSite], [posId], [branchId], [createDate], [createUserId]) VALUES (1365, N'-2147467261', N'Object reference not set to an instance of an object.', N'   at Restaurant.View.reports.uc_reports.<translate>d__8.MoveNext() in E:Restaurant 16-4-2022RestaurantViewreportsuc_reports.xaml.cs:line 132rn--- End of stack trace from previous location where exception was thrown ---rn   at System.Runtime.CompilerServices.TaskAwaiter.ThrowForNonSuccess(Task task)rn   at System.Runtime.CompilerServices.TaskAwaiter.HandleNonSuccessAndDebuggerNotification(Task task)rn   at System.Runtime.CompilerServices.TaskAwaiter.GetResult()rn   at Restaurant.View.reports.uc_reports.<UserControl_Loaded>d__6.MoveNext() in E:Restaurant 16-4-2022RestaurantViewreportsuc_reports.xaml.cs:line 65', N'Void MoveNext()', NULL, NULL, CAST(N'2022-04-16T13:30:42.3172072' AS DateTime2), 17)
GO
INSERT [dbo].[error] ([errorId], [num], [msg], [stackTrace], [targetSite], [posId], [branchId], [createDate], [createUserId]) VALUES (1366, N'-2147467261', N'Object reference not set to an instance of an object.', N'   at Restaurant.View.reports.uc_reports.<translate>d__8.MoveNext() in E:Restaurant 16-4-2022RestaurantViewreportsuc_reports.xaml.cs:line 132rn--- End of stack trace from previous location where exception was thrown ---rn   at System.Runtime.CompilerServices.TaskAwaiter.ThrowForNonSuccess(Task task)rn   at System.Runtime.CompilerServices.TaskAwaiter.HandleNonSuccessAndDebuggerNotification(Task task)rn   at System.Runtime.CompilerServices.TaskAwaiter.GetResult()rn   at Restaurant.View.reports.uc_reports.<UserControl_Loaded>d__6.MoveNext() in E:Restaurant 16-4-2022RestaurantViewreportsuc_reports.xaml.cs:line 65', N'Void MoveNext()', NULL, NULL, CAST(N'2022-04-16T13:41:59.1955965' AS DateTime2), 17)
GO
INSERT [dbo].[error] ([errorId], [num], [msg], [stackTrace], [targetSite], [posId], [branchId], [createDate], [createUserId]) VALUES (1367, N'-2147467261', N'Object reference not set to an instance of an object.', N'   at Restaurant.View.reports.kitchenReports.uc_kitchenReports.<translate>d__7.MoveNext() in E:Restaurant 16-4-2022RestaurantViewreportskitchenReportsuc_kitchenReports.xaml.cs:line 78rn--- End of stack trace from previous location where exception was thrown ---rn   at System.Runtime.CompilerServices.TaskAwaiter.ThrowForNonSuccess(Task task)rn   at System.Runtime.CompilerServices.TaskAwaiter.HandleNonSuccessAndDebuggerNotification(Task task)rn   at System.Runtime.CompilerServices.TaskAwaiter.GetResult()rn   at Restaurant.View.reports.kitchenReports.uc_kitchenReports.<UserControl_Loaded>d__5.MoveNext() in E:Restaurant 16-4-2022RestaurantViewreportskitchenReportsuc_kitchenReports.xaml.cs:line 57', N'Void MoveNext()', NULL, NULL, CAST(N'2022-04-16T13:42:01.5852087' AS DateTime2), 17)
GO
INSERT [dbo].[error] ([errorId], [num], [msg], [stackTrace], [targetSite], [posId], [branchId], [createDate], [createUserId]) VALUES (1368, N'-2147467261', N'Object reference not set to an instance of an object.', N'   at Restaurant.View.reports.uc_reports.<translate>d__8.MoveNext() in E:Restaurant 16-4-2022RestaurantViewreportsuc_reports.xaml.cs:line 132rn--- End of stack trace from previous location where exception was thrown ---rn   at System.Runtime.CompilerServices.TaskAwaiter.ThrowForNonSuccess(Task task)rn   at System.Runtime.CompilerServices.TaskAwaiter.HandleNonSuccessAndDebuggerNotification(Task task)rn   at System.Runtime.CompilerServices.TaskAwaiter.GetResult()rn   at Restaurant.View.reports.uc_reports.<UserControl_Loaded>d__6.MoveNext() in E:Restaurant 16-4-2022RestaurantViewreportsuc_reports.xaml.cs:line 65', N'Void MoveNext()', NULL, NULL, CAST(N'2022-04-16T13:44:00.9559351' AS DateTime2), 17)
GO
INSERT [dbo].[error] ([errorId], [num], [msg], [stackTrace], [targetSite], [posId], [branchId], [createDate], [createUserId]) VALUES (1369, N'-2147467261', N'Object reference not set to an instance of an object.', N'   at Restaurant.View.reports.kitchenReports.uc_kitchenReports.<translate>d__7.MoveNext() in E:Restaurant 16-4-2022RestaurantViewreportskitchenReportsuc_kitchenReports.xaml.cs:line 78rn--- End of stack trace from previous location where exception was thrown ---rn   at System.Runtime.CompilerServices.TaskAwaiter.ThrowForNonSuccess(Task task)rn   at System.Runtime.CompilerServices.TaskAwaiter.HandleNonSuccessAndDebuggerNotification(Task task)rn   at System.Runtime.CompilerServices.TaskAwaiter.GetResult()rn   at Restaurant.View.reports.kitchenReports.uc_kitchenReports.<UserControl_Loaded>d__5.MoveNext() in E:Restaurant 16-4-2022RestaurantViewreportskitchenReportsuc_kitchenReports.xaml.cs:line 57', N'Void MoveNext()', NULL, NULL, CAST(N'2022-04-16T13:44:02.8767989' AS DateTime2), 17)
GO
INSERT [dbo].[error] ([errorId], [num], [msg], [stackTrace], [targetSite], [posId], [branchId], [createDate], [createUserId]) VALUES (1370, N'-2147467261', N'Object reference not set to an instance of an object.', N'   at Restaurant.View.reports.uc_reports.<translate>d__8.MoveNext() in E:Restaurant 16-4-2022RestaurantViewreportsuc_reports.xaml.cs:line 132rn--- End of stack trace from previous location where exception was thrown ---rn   at System.Runtime.CompilerServices.TaskAwaiter.ThrowForNonSuccess(Task task)rn   at System.Runtime.CompilerServices.TaskAwaiter.HandleNonSuccessAndDebuggerNotification(Task task)rn   at System.Runtime.CompilerServices.TaskAwaiter.GetResult()rn   at Restaurant.View.reports.uc_reports.<UserControl_Loaded>d__6.MoveNext() in E:Restaurant 16-4-2022RestaurantViewreportsuc_reports.xaml.cs:line 65', N'Void MoveNext()', NULL, NULL, CAST(N'2022-04-16T13:45:23.1990797' AS DateTime2), 17)
GO
INSERT [dbo].[error] ([errorId], [num], [msg], [stackTrace], [targetSite], [posId], [branchId], [createDate], [createUserId]) VALUES (1371, N'-2147467261', N'Object reference not set to an instance of an object.', N'   at Restaurant.View.reports.kitchenReports.uc_kitchenReports.<translate>d__7.MoveNext() in E:Restaurant 16-4-2022RestaurantViewreportskitchenReportsuc_kitchenReports.xaml.cs:line 78rn--- End of stack trace from previous location where exception was thrown ---rn   at System.Runtime.CompilerServices.TaskAwaiter.ThrowForNonSuccess(Task task)rn   at System.Runtime.CompilerServices.TaskAwaiter.HandleNonSuccessAndDebuggerNotification(Task task)rn   at System.Runtime.CompilerServices.TaskAwaiter.GetResult()rn   at Restaurant.View.reports.kitchenReports.uc_kitchenReports.<UserControl_Loaded>d__5.MoveNext() in E:Restaurant 16-4-2022RestaurantViewreportskitchenReportsuc_kitchenReports.xaml.cs:line 57', N'Void MoveNext()', NULL, NULL, CAST(N'2022-04-16T13:45:24.9543862' AS DateTime2), 17)
GO
INSERT [dbo].[error] ([errorId], [num], [msg], [stackTrace], [targetSite], [posId], [branchId], [createDate], [createUserId]) VALUES (1372, N'-2147467261', N'Object reference not set to an instance of an object.', N'   at Restaurant.View.reports.uc_reports.<translate>d__8.MoveNext() in E:Restaurant 16-4-2022RestaurantViewreportsuc_reports.xaml.cs:line 132rn--- End of stack trace from previous location where exception was thrown ---rn   at System.Runtime.CompilerServices.TaskAwaiter.ThrowForNonSuccess(Task task)rn   at System.Runtime.CompilerServices.TaskAwaiter.HandleNonSuccessAndDebuggerNotification(Task task)rn   at System.Runtime.CompilerServices.TaskAwaiter.GetResult()rn   at Restaurant.View.reports.uc_reports.<UserControl_Loaded>d__6.MoveNext() in E:Restaurant 16-4-2022RestaurantViewreportsuc_reports.xaml.cs:line 65', N'Void MoveNext()', NULL, NULL, CAST(N'2022-04-16T13:46:19.9483748' AS DateTime2), 17)
GO
INSERT [dbo].[error] ([errorId], [num], [msg], [stackTrace], [targetSite], [posId], [branchId], [createDate], [createUserId]) VALUES (1373, N'-2147467261', N'Object reference not set to an instance of an object.', N'   at Restaurant.View.reports.kitchenReports.uc_kitchenReports.<translate>d__7.MoveNext() in E:Restaurant 16-4-2022RestaurantViewreportskitchenReportsuc_kitchenReports.xaml.cs:line 78rn--- End of stack trace from previous location where exception was thrown ---rn   at System.Runtime.CompilerServices.TaskAwaiter.ThrowForNonSuccess(Task task)rn   at System.Runtime.CompilerServices.TaskAwaiter.HandleNonSuccessAndDebuggerNotification(Task task)rn   at System.Runtime.CompilerServices.TaskAwaiter.GetResult()rn   at Restaurant.View.reports.kitchenReports.uc_kitchenReports.<UserControl_Loaded>d__5.MoveNext() in E:Restaurant 16-4-2022RestaurantViewreportskitchenReportsuc_kitchenReports.xaml.cs:line 57', N'Void MoveNext()', NULL, NULL, CAST(N'2022-04-16T13:46:21.7196745' AS DateTime2), 17)
GO
INSERT [dbo].[error] ([errorId], [num], [msg], [stackTrace], [targetSite], [posId], [branchId], [createDate], [createUserId]) VALUES (1374, N'-2147467261', N'Object reference not set to an instance of an object.', N'   at Restaurant.View.reports.uc_reports.<translate>d__8.MoveNext() in E:Restaurant 16-4-2022RestaurantViewreportsuc_reports.xaml.cs:line 132rn--- End of stack trace from previous location where exception was thrown ---rn   at System.Runtime.CompilerServices.TaskAwaiter.ThrowForNonSuccess(Task task)rn   at System.Runtime.CompilerServices.TaskAwaiter.HandleNonSuccessAndDebuggerNotification(Task task)rn   at System.Runtime.CompilerServices.TaskAwaiter.GetResult()rn   at Restaurant.View.reports.uc_reports.<UserControl_Loaded>d__6.MoveNext() in E:Restaurant 16-4-2022RestaurantViewreportsuc_reports.xaml.cs:line 65', N'Void MoveNext()', NULL, NULL, CAST(N'2022-04-16T13:48:25.1327292' AS DateTime2), 17)
GO
INSERT [dbo].[error] ([errorId], [num], [msg], [stackTrace], [targetSite], [posId], [branchId], [createDate], [createUserId]) VALUES (1375, N'-2147467261', N'Object reference not set to an instance of an object.', N'   at Restaurant.View.reports.kitchenReports.uc_kitchenReports.<translate>d__7.MoveNext() in E:Restaurant 16-4-2022RestaurantViewreportskitchenReportsuc_kitchenReports.xaml.cs:line 78rn--- End of stack trace from previous location where exception was thrown ---rn   at System.Runtime.CompilerServices.TaskAwaiter.ThrowForNonSuccess(Task task)rn   at System.Runtime.CompilerServices.TaskAwaiter.HandleNonSuccessAndDebuggerNotification(Task task)rn   at System.Runtime.CompilerServices.TaskAwaiter.GetResult()rn   at Restaurant.View.reports.kitchenReports.uc_kitchenReports.<UserControl_Loaded>d__5.MoveNext() in E:Restaurant 16-4-2022RestaurantViewreportskitchenReportsuc_kitchenReports.xaml.cs:line 57', N'Void MoveNext()', NULL, NULL, CAST(N'2022-04-16T13:48:26.9977424' AS DateTime2), 17)
GO
INSERT [dbo].[error] ([errorId], [num], [msg], [stackTrace], [targetSite], [posId], [branchId], [createDate], [createUserId]) VALUES (1376, N'-2147467261', N'Object reference not set to an instance of an object.', N'   at Restaurant.View.reports.uc_reports.<translate>d__8.MoveNext() in E:Restaurant 16-4-2022RestaurantViewreportsuc_reports.xaml.cs:line 132rn--- End of stack trace from previous location where exception was thrown ---rn   at System.Runtime.CompilerServices.TaskAwaiter.ThrowForNonSuccess(Task task)rn   at System.Runtime.CompilerServices.TaskAwaiter.HandleNonSuccessAndDebuggerNotification(Task task)rn   at System.Runtime.CompilerServices.TaskAwaiter.GetResult()rn   at Restaurant.View.reports.uc_reports.<UserControl_Loaded>d__6.MoveNext() in E:Restaurant 16-4-2022RestaurantViewreportsuc_reports.xaml.cs:line 65', N'Void MoveNext()', NULL, NULL, CAST(N'2022-04-16T13:50:16.9109213' AS DateTime2), 17)
GO
INSERT [dbo].[error] ([errorId], [num], [msg], [stackTrace], [targetSite], [posId], [branchId], [createDate], [createUserId]) VALUES (1377, N'-2147467261', N'Object reference not set to an instance of an object.', N'   at Restaurant.View.reports.kitchenReports.uc_kitchenReports.<translate>d__7.MoveNext() in E:Restaurant 16-4-2022RestaurantViewreportskitchenReportsuc_kitchenReports.xaml.cs:line 78rn--- End of stack trace from previous location where exception was thrown ---rn   at System.Runtime.CompilerServices.TaskAwaiter.ThrowForNonSuccess(Task task)rn   at System.Runtime.CompilerServices.TaskAwaiter.HandleNonSuccessAndDebuggerNotification(Task task)rn   at System.Runtime.CompilerServices.TaskAwaiter.GetResult()rn   at Restaurant.View.reports.kitchenReports.uc_kitchenReports.<UserControl_Loaded>d__5.MoveNext() in E:Restaurant 16-4-2022RestaurantViewreportskitchenReportsuc_kitchenReports.xaml.cs:line 57', N'Void MoveNext()', NULL, NULL, CAST(N'2022-04-16T13:50:18.7749384' AS DateTime2), 17)
GO
INSERT [dbo].[error] ([errorId], [num], [msg], [stackTrace], [targetSite], [posId], [branchId], [createDate], [createUserId]) VALUES (1378, N'-2147467261', N'Object reference not set to an instance of an object.', N'   at Restaurant.View.reports.uc_reports.<translate>d__8.MoveNext() in E:Restaurant 16-4-2022RestaurantViewreportsuc_reports.xaml.cs:line 132rn--- End of stack trace from previous location where exception was thrown ---rn   at System.Runtime.CompilerServices.TaskAwaiter.ThrowForNonSuccess(Task task)rn   at System.Runtime.CompilerServices.TaskAwaiter.HandleNonSuccessAndDebuggerNotification(Task task)rn   at System.Runtime.CompilerServices.TaskAwaiter.GetResult()rn   at Restaurant.View.reports.uc_reports.<UserControl_Loaded>d__6.MoveNext() in E:Restaurant 16-4-2022RestaurantViewreportsuc_reports.xaml.cs:line 65', N'Void MoveNext()', NULL, NULL, CAST(N'2022-04-16T13:51:37.2990262' AS DateTime2), 17)
GO
INSERT [dbo].[error] ([errorId], [num], [msg], [stackTrace], [targetSite], [posId], [branchId], [createDate], [createUserId]) VALUES (1379, N'-2147467261', N'Object reference not set to an instance of an object.', N'   at Restaurant.View.reports.kitchenReports.uc_kitchenReports.<translate>d__7.MoveNext() in E:Restaurant 16-4-2022RestaurantViewreportskitchenReportsuc_kitchenReports.xaml.cs:line 78rn--- End of stack trace from previous location where exception was thrown ---rn   at System.Runtime.CompilerServices.TaskAwaiter.ThrowForNonSuccess(Task task)rn   at System.Runtime.CompilerServices.TaskAwaiter.HandleNonSuccessAndDebuggerNotification(Task task)rn   at System.Runtime.CompilerServices.TaskAwaiter.GetResult()rn   at Restaurant.View.reports.kitchenReports.uc_kitchenReports.<UserControl_Loaded>d__5.MoveNext() in E:Restaurant 16-4-2022RestaurantViewreportskitchenReportsuc_kitchenReports.xaml.cs:line 57', N'Void MoveNext()', NULL, NULL, CAST(N'2022-04-16T13:51:39.6687207' AS DateTime2), 17)
GO
INSERT [dbo].[error] ([errorId], [num], [msg], [stackTrace], [targetSite], [posId], [branchId], [createDate], [createUserId]) VALUES (1380, N'-2147467261', N'Object reference not set to an instance of an object.', N'   at Restaurant.View.reports.uc_reports.<translate>d__8.MoveNext() in E:Restaurant 16-4-2022RestaurantViewreportsuc_reports.xaml.cs:line 132rn--- End of stack trace from previous location where exception was thrown ---rn   at System.Runtime.CompilerServices.TaskAwaiter.ThrowForNonSuccess(Task task)rn   at System.Runtime.CompilerServices.TaskAwaiter.HandleNonSuccessAndDebuggerNotification(Task task)rn   at System.Runtime.CompilerServices.TaskAwaiter.GetResult()rn   at Restaurant.View.reports.uc_reports.<UserControl_Loaded>d__6.MoveNext() in E:Restaurant 16-4-2022RestaurantViewreportsuc_reports.xaml.cs:line 65', N'Void MoveNext()', NULL, NULL, CAST(N'2022-04-16T14:01:16.8218299' AS DateTime2), 17)
GO
INSERT [dbo].[error] ([errorId], [num], [msg], [stackTrace], [targetSite], [posId], [branchId], [createDate], [createUserId]) VALUES (1381, N'-2147467261', N'Object reference not set to an instance of an object.', N'   at Restaurant.View.reports.kitchenReports.uc_kitchenReports.<translate>d__7.MoveNext() in E:Restaurant 16-4-2022RestaurantViewreportskitchenReportsuc_kitchenReports.xaml.cs:line 78rn--- End of stack trace from previous location where exception was thrown ---rn   at System.Runtime.CompilerServices.TaskAwaiter.ThrowForNonSuccess(Task task)rn   at System.Runtime.CompilerServices.TaskAwaiter.HandleNonSuccessAndDebuggerNotification(Task task)rn   at System.Runtime.CompilerServices.TaskAwaiter.GetResult()rn   at Restaurant.View.reports.kitchenReports.uc_kitchenReports.<UserControl_Loaded>d__5.MoveNext() in E:Restaurant 16-4-2022RestaurantViewreportskitchenReportsuc_kitchenReports.xaml.cs:line 57', N'Void MoveNext()', NULL, NULL, CAST(N'2022-04-16T14:01:19.2413582' AS DateTime2), 17)
GO
INSERT [dbo].[error] ([errorId], [num], [msg], [stackTrace], [targetSite], [posId], [branchId], [createDate], [createUserId]) VALUES (1382, N'-2147467261', N'Object reference not set to an instance of an object.', N'   at Restaurant.View.reports.uc_reports.<translate>d__8.MoveNext() in E:Restaurant 16-4-2022RestaurantViewreportsuc_reports.xaml.cs:line 132rn--- End of stack trace from previous location where exception was thrown ---rn   at System.Runtime.CompilerServices.TaskAwaiter.ThrowForNonSuccess(Task task)rn   at System.Runtime.CompilerServices.TaskAwaiter.HandleNonSuccessAndDebuggerNotification(Task task)rn   at System.Runtime.CompilerServices.TaskAwaiter.GetResult()rn   at Restaurant.View.reports.uc_reports.<UserControl_Loaded>d__6.MoveNext() in E:Restaurant 16-4-2022RestaurantViewreportsuc_reports.xaml.cs:line 65', N'Void MoveNext()', NULL, NULL, CAST(N'2022-04-16T14:04:59.7828035' AS DateTime2), 17)
GO
INSERT [dbo].[error] ([errorId], [num], [msg], [stackTrace], [targetSite], [posId], [branchId], [createDate], [createUserId]) VALUES (1383, N'-2147467261', N'Object reference not set to an instance of an object.', N'   at Restaurant.View.reports.kitchenReports.uc_kitchenReports.<translate>d__7.MoveNext() in E:Restaurant 16-4-2022RestaurantViewreportskitchenReportsuc_kitchenReports.xaml.cs:line 78rn--- End of stack trace from previous location where exception was thrown ---rn   at System.Runtime.CompilerServices.TaskAwaiter.ThrowForNonSuccess(Task task)rn   at System.Runtime.CompilerServices.TaskAwaiter.HandleNonSuccessAndDebuggerNotification(Task task)rn   at System.Runtime.CompilerServices.TaskAwaiter.GetResult()rn   at Restaurant.View.reports.kitchenReports.uc_kitchenReports.<UserControl_Loaded>d__5.MoveNext() in E:Restaurant 16-4-2022RestaurantViewreportskitchenReportsuc_kitchenReports.xaml.cs:line 57', N'Void MoveNext()', NULL, NULL, CAST(N'2022-04-16T14:05:01.5032026' AS DateTime2), 17)
GO
INSERT [dbo].[error] ([errorId], [num], [msg], [stackTrace], [targetSite], [posId], [branchId], [createDate], [createUserId]) VALUES (1384, N'-2147467261', N'Object reference not set to an instance of an object.', N'   at Restaurant.View.reports.uc_reports.<translate>d__8.MoveNext() in E:Restaurant 16-4-2022RestaurantViewreportsuc_reports.xaml.cs:line 132rn--- End of stack trace from previous location where exception was thrown ---rn   at System.Runtime.CompilerServices.TaskAwaiter.ThrowForNonSuccess(Task task)rn   at System.Runtime.CompilerServices.TaskAwaiter.HandleNonSuccessAndDebuggerNotification(Task task)rn   at System.Runtime.CompilerServices.TaskAwaiter.GetResult()rn   at Restaurant.View.reports.uc_reports.<UserControl_Loaded>d__6.MoveNext() in E:Restaurant 16-4-2022RestaurantViewreportsuc_reports.xaml.cs:line 65', N'Void MoveNext()', NULL, NULL, CAST(N'2022-04-16T14:07:08.5626347' AS DateTime2), 17)
GO
INSERT [dbo].[error] ([errorId], [num], [msg], [stackTrace], [targetSite], [posId], [branchId], [createDate], [createUserId]) VALUES (1385, N'-2147467261', N'Object reference not set to an instance of an object.', N'   at Restaurant.View.reports.kitchenReports.uc_kitchenReports.<translate>d__7.MoveNext() in E:Restaurant 16-4-2022RestaurantViewreportskitchenReportsuc_kitchenReports.xaml.cs:line 78rn--- End of stack trace from previous location where exception was thrown ---rn   at System.Runtime.CompilerServices.TaskAwaiter.ThrowForNonSuccess(Task task)rn   at System.Runtime.CompilerServices.TaskAwaiter.HandleNonSuccessAndDebuggerNotification(Task task)rn   at System.Runtime.CompilerServices.TaskAwaiter.GetResult()rn   at Restaurant.View.reports.kitchenReports.uc_kitchenReports.<UserControl_Loaded>d__5.MoveNext() in E:Restaurant 16-4-2022RestaurantViewreportskitchenReportsuc_kitchenReports.xaml.cs:line 57', N'Void MoveNext()', NULL, NULL, CAST(N'2022-04-16T14:07:10.1214667' AS DateTime2), 17)
GO
INSERT [dbo].[error] ([errorId], [num], [msg], [stackTrace], [targetSite], [posId], [branchId], [createDate], [createUserId]) VALUES (1386, N'-2147467261', N'Object reference not set to an instance of an object.', N'   at Restaurant.View.reports.uc_reports.<translate>d__8.MoveNext() in E:Restaurant 16-4-2022RestaurantViewreportsuc_reports.xaml.cs:line 132rn--- End of stack trace from previous location where exception was thrown ---rn   at System.Runtime.CompilerServices.TaskAwaiter.ThrowForNonSuccess(Task task)rn   at System.Runtime.CompilerServices.TaskAwaiter.HandleNonSuccessAndDebuggerNotification(Task task)rn   at System.Runtime.CompilerServices.TaskAwaiter.GetResult()rn   at Restaurant.View.reports.uc_reports.<UserControl_Loaded>d__6.MoveNext() in E:Restaurant 16-4-2022RestaurantViewreportsuc_reports.xaml.cs:line 65', N'Void MoveNext()', NULL, NULL, CAST(N'2022-04-16T14:08:22.6052164' AS DateTime2), 17)
GO
INSERT [dbo].[error] ([errorId], [num], [msg], [stackTrace], [targetSite], [posId], [branchId], [createDate], [createUserId]) VALUES (1387, N'-2147467261', N'Object reference not set to an instance of an object.', N'   at Restaurant.View.reports.kitchenReports.uc_kitchenReports.<translate>d__7.MoveNext() in E:Restaurant 16-4-2022RestaurantViewreportskitchenReportsuc_kitchenReports.xaml.cs:line 78rn--- End of stack trace from previous location where exception was thrown ---rn   at System.Runtime.CompilerServices.TaskAwaiter.ThrowForNonSuccess(Task task)rn   at System.Runtime.CompilerServices.TaskAwaiter.HandleNonSuccessAndDebuggerNotification(Task task)rn   at System.Runtime.CompilerServices.TaskAwaiter.GetResult()rn   at Restaurant.View.reports.kitchenReports.uc_kitchenReports.<UserControl_Loaded>d__5.MoveNext() in E:Restaurant 16-4-2022RestaurantViewreportskitchenReportsuc_kitchenReports.xaml.cs:line 57', N'Void MoveNext()', NULL, NULL, CAST(N'2022-04-16T14:08:25.7528008' AS DateTime2), 17)
GO
INSERT [dbo].[error] ([errorId], [num], [msg], [stackTrace], [targetSite], [posId], [branchId], [createDate], [createUserId]) VALUES (1388, N'-2147467261', N'Object reference not set to an instance of an object.', N'   at Restaurant.View.reports.uc_reports.<translate>d__8.MoveNext() in E:Restaurant 16-4-2022RestaurantViewreportsuc_reports.xaml.cs:line 132rn--- End of stack trace from previous location where exception was thrown ---rn   at System.Runtime.CompilerServices.TaskAwaiter.ThrowForNonSuccess(Task task)rn   at System.Runtime.CompilerServices.TaskAwaiter.HandleNonSuccessAndDebuggerNotification(Task task)rn   at System.Runtime.CompilerServices.TaskAwaiter.GetResult()rn   at Restaurant.View.reports.uc_reports.<UserControl_Loaded>d__6.MoveNext() in E:Restaurant 16-4-2022RestaurantViewreportsuc_reports.xaml.cs:line 65', N'Void MoveNext()', NULL, NULL, CAST(N'2022-04-16T14:09:30.0718635' AS DateTime2), 17)
GO
INSERT [dbo].[error] ([errorId], [num], [msg], [stackTrace], [targetSite], [posId], [branchId], [createDate], [createUserId]) VALUES (1389, N'-2147467261', N'Object reference not set to an instance of an object.', N'   at Restaurant.View.reports.kitchenReports.uc_kitchenReports.<translate>d__7.MoveNext() in E:Restaurant 16-4-2022RestaurantViewreportskitchenReportsuc_kitchenReports.xaml.cs:line 78rn--- End of stack trace from previous location where exception was thrown ---rn   at System.Runtime.CompilerServices.TaskAwaiter.ThrowForNonSuccess(Task task)rn   at System.Runtime.CompilerServices.TaskAwaiter.HandleNonSuccessAndDebuggerNotification(Task task)rn   at System.Runtime.CompilerServices.TaskAwaiter.GetResult()rn   at Restaurant.View.reports.kitchenReports.uc_kitchenReports.<UserControl_Loaded>d__5.MoveNext() in E:Restaurant 16-4-2022RestaurantViewreportskitchenReportsuc_kitchenReports.xaml.cs:line 57', N'Void MoveNext()', NULL, NULL, CAST(N'2022-04-16T14:09:31.9139382' AS DateTime2), 17)
GO
INSERT [dbo].[error] ([errorId], [num], [msg], [stackTrace], [targetSite], [posId], [branchId], [createDate], [createUserId]) VALUES (1390, N'-2147467261', N'Object reference not set to an instance of an object.', N'   at Restaurant.View.reports.uc_reports.<translate>d__8.MoveNext() in E:Restaurant 16-4-2022RestaurantViewreportsuc_reports.xaml.cs:line 132rn--- End of stack trace from previous location where exception was thrown ---rn   at System.Runtime.CompilerServices.TaskAwaiter.ThrowForNonSuccess(Task task)rn   at System.Runtime.CompilerServices.TaskAwaiter.HandleNonSuccessAndDebuggerNotification(Task task)rn   at System.Runtime.CompilerServices.TaskAwaiter.GetResult()rn   at Restaurant.View.reports.uc_reports.<UserControl_Loaded>d__6.MoveNext() in E:Restaurant 16-4-2022RestaurantViewreportsuc_reports.xaml.cs:line 65', N'Void MoveNext()', NULL, NULL, CAST(N'2022-04-16T14:10:56.3462949' AS DateTime2), 17)
GO
INSERT [dbo].[error] ([errorId], [num], [msg], [stackTrace], [targetSite], [posId], [branchId], [createDate], [createUserId]) VALUES (1391, N'-2147467261', N'Object reference not set to an instance of an object.', N'   at Restaurant.View.reports.kitchenReports.uc_kitchenReports.<translate>d__7.MoveNext() in E:Restaurant 16-4-2022RestaurantViewreportskitchenReportsuc_kitchenReports.xaml.cs:line 78rn--- End of stack trace from previous location where exception was thrown ---rn   at System.Runtime.CompilerServices.TaskAwaiter.ThrowForNonSuccess(Task task)rn   at System.Runtime.CompilerServices.TaskAwaiter.HandleNonSuccessAndDebuggerNotification(Task task)rn   at System.Runtime.CompilerServices.TaskAwaiter.GetResult()rn   at Restaurant.View.reports.kitchenReports.uc_kitchenReports.<UserControl_Loaded>d__5.MoveNext() in E:Restaurant 16-4-2022RestaurantViewreportskitchenReportsuc_kitchenReports.xaml.cs:line 57', N'Void MoveNext()', NULL, NULL, CAST(N'2022-04-16T14:10:58.2422278' AS DateTime2), 17)
GO
INSERT [dbo].[error] ([errorId], [num], [msg], [stackTrace], [targetSite], [posId], [branchId], [createDate], [createUserId]) VALUES (1392, N'-2147467261', N'Object reference not set to an instance of an object.', N'   at Restaurant.View.reports.uc_reports.<translate>d__8.MoveNext() in E:Restaurant 16-4-2022RestaurantViewreportsuc_reports.xaml.cs:line 132rn--- End of stack trace from previous location where exception was thrown ---rn   at System.Runtime.CompilerServices.TaskAwaiter.ThrowForNonSuccess(Task task)rn   at System.Runtime.CompilerServices.TaskAwaiter.HandleNonSuccessAndDebuggerNotification(Task task)rn   at System.Runtime.CompilerServices.TaskAwaiter.GetResult()rn   at Restaurant.View.reports.uc_reports.<UserControl_Loaded>d__6.MoveNext() in E:Restaurant 16-4-2022RestaurantViewreportsuc_reports.xaml.cs:line 65', N'Void MoveNext()', NULL, NULL, CAST(N'2022-04-16T14:15:18.0271990' AS DateTime2), 17)
GO
INSERT [dbo].[error] ([errorId], [num], [msg], [stackTrace], [targetSite], [posId], [branchId], [createDate], [createUserId]) VALUES (1393, N'-2147467261', N'Object reference not set to an instance of an object.', N'   at Restaurant.View.reports.kitchenReports.uc_kitchenReports.<translate>d__7.MoveNext() in E:Restaurant 16-4-2022RestaurantViewreportskitchenReportsuc_kitchenReports.xaml.cs:line 78rn--- End of stack trace from previous location where exception was thrown ---rn   at System.Runtime.CompilerServices.TaskAwaiter.ThrowForNonSuccess(Task task)rn   at System.Runtime.CompilerServices.TaskAwaiter.HandleNonSuccessAndDebuggerNotification(Task task)rn   at System.Runtime.CompilerServices.TaskAwaiter.GetResult()rn   at Restaurant.View.reports.kitchenReports.uc_kitchenReports.<UserControl_Loaded>d__5.MoveNext() in E:Restaurant 16-4-2022RestaurantViewreportskitchenReportsuc_kitchenReports.xaml.cs:line 57', N'Void MoveNext()', NULL, NULL, CAST(N'2022-04-16T14:15:19.8781367' AS DateTime2), 17)
GO
INSERT [dbo].[error] ([errorId], [num], [msg], [stackTrace], [targetSite], [posId], [branchId], [createDate], [createUserId]) VALUES (1394, N'-2147467261', N'Value cannot be null.rnParameter name: source', N'   at System.Linq.Enumerable.Where[TSource](IEnumerable`1 source, Func`2 predicate)rn   at Restaurant.Classes.Object.GetParents(List`1 all, String objName) in E:Restaurant 16-4-2022RestaurantClassesApiClassesObject.cs:line 108rn   at Restaurant.MainWindow.loadingDefaultPath(String defaultPath) in E:Restaurant 16-4-2022RestaurantMainWindow.xaml.cs:line 1177rn   at Restaurant.MainWindow.permission() in E:Restaurant 16-4-2022RestaurantMainWindow.xaml.cs:line 1202rn   at Restaurant.MainWindow.<Window_Loaded>d__58.MoveNext() in E:Restaurant 16-4-2022RestaurantMainWindow.xaml.cs:line 1138', N'System.Collections.Generic.IEnumerable`1[TSource] Where[TSource](System.Collections.Generic.IEnumerable`1[TSource], System.Func`2[TSource,System.Boolean])', NULL, NULL, CAST(N'2022-04-16T14:20:49.6477294' AS DateTime2), 17)
GO
INSERT [dbo].[error] ([errorId], [num], [msg], [stackTrace], [targetSite], [posId], [branchId], [createDate], [createUserId]) VALUES (1395, N'-2147467261', N'Value cannot be null.rnParameter name: source', N'   at System.Linq.Enumerable.Where[TSource](IEnumerable`1 source, Func`2 predicate)rn   at Restaurant.Classes.Object.GetParents(List`1 all, String objName) in E:Restaurant 16-4-2022RestaurantClassesApiClassesObject.cs:line 108rn   at Restaurant.MainWindow.initializationMainTrack(String tag) in E:Restaurant 16-4-2022RestaurantMainWindow.xaml.cs:line 2190rn   at Restaurant.MainWindow.Btn_reports_Click(Object sender, RoutedEventArgs e) in E:Restaurant 16-4-2022RestaurantMainWindow.xaml.cs:line 1837', N'System.Collections.Generic.IEnumerable`1[TSource] Where[TSource](System.Collections.Generic.IEnumerable`1[TSource], System.Func`2[TSource,System.Boolean])', NULL, NULL, CAST(N'2022-04-16T14:21:03.2024628' AS DateTime2), 17)
GO
INSERT [dbo].[error] ([errorId], [num], [msg], [stackTrace], [targetSite], [posId], [branchId], [createDate], [createUserId]) VALUES (1396, N'-2147467261', N'Value cannot be null.rnParameter name: source', N'   at System.Linq.Enumerable.Where[TSource](IEnumerable`1 source, Func`2 predicate)rn   at Restaurant.Classes.Object.GetParents(List`1 all, String objName) in E:Restaurant 16-4-2022RestaurantClassesApiClassesObject.cs:line 108rn   at Restaurant.MainWindow.initializationMainTrack(String tag) in E:Restaurant 16-4-2022RestaurantMainWindow.xaml.cs:line 2190rn   at Restaurant.View.reports.uc_reports.Btn_kitchsReports_Click(Object sender, RoutedEventArgs e) in E:Restaurant 16-4-2022RestaurantViewreportsuc_reports.xaml.cs:line 229', N'System.Collections.Generic.IEnumerable`1[TSource] Where[TSource](System.Collections.Generic.IEnumerable`1[TSource], System.Func`2[TSource,System.Boolean])', NULL, NULL, CAST(N'2022-04-16T14:21:04.0352358' AS DateTime2), 17)
GO
INSERT [dbo].[error] ([errorId], [num], [msg], [stackTrace], [targetSite], [posId], [branchId], [createDate], [createUserId]) VALUES (1397, N'-2147467261', N'Object reference not set to an instance of an object.', N'   at Restaurant.View.reports.uc_reports.<translate>d__8.MoveNext() in E:Restaurant 16-4-2022RestaurantViewreportsuc_reports.xaml.cs:line 132rn--- End of stack trace from previous location where exception was thrown ---rn   at System.Runtime.CompilerServices.TaskAwaiter.ThrowForNonSuccess(Task task)rn   at System.Runtime.CompilerServices.TaskAwaiter.HandleNonSuccessAndDebuggerNotification(Task task)rn   at System.Runtime.CompilerServices.TaskAwaiter.GetResult()rn   at Restaurant.View.reports.uc_reports.<UserControl_Loaded>d__6.MoveNext() in E:Restaurant 16-4-2022RestaurantViewreportsuc_reports.xaml.cs:line 65', N'Void MoveNext()', NULL, NULL, CAST(N'2022-04-16T14:21:04.7034525' AS DateTime2), 17)
GO
INSERT [dbo].[error] ([errorId], [num], [msg], [stackTrace], [targetSite], [posId], [branchId], [createDate], [createUserId]) VALUES (1398, N'-2147467261', N'Object reference not set to an instance of an object.', N'   at Restaurant.View.reports.kitchenReports.uc_kitchenReports.<translate>d__7.MoveNext() in E:Restaurant 16-4-2022RestaurantViewreportskitchenReportsuc_kitchenReports.xaml.cs:line 78rn--- End of stack trace from previous location where exception was thrown ---rn   at System.Runtime.CompilerServices.TaskAwaiter.ThrowForNonSuccess(Task task)rn   at System.Runtime.CompilerServices.TaskAwaiter.HandleNonSuccessAndDebuggerNotification(Task task)rn   at System.Runtime.CompilerServices.TaskAwaiter.GetResult()rn   at Restaurant.View.reports.kitchenReports.uc_kitchenReports.<UserControl_Loaded>d__5.MoveNext() in E:Restaurant 16-4-2022RestaurantViewreportskitchenReportsuc_kitchenReports.xaml.cs:line 57', N'Void MoveNext()', NULL, NULL, CAST(N'2022-04-16T14:21:04.9707378' AS DateTime2), 17)
GO
INSERT [dbo].[error] ([errorId], [num], [msg], [stackTrace], [targetSite], [posId], [branchId], [createDate], [createUserId]) VALUES (1399, N'-2147467261', N'Object reference not set to an instance of an object.', N'   at Restaurant.View.reports.uc_reports.<translate>d__8.MoveNext() in E:Restaurant 16-4-2022RestaurantViewreportsuc_reports.xaml.cs:line 132rn--- End of stack trace from previous location where exception was thrown ---rn   at System.Runtime.CompilerServices.TaskAwaiter.ThrowForNonSuccess(Task task)rn   at System.Runtime.CompilerServices.TaskAwaiter.HandleNonSuccessAndDebuggerNotification(Task task)rn   at System.Runtime.CompilerServices.TaskAwaiter.GetResult()rn   at Restaurant.View.reports.uc_reports.<UserControl_Loaded>d__6.MoveNext() in E:Restaurant 16-4-2022RestaurantViewreportsuc_reports.xaml.cs:line 65', N'Void MoveNext()', NULL, NULL, CAST(N'2022-04-16T14:21:52.5580297' AS DateTime2), 17)
GO
INSERT [dbo].[error] ([errorId], [num], [msg], [stackTrace], [targetSite], [posId], [branchId], [createDate], [createUserId]) VALUES (1400, N'-2147467261', N'Object reference not set to an instance of an object.', N'   at Restaurant.View.reports.kitchenReports.uc_kitchenReports.<translate>d__7.MoveNext() in E:Restaurant 16-4-2022RestaurantViewreportskitchenReportsuc_kitchenReports.xaml.cs:line 78rn--- End of stack trace from previous location where exception was thrown ---rn   at System.Runtime.CompilerServices.TaskAwaiter.ThrowForNonSuccess(Task task)rn   at System.Runtime.CompilerServices.TaskAwaiter.HandleNonSuccessAndDebuggerNotification(Task task)rn   at System.Runtime.CompilerServices.TaskAwaiter.GetResult()rn   at Restaurant.View.reports.kitchenReports.uc_kitchenReports.<UserControl_Loaded>d__5.MoveNext() in E:Restaurant 16-4-2022RestaurantViewreportskitchenReportsuc_kitchenReports.xaml.cs:line 57', N'Void MoveNext()', NULL, NULL, CAST(N'2022-04-16T14:21:54.7594761' AS DateTime2), 17)
GO
INSERT [dbo].[error] ([errorId], [num], [msg], [stackTrace], [targetSite], [posId], [branchId], [createDate], [createUserId]) VALUES (1401, N'-2147467261', N'Object reference not set to an instance of an object.', N'   at Restaurant.Classes.Invoice.<GetInvoicesByBarcodeAndUser>d__392.MoveNext() in E:Restaurant 16-4-2022RestaurantClassesApiClassesInvoice.cs:line 1352rn--- End of stack trace from previous location where exception was thrown ---rn   at System.Runtime.CompilerServices.TaskAwaiter.ThrowForNonSuccess(Task task)rn   at System.Runtime.CompilerServices.TaskAwaiter.HandleNonSuccessAndDebuggerNotification(Task task)rn   at System.Runtime.CompilerServices.TaskAwaiter`1.GetResult()rn   at Restaurant.View.windows.wd_returnInvoice.<dealWithBarcode>d__13.MoveNext() in E:Restaurant 16-4-2022RestaurantViewwindowswd_returnInvoice.xaml.cs:line 168rn--- End of stack trace from previous location where exception was thrown ---rn   at System.Runtime.CompilerServices.TaskAwaiter.ThrowForNonSuccess(Task task)rn   at System.Runtime.CompilerServices.TaskAwaiter.HandleNonSuccessAndDebuggerNotification(Task task)rn   at System.Runtime.CompilerServices.TaskAwaiter.GetResult()rn   at Restaurant.View.windows.wd_returnInvoice.<Btn_save_Click>d__10.MoveNext() in E:Restaurant 16-4-2022RestaurantViewwindowswd_returnInvoice.xaml.cs:line 66', N'Void MoveNext()', NULL, NULL, CAST(N'2022-04-16T14:25:56.7941377' AS DateTime2), 17)
GO
INSERT [dbo].[error] ([errorId], [num], [msg], [stackTrace], [targetSite], [posId], [branchId], [createDate], [createUserId]) VALUES (1402, N'-2147467261', N'Object reference not set to an instance of an object.', N'   at Restaurant.Classes.Item.<GetPurchaseItems>d__193.MoveNext() in E:Restaurant 16-4-2022RestaurantClassesApiClassesItem.cs:line 159rn--- End of stack trace from previous location where exception was thrown ---rn   at System.Runtime.CompilerServices.TaskAwaiter.ThrowForNonSuccess(Task task)rn   at System.Runtime.CompilerServices.TaskAwaiter.HandleNonSuccessAndDebuggerNotification(Task task)rn   at System.Runtime.CompilerServices.TaskAwaiter`1.GetResult()rn   at Restaurant.Classes.FillCombo.<RefreshPurchaseItems>d__102.MoveNext() in E:Restaurant 16-4-2022RestaurantClassesFillCombo.cs:line 751rn--- End of stack trace from previous location where exception was thrown ---rn   at System.Runtime.CompilerServices.TaskAwaiter.ThrowForNonSuccess(Task task)rn   at System.Runtime.CompilerServices.TaskAwaiter.HandleNonSuccessAndDebuggerNotification(Task task)rn   at System.Runtime.CompilerServices.TaskAwaiter`1.GetResult()rn   at Restaurant.View.storage.movementsOperations.uc_spendingOrder.<UserControl_Loaded>d__30.MoveNext() in E:Restaurant 16-4-2022RestaurantViewstoragemovementsOperationsuc_spendingOrder.xaml.cs:line 164', N'Void MoveNext()', NULL, NULL, CAST(N'2022-04-16T14:26:35.7410248' AS DateTime2), 17)
GO
INSERT [dbo].[error] ([errorId], [num], [msg], [stackTrace], [targetSite], [posId], [branchId], [createDate], [createUserId]) VALUES (1403, N'-2147467261', N'Object reference not set to an instance of an object.', N'   at Restaurant.View.reports.uc_reports.<translate>d__8.MoveNext() in E:Restaurant 16-4-2022RestaurantViewreportsuc_reports.xaml.cs:line 132rn--- End of stack trace from previous location where exception was thrown ---rn   at System.Runtime.CompilerServices.TaskAwaiter.ThrowForNonSuccess(Task task)rn   at System.Runtime.CompilerServices.TaskAwaiter.HandleNonSuccessAndDebuggerNotification(Task task)rn   at System.Runtime.CompilerServices.TaskAwaiter.GetResult()rn   at Restaurant.View.reports.uc_reports.<UserControl_Loaded>d__6.MoveNext() in E:Restaurant 16-4-2022RestaurantViewreportsuc_reports.xaml.cs:line 65', N'Void MoveNext()', NULL, NULL, CAST(N'2022-04-16T14:34:58.3824064' AS DateTime2), 17)
GO
INSERT [dbo].[error] ([errorId], [num], [msg], [stackTrace], [targetSite], [posId], [branchId], [createDate], [createUserId]) VALUES (1404, N'-2147467261', N'Object reference not set to an instance of an object.', N'   at Restaurant.View.reports.kitchenReports.uc_kitchenReports.<translate>d__7.MoveNext() in E:Restaurant 16-4-2022RestaurantViewreportskitchenReportsuc_kitchenReports.xaml.cs:line 78rn--- End of stack trace from previous location where exception was thrown ---rn   at System.Runtime.CompilerServices.TaskAwaiter.ThrowForNonSuccess(Task task)rn   at System.Runtime.CompilerServices.TaskAwaiter.HandleNonSuccessAndDebuggerNotification(Task task)rn   at System.Runtime.CompilerServices.TaskAwaiter.GetResult()rn   at Restaurant.View.reports.kitchenReports.uc_kitchenReports.<UserControl_Loaded>d__5.MoveNext() in E:Restaurant 16-4-2022RestaurantViewreportskitchenReportsuc_kitchenReports.xaml.cs:line 57', N'Void MoveNext()', NULL, NULL, CAST(N'2022-04-16T14:34:59.9831277' AS DateTime2), 17)
GO
INSERT [dbo].[error] ([errorId], [num], [msg], [stackTrace], [targetSite], [posId], [branchId], [createDate], [createUserId]) VALUES (1405, N'-2147467261', N'Object reference not set to an instance of an object.', N'   at Restaurant.View.reports.uc_reports.<translate>d__8.MoveNext() in E:Restaurant 16-4-2022RestaurantViewreportsuc_reports.xaml.cs:line 132rn--- End of stack trace from previous location where exception was thrown ---rn   at System.Runtime.CompilerServices.TaskAwaiter.ThrowForNonSuccess(Task task)rn   at System.Runtime.CompilerServices.TaskAwaiter.HandleNonSuccessAndDebuggerNotification(Task task)rn   at System.Runtime.CompilerServices.TaskAwaiter.GetResult()rn   at Restaurant.View.reports.uc_reports.<UserControl_Loaded>d__6.MoveNext() in E:Restaurant 16-4-2022RestaurantViewreportsuc_reports.xaml.cs:line 65', N'Void MoveNext()', NULL, NULL, CAST(N'2022-04-16T14:36:12.1332533' AS DateTime2), 17)
GO
INSERT [dbo].[error] ([errorId], [num], [msg], [stackTrace], [targetSite], [posId], [branchId], [createDate], [createUserId]) VALUES (1406, N'-2147467261', N'Object reference not set to an instance of an object.', N'   at Restaurant.View.reports.kitchenReports.uc_kitchenReports.<translate>d__7.MoveNext() in E:Restaurant 16-4-2022RestaurantViewreportskitchenReportsuc_kitchenReports.xaml.cs:line 78rn--- End of stack trace from previous location where exception was thrown ---rn   at System.Runtime.CompilerServices.TaskAwaiter.ThrowForNonSuccess(Task task)rn   at System.Runtime.CompilerServices.TaskAwaiter.HandleNonSuccessAndDebuggerNotification(Task task)rn   at System.Runtime.CompilerServices.TaskAwaiter.GetResult()rn   at Restaurant.View.reports.kitchenReports.uc_kitchenReports.<UserControl_Loaded>d__5.MoveNext() in E:Restaurant 16-4-2022RestaurantViewreportskitchenReportsuc_kitchenReports.xaml.cs:line 57', N'Void MoveNext()', NULL, NULL, CAST(N'2022-04-16T14:36:14.1279215' AS DateTime2), 17)
GO
INSERT [dbo].[error] ([errorId], [num], [msg], [stackTrace], [targetSite], [posId], [branchId], [createDate], [createUserId]) VALUES (1407, N'-2147467261', N'Object reference not set to an instance of an object.', N'   at Restaurant.View.reports.uc_reports.<translate>d__8.MoveNext() in E:Restaurant 16-4-2022RestaurantViewreportsuc_reports.xaml.cs:line 132rn--- End of stack trace from previous location where exception was thrown ---rn   at System.Runtime.CompilerServices.TaskAwaiter.ThrowForNonSuccess(Task task)rn   at System.Runtime.CompilerServices.TaskAwaiter.HandleNonSuccessAndDebuggerNotification(Task task)rn   at System.Runtime.CompilerServices.TaskAwaiter.GetResult()rn   at Restaurant.View.reports.uc_reports.<UserControl_Loaded>d__6.MoveNext() in E:Restaurant 16-4-2022RestaurantViewreportsuc_reports.xaml.cs:line 65', N'Void MoveNext()', NULL, NULL, CAST(N'2022-04-16T14:41:20.6392119' AS DateTime2), 17)
GO
INSERT [dbo].[error] ([errorId], [num], [msg], [stackTrace], [targetSite], [posId], [branchId], [createDate], [createUserId]) VALUES (1408, N'-2147467261', N'Object reference not set to an instance of an object.', N'   at Restaurant.View.reports.kitchenReports.uc_kitchenReports.<translate>d__7.MoveNext() in E:Restaurant 16-4-2022RestaurantViewreportskitchenReportsuc_kitchenReports.xaml.cs:line 78rn--- End of stack trace from previous location where exception was thrown ---rn   at System.Runtime.CompilerServices.TaskAwaiter.ThrowForNonSuccess(Task task)rn   at System.Runtime.CompilerServices.TaskAwaiter.HandleNonSuccessAndDebuggerNotification(Task task)rn   at System.Runtime.CompilerServices.TaskAwaiter.GetResult()rn   at Restaurant.View.reports.kitchenReports.uc_kitchenReports.<UserControl_Loaded>d__5.MoveNext() in E:Restaurant 16-4-2022RestaurantViewreportskitchenReportsuc_kitchenReports.xaml.cs:line 57', N'Void MoveNext()', NULL, NULL, CAST(N'2022-04-16T14:41:22.2379392' AS DateTime2), 17)
GO
INSERT [dbo].[error] ([errorId], [num], [msg], [stackTrace], [targetSite], [posId], [branchId], [createDate], [createUserId]) VALUES (1409, N'-2147467261', N'Object reference not set to an instance of an object.', N'   at Restaurant.View.reports.uc_reports.<translate>d__8.MoveNext() in E:Restaurant 16-4-2022RestaurantViewreportsuc_reports.xaml.cs:line 132rn--- End of stack trace from previous location where exception was thrown ---rn   at System.Runtime.CompilerServices.TaskAwaiter.ThrowForNonSuccess(Task task)rn   at System.Runtime.CompilerServices.TaskAwaiter.HandleNonSuccessAndDebuggerNotification(Task task)rn   at System.Runtime.CompilerServices.TaskAwaiter.GetResult()rn   at Restaurant.View.reports.uc_reports.<UserControl_Loaded>d__6.MoveNext() in E:Restaurant 16-4-2022RestaurantViewreportsuc_reports.xaml.cs:line 65', N'Void MoveNext()', NULL, NULL, CAST(N'2022-04-16T14:50:32.5692744' AS DateTime2), 17)
GO
INSERT [dbo].[error] ([errorId], [num], [msg], [stackTrace], [targetSite], [posId], [branchId], [createDate], [createUserId]) VALUES (1410, N'-2147467261', N'Object reference not set to an instance of an object.', N'   at Restaurant.View.reports.kitchenReports.uc_kitchenReports.<translate>d__7.MoveNext() in E:Restaurant 16-4-2022RestaurantViewreportskitchenReportsuc_kitchenReports.xaml.cs:line 78rn--- End of stack trace from previous location where exception was thrown ---rn   at System.Runtime.CompilerServices.TaskAwaiter.ThrowForNonSuccess(Task task)rn   at System.Runtime.CompilerServices.TaskAwaiter.HandleNonSuccessAndDebuggerNotification(Task task)rn   at System.Runtime.CompilerServices.TaskAwaiter.GetResult()rn   at Restaurant.View.reports.kitchenReports.uc_kitchenReports.<UserControl_Loaded>d__5.MoveNext() in E:Restaurant 16-4-2022RestaurantViewreportskitchenReportsuc_kitchenReports.xaml.cs:line 57', N'Void MoveNext()', NULL, NULL, CAST(N'2022-04-16T14:50:35.4874744' AS DateTime2), 17)
GO
INSERT [dbo].[error] ([errorId], [num], [msg], [stackTrace], [targetSite], [posId], [branchId], [createDate], [createUserId]) VALUES (1411, N'-2147467261', N'Object reference not set to an instance of an object.', N'   at Restaurant.View.reports.uc_reports.<translate>d__8.MoveNext() in E:Restaurant 16-4-2022RestaurantViewreportsuc_reports.xaml.cs:line 132rn--- End of stack trace from previous location where exception was thrown ---rn   at System.Runtime.CompilerServices.TaskAwaiter.ThrowForNonSuccess(Task task)rn   at System.Runtime.CompilerServices.TaskAwaiter.HandleNonSuccessAndDebuggerNotification(Task task)rn   at System.Runtime.CompilerServices.TaskAwaiter.GetResult()rn   at Restaurant.View.reports.uc_reports.<UserControl_Loaded>d__6.MoveNext() in E:Restaurant 16-4-2022RestaurantViewreportsuc_reports.xaml.cs:line 65', N'Void MoveNext()', NULL, NULL, CAST(N'2022-04-16T14:52:51.4268896' AS DateTime2), 17)
GO
INSERT [dbo].[error] ([errorId], [num], [msg], [stackTrace], [targetSite], [posId], [branchId], [createDate], [createUserId]) VALUES (1412, N'-2147467261', N'Object reference not set to an instance of an object.', N'   at Restaurant.View.reports.kitchenReports.uc_kitchenReports.<translate>d__7.MoveNext() in E:Restaurant 16-4-2022RestaurantViewreportskitchenReportsuc_kitchenReports.xaml.cs:line 78rn--- End of stack trace from previous location where exception was thrown ---rn   at System.Runtime.CompilerServices.TaskAwaiter.ThrowForNonSuccess(Task task)rn   at System.Runtime.CompilerServices.TaskAwaiter.HandleNonSuccessAndDebuggerNotification(Task task)rn   at System.Runtime.CompilerServices.TaskAwaiter.GetResult()rn   at Restaurant.View.reports.kitchenReports.uc_kitchenReports.<UserControl_Loaded>d__5.MoveNext() in E:Restaurant 16-4-2022RestaurantViewreportskitchenReportsuc_kitchenReports.xaml.cs:line 57', N'Void MoveNext()', NULL, NULL, CAST(N'2022-04-16T14:52:53.2294002' AS DateTime2), 17)
GO
INSERT [dbo].[error] ([errorId], [num], [msg], [stackTrace], [targetSite], [posId], [branchId], [createDate], [createUserId]) VALUES (1413, N'-2147467261', N'Object reference not set to an instance of an object.', N'   at Restaurant.View.reports.uc_reports.<translate>d__8.MoveNext() in E:Restaurant 16-4-2022RestaurantViewreportsuc_reports.xaml.cs:line 132rn--- End of stack trace from previous location where exception was thrown ---rn   at System.Runtime.CompilerServices.TaskAwaiter.ThrowForNonSuccess(Task task)rn   at System.Runtime.CompilerServices.TaskAwaiter.HandleNonSuccessAndDebuggerNotification(Task task)rn   at System.Runtime.CompilerServices.TaskAwaiter.GetResult()rn   at Restaurant.View.reports.uc_reports.<UserControl_Loaded>d__6.MoveNext() in E:Restaurant 16-4-2022RestaurantViewreportsuc_reports.xaml.cs:line 65', N'Void MoveNext()', NULL, NULL, CAST(N'2022-04-16T14:59:56.6817880' AS DateTime2), 17)
GO
INSERT [dbo].[error] ([errorId], [num], [msg], [stackTrace], [targetSite], [posId], [branchId], [createDate], [createUserId]) VALUES (1414, N'-2147467261', N'Object reference not set to an instance of an object.', N'   at Restaurant.View.reports.kitchenReports.uc_kitchenReports.<translate>d__7.MoveNext() in E:Restaurant 16-4-2022RestaurantViewreportskitchenReportsuc_kitchenReports.xaml.cs:line 78rn--- End of stack trace from previous location where exception was thrown ---rn   at System.Runtime.CompilerServices.TaskAwaiter.ThrowForNonSuccess(Task task)rn   at System.Runtime.CompilerServices.TaskAwaiter.HandleNonSuccessAndDebuggerNotification(Task task)rn   at System.Runtime.CompilerServices.TaskAwaiter.GetResult()rn   at Restaurant.View.reports.kitchenReports.uc_kitchenReports.<UserControl_Loaded>d__5.MoveNext() in E:Restaurant 16-4-2022RestaurantViewreportskitchenReportsuc_kitchenReports.xaml.cs:line 57', N'Void MoveNext()', NULL, NULL, CAST(N'2022-04-16T14:59:59.0764522' AS DateTime2), 17)
GO
INSERT [dbo].[error] ([errorId], [num], [msg], [stackTrace], [targetSite], [posId], [branchId], [createDate], [createUserId]) VALUES (1415, N'-2147467261', N'Object reference not set to an instance of an object.', N'   at Restaurant.View.reports.uc_reports.<translate>d__8.MoveNext() in E:Restaurant 16-4-2022RestaurantViewreportsuc_reports.xaml.cs:line 132rn--- End of stack trace from previous location where exception was thrown ---rn   at System.Runtime.CompilerServices.TaskAwaiter.ThrowForNonSuccess(Task task)rn   at System.Runtime.CompilerServices.TaskAwaiter.HandleNonSuccessAndDebuggerNotification(Task task)rn   at System.Runtime.CompilerServices.TaskAwaiter.GetResult()rn   at Restaurant.View.reports.uc_reports.<UserControl_Loaded>d__6.MoveNext() in E:Restaurant 16-4-2022RestaurantViewreportsuc_reports.xaml.cs:line 65', N'Void MoveNext()', NULL, NULL, CAST(N'2022-04-16T15:01:38.0414946' AS DateTime2), 17)
GO
INSERT [dbo].[error] ([errorId], [num], [msg], [stackTrace], [targetSite], [posId], [branchId], [createDate], [createUserId]) VALUES (1416, N'-2147467261', N'Object reference not set to an instance of an object.', N'   at Restaurant.View.reports.kitchenReports.uc_kitchenReports.<translate>d__7.MoveNext() in E:Restaurant 16-4-2022RestaurantViewreportskitchenReportsuc_kitchenReports.xaml.cs:line 78rn--- End of stack trace from previous location where exception was thrown ---rn   at System.Runtime.CompilerServices.TaskAwaiter.ThrowForNonSuccess(Task task)rn   at System.Runtime.CompilerServices.TaskAwaiter.HandleNonSuccessAndDebuggerNotification(Task task)rn   at System.Runtime.CompilerServices.TaskAwaiter.GetResult()rn   at Restaurant.View.reports.kitchenReports.uc_kitchenReports.<UserControl_Loaded>d__5.MoveNext() in E:Restaurant 16-4-2022RestaurantViewreportskitchenReportsuc_kitchenReports.xaml.cs:line 57', N'Void MoveNext()', NULL, NULL, CAST(N'2022-04-16T15:01:40.0812007' AS DateTime2), 17)
GO
INSERT [dbo].[error] ([errorId], [num], [msg], [stackTrace], [targetSite], [posId], [branchId], [createDate], [createUserId]) VALUES (1417, N'-2147467261', N'Object reference not set to an instance of an object.', N'   at Restaurant.View.reports.uc_reports.<translate>d__8.MoveNext() in E:Restaurant 16-4-2022RestaurantViewreportsuc_reports.xaml.cs:line 132rn--- End of stack trace from previous location where exception was thrown ---rn   at System.Runtime.CompilerServices.TaskAwaiter.ThrowForNonSuccess(Task task)rn   at System.Runtime.CompilerServices.TaskAwaiter.HandleNonSuccessAndDebuggerNotification(Task task)rn   at System.Runtime.CompilerServices.TaskAwaiter.GetResult()rn   at Restaurant.View.reports.uc_reports.<UserControl_Loaded>d__6.MoveNext() in E:Restaurant 16-4-2022RestaurantViewreportsuc_reports.xaml.cs:line 65', N'Void MoveNext()', NULL, NULL, CAST(N'2022-04-16T15:02:59.8972608' AS DateTime2), 17)
GO
INSERT [dbo].[error] ([errorId], [num], [msg], [stackTrace], [targetSite], [posId], [branchId], [createDate], [createUserId]) VALUES (1418, N'-2147467261', N'Object reference not set to an instance of an object.', N'   at Restaurant.View.reports.kitchenReports.uc_kitchenReports.<translate>d__7.MoveNext() in E:Restaurant 16-4-2022RestaurantViewreportskitchenReportsuc_kitchenReports.xaml.cs:line 78rn--- End of stack trace from previous location where exception was thrown ---rn   at System.Runtime.CompilerServices.TaskAwaiter.ThrowForNonSuccess(Task task)rn   at System.Runtime.CompilerServices.TaskAwaiter.HandleNonSuccessAndDebuggerNotification(Task task)rn   at System.Runtime.CompilerServices.TaskAwaiter.GetResult()rn   at Restaurant.View.reports.kitchenReports.uc_kitchenReports.<UserControl_Loaded>d__5.MoveNext() in E:Restaurant 16-4-2022RestaurantViewreportskitchenReportsuc_kitchenReports.xaml.cs:line 57', N'Void MoveNext()', NULL, NULL, CAST(N'2022-04-16T15:03:01.9642385' AS DateTime2), 17)
GO
INSERT [dbo].[error] ([errorId], [num], [msg], [stackTrace], [targetSite], [posId], [branchId], [createDate], [createUserId]) VALUES (1419, N'-2147467261', N'Object reference not set to an instance of an object.', N'   at Restaurant.View.reports.uc_reports.<translate>d__8.MoveNext() in E:Restaurant 16-4-2022RestaurantViewreportsuc_reports.xaml.cs:line 132rn--- End of stack trace from previous location where exception was thrown ---rn   at System.Runtime.CompilerServices.TaskAwaiter.ThrowForNonSuccess(Task task)rn   at System.Runtime.CompilerServices.TaskAwaiter.HandleNonSuccessAndDebuggerNotification(Task task)rn   at System.Runtime.CompilerServices.TaskAwaiter.GetResult()rn   at Restaurant.View.reports.uc_reports.<UserControl_Loaded>d__6.MoveNext() in E:Restaurant 16-4-2022RestaurantViewreportsuc_reports.xaml.cs:line 65', N'Void MoveNext()', NULL, NULL, CAST(N'2022-04-16T15:06:53.9209208' AS DateTime2), 17)
GO
INSERT [dbo].[error] ([errorId], [num], [msg], [stackTrace], [targetSite], [posId], [branchId], [createDate], [createUserId]) VALUES (1420, N'-2147467261', N'Object reference not set to an instance of an object.', N'   at Restaurant.View.reports.kitchenReports.uc_kitchenReports.<translate>d__7.MoveNext() in E:Restaurant 16-4-2022RestaurantViewreportskitchenReportsuc_kitchenReports.xaml.cs:line 78rn--- End of stack trace from previous location where exception was thrown ---rn   at System.Runtime.CompilerServices.TaskAwaiter.ThrowForNonSuccess(Task task)rn   at System.Runtime.CompilerServices.TaskAwaiter.HandleNonSuccessAndDebuggerNotification(Task task)rn   at System.Runtime.CompilerServices.TaskAwaiter.GetResult()rn   at Restaurant.View.reports.kitchenReports.uc_kitchenReports.<UserControl_Loaded>d__5.MoveNext() in E:Restaurant 16-4-2022RestaurantViewreportskitchenReportsuc_kitchenReports.xaml.cs:line 57', N'Void MoveNext()', NULL, NULL, CAST(N'2022-04-16T15:06:55.5016953' AS DateTime2), 17)
GO
INSERT [dbo].[error] ([errorId], [num], [msg], [stackTrace], [targetSite], [posId], [branchId], [createDate], [createUserId]) VALUES (1421, N'-2147467261', N'Object reference not set to an instance of an object.', N'   at Restaurant.View.reports.uc_reports.<translate>d__8.MoveNext() in E:Restaurant 16-4-2022RestaurantViewreportsuc_reports.xaml.cs:line 132rn--- End of stack trace from previous location where exception was thrown ---rn   at System.Runtime.CompilerServices.TaskAwaiter.ThrowForNonSuccess(Task task)rn   at System.Runtime.CompilerServices.TaskAwaiter.HandleNonSuccessAndDebuggerNotification(Task task)rn   at System.Runtime.CompilerServices.TaskAwaiter.GetResult()rn   at Restaurant.View.reports.uc_reports.<UserControl_Loaded>d__6.MoveNext() in E:Restaurant 16-4-2022RestaurantViewreportsuc_reports.xaml.cs:line 65', N'Void MoveNext()', NULL, NULL, CAST(N'2022-04-16T15:08:30.3265221' AS DateTime2), 17)
GO
INSERT [dbo].[error] ([errorId], [num], [msg], [stackTrace], [targetSite], [posId], [branchId], [createDate], [createUserId]) VALUES (1422, N'-2147467261', N'Object reference not set to an instance of an object.', N'   at Restaurant.View.reports.kitchenReports.uc_kitchenReports.<translate>d__7.MoveNext() in E:Restaurant 16-4-2022RestaurantViewreportskitchenReportsuc_kitchenReports.xaml.cs:line 78rn--- End of stack trace from previous location where exception was thrown ---rn   at System.Runtime.CompilerServices.TaskAwaiter.ThrowForNonSuccess(Task task)rn   at System.Runtime.CompilerServices.TaskAwaiter.HandleNonSuccessAndDebuggerNotification(Task task)rn   at System.Runtime.CompilerServices.TaskAwaiter.GetResult()rn   at Restaurant.View.reports.kitchenReports.uc_kitchenReports.<UserControl_Loaded>d__5.MoveNext() in E:Restaurant 16-4-2022RestaurantViewreportskitchenReportsuc_kitchenReports.xaml.cs:line 57', N'Void MoveNext()', NULL, NULL, CAST(N'2022-04-16T15:08:32.3038185' AS DateTime2), 17)
GO
INSERT [dbo].[error] ([errorId], [num], [msg], [stackTrace], [targetSite], [posId], [branchId], [createDate], [createUserId]) VALUES (1423, N'-2146233079', N'Nullable object must have a value.', N'   at System.ThrowHelper.ThrowInvalidOperationException(ExceptionResource resource)rn   at System.Nullable`1.get_Value()rn   at Restaurant.View.reports.kitchenReports.uc_spendingRequestsKitchenReport.detailsRowinDatagrid(Object sender, RoutedEventArgs e) in E:Restaurant 16-4-2022RestaurantViewreportskitchenReportsuc_spendingRequestsKitchenReport.xaml.cs:line 357', N'Void ThrowInvalidOperationException(System.ExceptionResource)', NULL, NULL, CAST(N'2022-04-16T15:08:49.9631182' AS DateTime2), 17)
GO
INSERT [dbo].[error] ([errorId], [num], [msg], [stackTrace], [targetSite], [posId], [branchId], [createDate], [createUserId]) VALUES (1424, N'-2147467261', N'Object reference not set to an instance of an object.', N'   at Restaurant.View.reports.uc_reports.<translate>d__8.MoveNext() in C:UsersHPDocumentsGitHubRESprojectRestaurantRestaurantViewreportsuc_reports.xaml.cs:line 132rn--- End of stack trace from previous location where exception was thrown ---rn   at System.Runtime.CompilerServices.TaskAwaiter.ThrowForNonSuccess(Task task)rn   at System.Runtime.CompilerServices.TaskAwaiter.HandleNonSuccessAndDebuggerNotification(Task task)rn   at System.Runtime.CompilerServices.TaskAwaiter.GetResult()rn   at Restaurant.View.reports.uc_reports.<UserControl_Loaded>d__6.MoveNext() in C:UsersHPDocumentsGitHubRESprojectRestaurantRestaurantViewreportsuc_reports.xaml.cs:line 65', N'Void MoveNext()', NULL, NULL, CAST(N'2022-04-16T16:40:08.4464151' AS DateTime2), 2)
GO
INSERT [dbo].[error] ([errorId], [num], [msg], [stackTrace], [targetSite], [posId], [branchId], [createDate], [createUserId]) VALUES (1425, N'-2147467261', N'Object reference not set to an instance of an object.', N'   at Restaurant.View.reports.kitchenReports.uc_kitchenReports.<translate>d__7.MoveNext() in C:UsersHPDocumentsGitHubRESprojectRestaurantRestaurantViewreportskitchenReportsuc_kitchenReports.xaml.cs:line 78rn--- End of stack trace from previous location where exception was thrown ---rn   at System.Runtime.CompilerServices.TaskAwaiter.ThrowForNonSuccess(Task task)rn   at System.Runtime.CompilerServices.TaskAwaiter.HandleNonSuccessAndDebuggerNotification(Task task)rn   at System.Runtime.CompilerServices.TaskAwaiter.GetResult()rn   at Restaurant.View.reports.kitchenReports.uc_kitchenReports.<UserControl_Loaded>d__5.MoveNext() in C:UsersHPDocumentsGitHubRESprojectRestaurantRestaurantViewreportskitchenReportsuc_kitchenReports.xaml.cs:line 57', N'Void MoveNext()', NULL, NULL, CAST(N'2022-04-16T16:40:12.6886079' AS DateTime2), 2)
GO
INSERT [dbo].[error] ([errorId], [num], [msg], [stackTrace], [targetSite], [posId], [branchId], [createDate], [createUserId]) VALUES (1426, N'-2147467261', N'Object reference not set to an instance of an object.', N'   at Restaurant.View.reports.uc_reports.<translate>d__8.MoveNext() in C:UsersHPDocumentsGitHubRESprojectRestaurantRestaurantViewreportsuc_reports.xaml.cs:line 132rn--- End of stack trace from previous location where exception was thrown ---rn   at System.Runtime.CompilerServices.TaskAwaiter.ThrowForNonSuccess(Task task)rn   at System.Runtime.CompilerServices.TaskAwaiter.HandleNonSuccessAndDebuggerNotification(Task task)rn   at System.Runtime.CompilerServices.TaskAwaiter.GetResult()rn   at Restaurant.View.reports.uc_reports.<UserControl_Loaded>d__6.MoveNext() in C:UsersHPDocumentsGitHubRESprojectRestaurantRestaurantViewreportsuc_reports.xaml.cs:line 65', N'Void MoveNext()', NULL, NULL, CAST(N'2022-04-16T16:40:23.4377028' AS DateTime2), 2)
GO
INSERT [dbo].[error] ([errorId], [num], [msg], [stackTrace], [targetSite], [posId], [branchId], [createDate], [createUserId]) VALUES (1427, N'-2147467261', N'Object reference not set to an instance of an object.', N'   at Restaurant.View.reports.kitchenReports.uc_kitchenReports.<translate>d__7.MoveNext() in C:UsersHPDocumentsGitHubRESprojectRestaurantRestaurantViewreportskitchenReportsuc_kitchenReports.xaml.cs:line 78rn--- End of stack trace from previous location where exception was thrown ---rn   at System.Runtime.CompilerServices.TaskAwaiter.ThrowForNonSuccess(Task task)rn   at System.Runtime.CompilerServices.TaskAwaiter.HandleNonSuccessAndDebuggerNotification(Task task)rn   at System.Runtime.CompilerServices.TaskAwaiter.GetResult()rn   at Restaurant.View.reports.kitchenReports.uc_kitchenReports.<UserControl_Loaded>d__5.MoveNext() in C:UsersHPDocumentsGitHubRESprojectRestaurantRestaurantViewreportskitchenReportsuc_kitchenReports.xaml.cs:line 57', N'Void MoveNext()', NULL, NULL, CAST(N'2022-04-16T16:40:25.2764069' AS DateTime2), 2)
GO
INSERT [dbo].[error] ([errorId], [num], [msg], [stackTrace], [targetSite], [posId], [branchId], [createDate], [createUserId]) VALUES (1428, N'-2147467261', N'Object reference not set to an instance of an object.', N'   at Restaurant.View.reports.uc_reports.<translate>d__8.MoveNext() in E:Restaurant 17-4-2022RestaurantViewreportsuc_reports.xaml.cs:line 132rn--- End of stack trace from previous location where exception was thrown ---rn   at System.Runtime.CompilerServices.TaskAwaiter.ThrowForNonSuccess(Task task)rn   at System.Runtime.CompilerServices.TaskAwaiter.HandleNonSuccessAndDebuggerNotification(Task task)rn   at System.Runtime.CompilerServices.TaskAwaiter.GetResult()rn   at Restaurant.View.reports.uc_reports.<UserControl_Loaded>d__6.MoveNext() in E:Restaurant 17-4-2022RestaurantViewreportsuc_reports.xaml.cs:line 65', N'Void MoveNext()', NULL, NULL, CAST(N'2022-04-17T11:23:09.1445012' AS DateTime2), 17)
GO
INSERT [dbo].[error] ([errorId], [num], [msg], [stackTrace], [targetSite], [posId], [branchId], [createDate], [createUserId]) VALUES (1429, N'-2147467261', N'Object reference not set to an instance of an object.', N'   at Restaurant.View.reports.kitchenReports.uc_kitchenReports.<translate>d__7.MoveNext() in E:Restaurant 17-4-2022RestaurantViewreportskitchenReportsuc_kitchenReports.xaml.cs:line 78rn--- End of stack trace from previous location where exception was thrown ---rn   at System.Runtime.CompilerServices.TaskAwaiter.ThrowForNonSuccess(Task task)rn   at System.Runtime.CompilerServices.TaskAwaiter.HandleNonSuccessAndDebuggerNotification(Task task)rn   at System.Runtime.CompilerServices.TaskAwaiter.GetResult()rn   at Restaurant.View.reports.kitchenReports.uc_kitchenReports.<UserControl_Loaded>d__5.MoveNext() in E:Restaurant 17-4-2022RestaurantViewreportskitchenReportsuc_kitchenReports.xaml.cs:line 57', N'Void MoveNext()', NULL, NULL, CAST(N'2022-04-17T11:23:11.5484871' AS DateTime2), 17)
GO
INSERT [dbo].[error] ([errorId], [num], [msg], [stackTrace], [targetSite], [posId], [branchId], [createDate], [createUserId]) VALUES (1430, N'-2147467261', N'Object reference not set to an instance of an object.', N'   at Restaurant.View.reports.uc_reports.<translate>d__8.MoveNext() in E:Restaurant 17-4-2022RestaurantViewreportsuc_reports.xaml.cs:line 132rn--- End of stack trace from previous location where exception was thrown ---rn   at System.Runtime.CompilerServices.TaskAwaiter.ThrowForNonSuccess(Task task)rn   at System.Runtime.CompilerServices.TaskAwaiter.HandleNonSuccessAndDebuggerNotification(Task task)rn   at System.Runtime.CompilerServices.TaskAwaiter.GetResult()rn   at Restaurant.View.reports.uc_reports.<UserControl_Loaded>d__6.MoveNext() in E:Restaurant 17-4-2022RestaurantViewreportsuc_reports.xaml.cs:line 65', N'Void MoveNext()', NULL, NULL, CAST(N'2022-04-17T11:23:54.7834537' AS DateTime2), 17)
GO
INSERT [dbo].[error] ([errorId], [num], [msg], [stackTrace], [targetSite], [posId], [branchId], [createDate], [createUserId]) VALUES (1431, N'-2147467261', N'Object reference not set to an instance of an object.', N'   at Restaurant.View.reports.kitchenReports.uc_kitchenReports.<translate>d__7.MoveNext() in E:Restaurant 17-4-2022RestaurantViewreportskitchenReportsuc_kitchenReports.xaml.cs:line 78rn--- End of stack trace from previous location where exception was thrown ---rn   at System.Runtime.CompilerServices.TaskAwaiter.ThrowForNonSuccess(Task task)rn   at System.Runtime.CompilerServices.TaskAwaiter.HandleNonSuccessAndDebuggerNotification(Task task)rn   at System.Runtime.CompilerServices.TaskAwaiter.GetResult()rn   at Restaurant.View.reports.kitchenReports.uc_kitchenReports.<UserControl_Loaded>d__5.MoveNext() in E:Restaurant 17-4-2022RestaurantViewreportskitchenReportsuc_kitchenReports.xaml.cs:line 57', N'Void MoveNext()', NULL, NULL, CAST(N'2022-04-17T11:23:56.9829840' AS DateTime2), 17)
GO
INSERT [dbo].[error] ([errorId], [num], [msg], [stackTrace], [targetSite], [posId], [branchId], [createDate], [createUserId]) VALUES (1432, N'-2147467261', N'Object reference not set to an instance of an object.', N'   at Restaurant.View.reports.uc_reports.<translate>d__8.MoveNext() in E:Restaurant 17-4-2022RestaurantViewreportsuc_reports.xaml.cs:line 132rn--- End of stack trace from previous location where exception was thrown ---rn   at System.Runtime.CompilerServices.TaskAwaiter.ThrowForNonSuccess(Task task)rn   at System.Runtime.CompilerServices.TaskAwaiter.HandleNonSuccessAndDebuggerNotification(Task task)rn   at System.Runtime.CompilerServices.TaskAwaiter.GetResult()rn   at Restaurant.View.reports.uc_reports.<UserControl_Loaded>d__6.MoveNext() in E:Restaurant 17-4-2022RestaurantViewreportsuc_reports.xaml.cs:line 65', N'Void MoveNext()', NULL, NULL, CAST(N'2022-04-17T11:24:26.8866633' AS DateTime2), 17)
GO
INSERT [dbo].[error] ([errorId], [num], [msg], [stackTrace], [targetSite], [posId], [branchId], [createDate], [createUserId]) VALUES (1433, N'-2147467261', N'Object reference not set to an instance of an object.', N'   at Restaurant.View.reports.kitchenReports.uc_kitchenReports.<translate>d__7.MoveNext() in E:Restaurant 17-4-2022RestaurantViewreportskitchenReportsuc_kitchenReports.xaml.cs:line 78rn--- End of stack trace from previous location where exception was thrown ---rn   at System.Runtime.CompilerServices.TaskAwaiter.ThrowForNonSuccess(Task task)rn   at System.Runtime.CompilerServices.TaskAwaiter.HandleNonSuccessAndDebuggerNotification(Task task)rn   at System.Runtime.CompilerServices.TaskAwaiter.GetResult()rn   at Restaurant.View.reports.kitchenReports.uc_kitchenReports.<UserControl_Loaded>d__5.MoveNext() in E:Restaurant 17-4-2022RestaurantViewreportskitchenReportsuc_kitchenReports.xaml.cs:line 57', N'Void MoveNext()', NULL, NULL, CAST(N'2022-04-17T11:24:29.6264063' AS DateTime2), 17)
GO
INSERT [dbo].[error] ([errorId], [num], [msg], [stackTrace], [targetSite], [posId], [branchId], [createDate], [createUserId]) VALUES (1434, N'-2147467261', N'Object reference not set to an instance of an object.', N'   at Restaurant.View.reports.uc_reports.<translate>d__8.MoveNext() in E:Restaurant 17-4-2022RestaurantViewreportsuc_reports.xaml.cs:line 132rn--- End of stack trace from previous location where exception was thrown ---rn   at System.Runtime.CompilerServices.TaskAwaiter.ThrowForNonSuccess(Task task)rn   at System.Runtime.CompilerServices.TaskAwaiter.HandleNonSuccessAndDebuggerNotification(Task task)rn   at System.Runtime.CompilerServices.TaskAwaiter.GetResult()rn   at Restaurant.View.reports.uc_reports.<UserControl_Loaded>d__6.MoveNext() in E:Restaurant 17-4-2022RestaurantViewreportsuc_reports.xaml.cs:line 65', N'Void MoveNext()', NULL, NULL, CAST(N'2022-04-17T11:24:39.0822999' AS DateTime2), 17)
GO
INSERT [dbo].[error] ([errorId], [num], [msg], [stackTrace], [targetSite], [posId], [branchId], [createDate], [createUserId]) VALUES (1435, N'-2147467261', N'Object reference not set to an instance of an object.', N'   at Restaurant.View.reports.kitchenReports.uc_kitchenReports.<translate>d__7.MoveNext() in E:Restaurant 17-4-2022RestaurantViewreportskitchenReportsuc_kitchenReports.xaml.cs:line 78rn--- End of stack trace from previous location where exception was thrown ---rn   at System.Runtime.CompilerServices.TaskAwaiter.ThrowForNonSuccess(Task task)rn   at System.Runtime.CompilerServices.TaskAwaiter.HandleNonSuccessAndDebuggerNotification(Task task)rn   at System.Runtime.CompilerServices.TaskAwaiter.GetResult()rn   at Restaurant.View.reports.kitchenReports.uc_kitchenReports.<UserControl_Loaded>d__5.MoveNext() in E:Restaurant 17-4-2022RestaurantViewreportskitchenReportsuc_kitchenReports.xaml.cs:line 57', N'Void MoveNext()', NULL, NULL, CAST(N'2022-04-17T11:24:41.3001972' AS DateTime2), 17)
GO
INSERT [dbo].[error] ([errorId], [num], [msg], [stackTrace], [targetSite], [posId], [branchId], [createDate], [createUserId]) VALUES (1436, N'-2147467261', N'Object reference not set to an instance of an object.', N'   at Restaurant.View.reports.uc_reports.<translate>d__8.MoveNext() in E:Restaurant 17-4-2022RestaurantViewreportsuc_reports.xaml.cs:line 132rn--- End of stack trace from previous location where exception was thrown ---rn   at System.Runtime.CompilerServices.TaskAwaiter.ThrowForNonSuccess(Task task)rn   at System.Runtime.CompilerServices.TaskAwaiter.HandleNonSuccessAndDebuggerNotification(Task task)rn   at System.Runtime.CompilerServices.TaskAwaiter.GetResult()rn   at Restaurant.View.reports.uc_reports.<UserControl_Loaded>d__6.MoveNext() in E:Restaurant 17-4-2022RestaurantViewreportsuc_reports.xaml.cs:line 65', N'Void MoveNext()', NULL, NULL, CAST(N'2022-04-17T11:51:53.1573956' AS DateTime2), 17)
GO
INSERT [dbo].[error] ([errorId], [num], [msg], [stackTrace], [targetSite], [posId], [branchId], [createDate], [createUserId]) VALUES (1437, N'-2147467261', N'Object reference not set to an instance of an object.', N'   at Restaurant.View.reports.kitchenReports.uc_kitchenReports.<translate>d__7.MoveNext() in E:Restaurant 17-4-2022RestaurantViewreportskitchenReportsuc_kitchenReports.xaml.cs:line 78rn--- End of stack trace from previous location where exception was thrown ---rn   at System.Runtime.CompilerServices.TaskAwaiter.ThrowForNonSuccess(Task task)rn   at System.Runtime.CompilerServices.TaskAwaiter.HandleNonSuccessAndDebuggerNotification(Task task)rn   at System.Runtime.CompilerServices.TaskAwaiter.GetResult()rn   at Restaurant.View.reports.kitchenReports.uc_kitchenReports.<UserControl_Loaded>d__5.MoveNext() in E:Restaurant 17-4-2022RestaurantViewreportskitchenReportsuc_kitchenReports.xaml.cs:line 57', N'Void MoveNext()', NULL, NULL, CAST(N'2022-04-17T11:51:55.0073772' AS DateTime2), 17)
GO
INSERT [dbo].[error] ([errorId], [num], [msg], [stackTrace], [targetSite], [posId], [branchId], [createDate], [createUserId]) VALUES (1438, N'-2147467261', N'Object reference not set to an instance of an object.', N'   at Restaurant.View.reports.uc_reports.<translate>d__8.MoveNext() in E:Restaurant 17-4-2022RestaurantViewreportsuc_reports.xaml.cs:line 132rn--- End of stack trace from previous location where exception was thrown ---rn   at System.Runtime.CompilerServices.TaskAwaiter.ThrowForNonSuccess(Task task)rn   at System.Runtime.CompilerServices.TaskAwaiter.HandleNonSuccessAndDebuggerNotification(Task task)rn   at System.Runtime.CompilerServices.TaskAwaiter.GetResult()rn   at Restaurant.View.reports.uc_reports.<UserControl_Loaded>d__6.MoveNext() in E:Restaurant 17-4-2022RestaurantViewreportsuc_reports.xaml.cs:line 65', N'Void MoveNext()', NULL, NULL, CAST(N'2022-04-17T11:54:25.9488196' AS DateTime2), 17)
GO
INSERT [dbo].[error] ([errorId], [num], [msg], [stackTrace], [targetSite], [posId], [branchId], [createDate], [createUserId]) VALUES (1439, N'-2147467261', N'Object reference not set to an instance of an object.', N'   at Restaurant.View.reports.kitchenReports.uc_kitchenReports.<translate>d__7.MoveNext() in E:Restaurant 17-4-2022RestaurantViewreportskitchenReportsuc_kitchenReports.xaml.cs:line 78rn--- End of stack trace from previous location where exception was thrown ---rn   at System.Runtime.CompilerServices.TaskAwaiter.ThrowForNonSuccess(Task task)rn   at System.Runtime.CompilerServices.TaskAwaiter.HandleNonSuccessAndDebuggerNotification(Task task)rn   at System.Runtime.CompilerServices.TaskAwaiter.GetResult()rn   at Restaurant.View.reports.kitchenReports.uc_kitchenReports.<UserControl_Loaded>d__5.MoveNext() in E:Restaurant 17-4-2022RestaurantViewreportskitchenReportsuc_kitchenReports.xaml.cs:line 57', N'Void MoveNext()', NULL, NULL, CAST(N'2022-04-17T11:54:27.7157409' AS DateTime2), 17)
GO
INSERT [dbo].[error] ([errorId], [num], [msg], [stackTrace], [targetSite], [posId], [branchId], [createDate], [createUserId]) VALUES (1440, N'-2146233086', N'Index was out of range. Must be non-negative and less than the size of the collection.rnParameter name: index', N'   at System.ThrowHelper.ThrowArgumentOutOfRangeException(ExceptionArgument argument, ExceptionResource resource)rn   at System.Collections.Generic.List`1.get_Item(Int32 index)rn   at Restaurant.View.windows.wd_transItemsLocation.Btn_save_Click(Object sender, RoutedEventArgs e) in E:Restaurant 17-4-2022RestaurantViewwindowswd_transItemsLocation.xaml.cs:line 94', N'Void ThrowArgumentOutOfRangeException(System.ExceptionArgument, System.ExceptionResource)', NULL, NULL, CAST(N'2022-04-17T11:55:57.4142732' AS DateTime2), 17)
GO
INSERT [dbo].[error] ([errorId], [num], [msg], [stackTrace], [targetSite], [posId], [branchId], [createDate], [createUserId]) VALUES (1441, N'-2147467261', N'Object reference not set to an instance of an object.', N'   at Restaurant.View.reports.uc_reports.<translate>d__8.MoveNext() in E:Restaurant 17-4-2022RestaurantViewreportsuc_reports.xaml.cs:line 132rn--- End of stack trace from previous location where exception was thrown ---rn   at System.Runtime.CompilerServices.TaskAwaiter.ThrowForNonSuccess(Task task)rn   at System.Runtime.CompilerServices.TaskAwaiter.HandleNonSuccessAndDebuggerNotification(Task task)rn   at System.Runtime.CompilerServices.TaskAwaiter.GetResult()rn   at Restaurant.View.reports.uc_reports.<UserControl_Loaded>d__6.MoveNext() in E:Restaurant 17-4-2022RestaurantViewreportsuc_reports.xaml.cs:line 65', N'Void MoveNext()', NULL, NULL, CAST(N'2022-04-17T12:01:53.1013417' AS DateTime2), 17)
GO
INSERT [dbo].[error] ([errorId], [num], [msg], [stackTrace], [targetSite], [posId], [branchId], [createDate], [createUserId]) VALUES (1442, N'-2147467261', N'Object reference not set to an instance of an object.', N'   at Restaurant.View.reports.kitchenReports.uc_kitchenReports.<translate>d__7.MoveNext() in E:Restaurant 17-4-2022RestaurantViewreportskitchenReportsuc_kitchenReports.xaml.cs:line 78rn--- End of stack trace from previous location where exception was thrown ---rn   at System.Runtime.CompilerServices.TaskAwaiter.ThrowForNonSuccess(Task task)rn   at System.Runtime.CompilerServices.TaskAwaiter.HandleNonSuccessAndDebuggerNotification(Task task)rn   at System.Runtime.CompilerServices.TaskAwaiter.GetResult()rn   at Restaurant.View.reports.kitchenReports.uc_kitchenReports.<UserControl_Loaded>d__5.MoveNext() in E:Restaurant 17-4-2022RestaurantViewreportskitchenReportsuc_kitchenReports.xaml.cs:line 57', N'Void MoveNext()', NULL, NULL, CAST(N'2022-04-17T12:01:56.1717893' AS DateTime2), 17)
GO
INSERT [dbo].[error] ([errorId], [num], [msg], [stackTrace], [targetSite], [posId], [branchId], [createDate], [createUserId]) VALUES (1443, N'-2147467261', N'Object reference not set to an instance of an object.', N'   at Restaurant.View.reports.uc_reports.<translate>d__8.MoveNext() in E:Restaurant 17-4-2022RestaurantViewreportsuc_reports.xaml.cs:line 132rn--- End of stack trace from previous location where exception was thrown ---rn   at System.Runtime.CompilerServices.TaskAwaiter.ThrowForNonSuccess(Task task)rn   at System.Runtime.CompilerServices.TaskAwaiter.HandleNonSuccessAndDebuggerNotification(Task task)rn   at System.Runtime.CompilerServices.TaskAwaiter.GetResult()rn   at Restaurant.View.reports.uc_reports.<UserControl_Loaded>d__6.MoveNext() in E:Restaurant 17-4-2022RestaurantViewreportsuc_reports.xaml.cs:line 65', N'Void MoveNext()', NULL, NULL, CAST(N'2022-04-17T12:10:45.4014615' AS DateTime2), 17)
GO
INSERT [dbo].[error] ([errorId], [num], [msg], [stackTrace], [targetSite], [posId], [branchId], [createDate], [createUserId]) VALUES (1444, N'-2147467261', N'Object reference not set to an instance of an object.', N'   at Restaurant.View.reports.kitchenReports.uc_kitchenReports.<translate>d__7.MoveNext() in E:Restaurant 17-4-2022RestaurantViewreportskitchenReportsuc_kitchenReports.xaml.cs:line 78rn--- End of stack trace from previous location where exception was thrown ---rn   at System.Runtime.CompilerServices.TaskAwaiter.ThrowForNonSuccess(Task task)rn   at System.Runtime.CompilerServices.TaskAwaiter.HandleNonSuccessAndDebuggerNotification(Task task)rn   at System.Runtime.CompilerServices.TaskAwaiter.GetResult()rn   at Restaurant.View.reports.kitchenReports.uc_kitchenReports.<UserControl_Loaded>d__5.MoveNext() in E:Restaurant 17-4-2022RestaurantViewreportskitchenReportsuc_kitchenReports.xaml.cs:line 57', N'Void MoveNext()', NULL, NULL, CAST(N'2022-04-17T12:10:48.2219227' AS DateTime2), 17)
GO
INSERT [dbo].[error] ([errorId], [num], [msg], [stackTrace], [targetSite], [posId], [branchId], [createDate], [createUserId]) VALUES (1445, N'-2147467261', N'Object reference not set to an instance of an object.', N'   at Restaurant.View.reports.uc_reports.<translate>d__8.MoveNext() in E:Restaurant 17-4-2022RestaurantViewreportsuc_reports.xaml.cs:line 132rn--- End of stack trace from previous location where exception was thrown ---rn   at System.Runtime.CompilerServices.TaskAwaiter.ThrowForNonSuccess(Task task)rn   at System.Runtime.CompilerServices.TaskAwaiter.HandleNonSuccessAndDebuggerNotification(Task task)rn   at System.Runtime.CompilerServices.TaskAwaiter.GetResult()rn   at Restaurant.View.reports.uc_reports.<UserControl_Loaded>d__6.MoveNext() in E:Restaurant 17-4-2022RestaurantViewreportsuc_reports.xaml.cs:line 65', N'Void MoveNext()', NULL, NULL, CAST(N'2022-04-17T12:12:34.9446277' AS DateTime2), 17)
GO
INSERT [dbo].[error] ([errorId], [num], [msg], [stackTrace], [targetSite], [posId], [branchId], [createDate], [createUserId]) VALUES (1446, N'-2147467261', N'Object reference not set to an instance of an object.', N'   at Restaurant.View.reports.kitchenReports.uc_kitchenReports.<translate>d__7.MoveNext() in E:Restaurant 17-4-2022RestaurantViewreportskitchenReportsuc_kitchenReports.xaml.cs:line 78rn--- End of stack trace from previous location where exception was thrown ---rn   at System.Runtime.CompilerServices.TaskAwaiter.ThrowForNonSuccess(Task task)rn   at System.Runtime.CompilerServices.TaskAwaiter.HandleNonSuccessAndDebuggerNotification(Task task)rn   at System.Runtime.CompilerServices.TaskAwaiter.GetResult()rn   at Restaurant.View.reports.kitchenReports.uc_kitchenReports.<UserControl_Loaded>d__5.MoveNext() in E:Restaurant 17-4-2022RestaurantViewreportskitchenReportsuc_kitchenReports.xaml.cs:line 57', N'Void MoveNext()', NULL, NULL, CAST(N'2022-04-17T12:12:36.5972446' AS DateTime2), 17)
GO
INSERT [dbo].[error] ([errorId], [num], [msg], [stackTrace], [targetSite], [posId], [branchId], [createDate], [createUserId]) VALUES (1447, N'-2147467261', N'Object reference not set to an instance of an object.', N'   at Restaurant.View.reports.uc_reports.<translate>d__8.MoveNext() in E:Restaurant 17-4-2022RestaurantViewreportsuc_reports.xaml.cs:line 132rn--- End of stack trace from previous location where exception was thrown ---rn   at System.Runtime.CompilerServices.TaskAwaiter.ThrowForNonSuccess(Task task)rn   at System.Runtime.CompilerServices.TaskAwaiter.HandleNonSuccessAndDebuggerNotification(Task task)rn   at System.Runtime.CompilerServices.TaskAwaiter.GetResult()rn   at Restaurant.View.reports.uc_reports.<UserControl_Loaded>d__6.MoveNext() in E:Restaurant 17-4-2022RestaurantViewreportsuc_reports.xaml.cs:line 65', N'Void MoveNext()', NULL, NULL, CAST(N'2022-04-17T12:14:42.2014435' AS DateTime2), 17)
GO
INSERT [dbo].[error] ([errorId], [num], [msg], [stackTrace], [targetSite], [posId], [branchId], [createDate], [createUserId]) VALUES (1448, N'-2147467261', N'Object reference not set to an instance of an object.', N'   at Restaurant.View.reports.kitchenReports.uc_kitchenReports.<translate>d__7.MoveNext() in E:Restaurant 17-4-2022RestaurantViewreportskitchenReportsuc_kitchenReports.xaml.cs:line 78rn--- End of stack trace from previous location where exception was thrown ---rn   at System.Runtime.CompilerServices.TaskAwaiter.ThrowForNonSuccess(Task task)rn   at System.Runtime.CompilerServices.TaskAwaiter.HandleNonSuccessAndDebuggerNotification(Task task)rn   at System.Runtime.CompilerServices.TaskAwaiter.GetResult()rn   at Restaurant.View.reports.kitchenReports.uc_kitchenReports.<UserControl_Loaded>d__5.MoveNext() in E:Restaurant 17-4-2022RestaurantViewreportskitchenReportsuc_kitchenReports.xaml.cs:line 57', N'Void MoveNext()', NULL, NULL, CAST(N'2022-04-17T12:14:44.0116039' AS DateTime2), 17)
GO
INSERT [dbo].[error] ([errorId], [num], [msg], [stackTrace], [targetSite], [posId], [branchId], [createDate], [createUserId]) VALUES (1449, N'-2147467261', N'Object reference not set to an instance of an object.', N'   at Restaurant.View.reports.uc_reports.<translate>d__8.MoveNext() in E:Restaurant 17-4-2022RestaurantViewreportsuc_reports.xaml.cs:line 132rn--- End of stack trace from previous location where exception was thrown ---rn   at System.Runtime.CompilerServices.TaskAwaiter.ThrowForNonSuccess(Task task)rn   at System.Runtime.CompilerServices.TaskAwaiter.HandleNonSuccessAndDebuggerNotification(Task task)rn   at System.Runtime.CompilerServices.TaskAwaiter.GetResult()rn   at Restaurant.View.reports.uc_reports.<UserControl_Loaded>d__6.MoveNext() in E:Restaurant 17-4-2022RestaurantViewreportsuc_reports.xaml.cs:line 65', N'Void MoveNext()', NULL, NULL, CAST(N'2022-04-17T12:20:08.8163260' AS DateTime2), 17)
GO
INSERT [dbo].[error] ([errorId], [num], [msg], [stackTrace], [targetSite], [posId], [branchId], [createDate], [createUserId]) VALUES (1450, N'-2147467261', N'Object reference not set to an instance of an object.', N'   at Restaurant.View.reports.kitchenReports.uc_kitchenReports.<translate>d__7.MoveNext() in E:Restaurant 17-4-2022RestaurantViewreportskitchenReportsuc_kitchenReports.xaml.cs:line 78rn--- End of stack trace from previous location where exception was thrown ---rn   at System.Runtime.CompilerServices.TaskAwaiter.ThrowForNonSuccess(Task task)rn   at System.Runtime.CompilerServices.TaskAwaiter.HandleNonSuccessAndDebuggerNotification(Task task)rn   at System.Runtime.CompilerServices.TaskAwaiter.GetResult()rn   at Restaurant.View.reports.kitchenReports.uc_kitchenReports.<UserControl_Loaded>d__5.MoveNext() in E:Restaurant 17-4-2022RestaurantViewreportskitchenReportsuc_kitchenReports.xaml.cs:line 57', N'Void MoveNext()', NULL, NULL, CAST(N'2022-04-17T12:20:11.1700351' AS DateTime2), 17)
GO
INSERT [dbo].[error] ([errorId], [num], [msg], [stackTrace], [targetSite], [posId], [branchId], [createDate], [createUserId]) VALUES (1451, N'-2146233079', N'Nullable object must have a value.', N'   at System.ThrowHelper.ThrowInvalidOperationException(ExceptionResource resource)rn   at System.Nullable`1.get_Value()rn   at Restaurant.View.reports.kitchenReports.uc_spendingRequestsKitchenReport.<>c.<fillPieChart>b__36_5(ItemTransferInvoice g) in E:Restaurant 17-4-2022RestaurantViewreportskitchenReportsuc_spendingRequestsKitchenReport.xaml.cs:line 576rn   at System.Linq.Enumerable.WhereSelectEnumerableIterator`2.MoveNext()rn   at System.Linq.Enumerable.Sum(IEnumerable`1 source)rn   at System.Linq.Enumerable.Sum[TSource](IEnumerable`1 source, Func`2 selector)rn   at Restaurant.View.reports.kitchenReports.uc_spendingRequestsKitchenReport.<>c.<fillPieChart>b__36_3(IGrouping`2 s) in E:Restaurant 17-4-2022RestaurantViewreportskitchenReportsuc_spendingRequestsKitchenReport.xaml.cs:line 576rn   at System.Linq.Enumerable.<>c__DisplayClass7_0`3.<CombineSelectors>b__0(TSource x)rn   at System.Linq.Enumerable.WhereSelectEnumerableIterator`2.MoveNext()rn   at System.Linq.Enumerable.Count[TSource](IEnumerable`1 source)rn   at Restaurant.View.reports.kitchenReports.uc_spendingRequestsKitchenReport.fillPieChart() in E:Restaurant 17-4-2022RestaurantViewreportskitchenReportsuc_spendingRequestsKitchenReport.xaml.cs:line 582rn   at Restaurant.View.reports.kitchenReports.uc_spendingRequestsKitchenReport.<Search>d__22.MoveNext() in E:Restaurant 17-4-2022RestaurantViewreportskitchenReportsuc_spendingRequestsKitchenReport.xaml.cs:line 258rn--- End of stack trace from previous location where exception was thrown ---rn   at System.Runtime.CompilerServices.TaskAwaiter.ThrowForNonSuccess(Task task)rn   at System.Runtime.CompilerServices.TaskAwaiter.HandleNonSuccessAndDebuggerNotification(Task task)rn   at System.Runtime.CompilerServices.TaskAwaiter.GetResult()rn   at Restaurant.View.reports.kitchenReports.uc_spendingRequestsKitchenReport.<callSearch>d__18.MoveNext() in E:Restaurant 17-4-2022RestaurantViewreportskitchenReportsuc_spendingRequestsKitchenReport.xaml.cs:line 184', N'Void ThrowInvalidOperationException(System.ExceptionResource)', NULL, NULL, CAST(N'2022-04-17T12:20:13.5317203' AS DateTime2), 17)
GO
INSERT [dbo].[error] ([errorId], [num], [msg], [stackTrace], [targetSite], [posId], [branchId], [createDate], [createUserId]) VALUES (1452, N'-2147467261', N'Object reference not set to an instance of an object.', N'   at Restaurant.View.reports.uc_reports.<translate>d__8.MoveNext() in E:Restaurant 17-4-2022RestaurantViewreportsuc_reports.xaml.cs:line 132rn--- End of stack trace from previous location where exception was thrown ---rn   at System.Runtime.CompilerServices.TaskAwaiter.ThrowForNonSuccess(Task task)rn   at System.Runtime.CompilerServices.TaskAwaiter.HandleNonSuccessAndDebuggerNotification(Task task)rn   at System.Runtime.CompilerServices.TaskAwaiter.GetResult()rn   at Restaurant.View.reports.uc_reports.<UserControl_Loaded>d__6.MoveNext() in E:Restaurant 17-4-2022RestaurantViewreportsuc_reports.xaml.cs:line 65', N'Void MoveNext()', NULL, NULL, CAST(N'2022-04-17T12:20:32.3374479' AS DateTime2), 17)
GO
INSERT [dbo].[error] ([errorId], [num], [msg], [stackTrace], [targetSite], [posId], [branchId], [createDate], [createUserId]) VALUES (1453, N'-2147467261', N'Object reference not set to an instance of an object.', N'   at Restaurant.View.reports.kitchenReports.uc_kitchenReports.<translate>d__7.MoveNext() in E:Restaurant 17-4-2022RestaurantViewreportskitchenReportsuc_kitchenReports.xaml.cs:line 78rn--- End of stack trace from previous location where exception was thrown ---rn   at System.Runtime.CompilerServices.TaskAwaiter.ThrowForNonSuccess(Task task)rn   at System.Runtime.CompilerServices.TaskAwaiter.HandleNonSuccessAndDebuggerNotification(Task task)rn   at System.Runtime.CompilerServices.TaskAwaiter.GetResult()rn   at Restaurant.View.reports.kitchenReports.uc_kitchenReports.<UserControl_Loaded>d__5.MoveNext() in E:Restaurant 17-4-2022RestaurantViewreportskitchenReportsuc_kitchenReports.xaml.cs:line 57', N'Void MoveNext()', NULL, NULL, CAST(N'2022-04-17T12:20:34.3211447' AS DateTime2), 17)
GO
INSERT [dbo].[error] ([errorId], [num], [msg], [stackTrace], [targetSite], [posId], [branchId], [createDate], [createUserId]) VALUES (1454, N'-2147467261', N'Object reference not set to an instance of an object.', N'   at Restaurant.View.reports.uc_reports.<translate>d__8.MoveNext() in E:Restaurant 17-4-2022RestaurantViewreportsuc_reports.xaml.cs:line 132rn--- End of stack trace from previous location where exception was thrown ---rn   at System.Runtime.CompilerServices.TaskAwaiter.ThrowForNonSuccess(Task task)rn   at System.Runtime.CompilerServices.TaskAwaiter.HandleNonSuccessAndDebuggerNotification(Task task)rn   at System.Runtime.CompilerServices.TaskAwaiter.GetResult()rn   at Restaurant.View.reports.uc_reports.<UserControl_Loaded>d__6.MoveNext() in E:Restaurant 17-4-2022RestaurantViewreportsuc_reports.xaml.cs:line 65', N'Void MoveNext()', NULL, NULL, CAST(N'2022-04-17T12:22:21.7270257' AS DateTime2), 17)
GO
INSERT [dbo].[error] ([errorId], [num], [msg], [stackTrace], [targetSite], [posId], [branchId], [createDate], [createUserId]) VALUES (1455, N'-2147467261', N'Object reference not set to an instance of an object.', N'   at Restaurant.View.reports.kitchenReports.uc_kitchenReports.<translate>d__7.MoveNext() in E:Restaurant 17-4-2022RestaurantViewreportskitchenReportsuc_kitchenReports.xaml.cs:line 78rn--- End of stack trace from previous location where exception was thrown ---rn   at System.Runtime.CompilerServices.TaskAwaiter.ThrowForNonSuccess(Task task)rn   at System.Runtime.CompilerServices.TaskAwaiter.HandleNonSuccessAndDebuggerNotification(Task task)rn   at System.Runtime.CompilerServices.TaskAwaiter.GetResult()rn   at Restaurant.View.reports.kitchenReports.uc_kitchenReports.<UserControl_Loaded>d__5.MoveNext() in E:Restaurant 17-4-2022RestaurantViewreportskitchenReportsuc_kitchenReports.xaml.cs:line 57', N'Void MoveNext()', NULL, NULL, CAST(N'2022-04-17T12:22:23.4374526' AS DateTime2), 17)
GO
INSERT [dbo].[error] ([errorId], [num], [msg], [stackTrace], [targetSite], [posId], [branchId], [createDate], [createUserId]) VALUES (1456, N'-2147467261', N'Object reference not set to an instance of an object.', N'   at Restaurant.View.reports.uc_reports.<translate>d__8.MoveNext() in E:Restaurant 17-4-2022RestaurantViewreportsuc_reports.xaml.cs:line 132rn--- End of stack trace from previous location where exception was thrown ---rn   at System.Runtime.CompilerServices.TaskAwaiter.ThrowForNonSuccess(Task task)rn   at System.Runtime.CompilerServices.TaskAwaiter.HandleNonSuccessAndDebuggerNotification(Task task)rn   at System.Runtime.CompilerServices.TaskAwaiter.GetResult()rn   at Restaurant.View.reports.uc_reports.<UserControl_Loaded>d__6.MoveNext() in E:Restaurant 17-4-2022RestaurantViewreportsuc_reports.xaml.cs:line 65', N'Void MoveNext()', NULL, NULL, CAST(N'2022-04-17T12:25:43.8656611' AS DateTime2), 17)
GO
INSERT [dbo].[error] ([errorId], [num], [msg], [stackTrace], [targetSite], [posId], [branchId], [createDate], [createUserId]) VALUES (1457, N'-2147467261', N'Object reference not set to an instance of an object.', N'   at Restaurant.View.reports.kitchenReports.uc_kitchenReports.<translate>d__7.MoveNext() in E:Restaurant 17-4-2022RestaurantViewreportskitchenReportsuc_kitchenReports.xaml.cs:line 78rn--- End of stack trace from previous location where exception was thrown ---rn   at System.Runtime.CompilerServices.TaskAwaiter.ThrowForNonSuccess(Task task)rn   at System.Runtime.CompilerServices.TaskAwaiter.HandleNonSuccessAndDebuggerNotification(Task task)rn   at System.Runtime.CompilerServices.TaskAwaiter.GetResult()rn   at Restaurant.View.reports.kitchenReports.uc_kitchenReports.<UserControl_Loaded>d__5.MoveNext() in E:Restaurant 17-4-2022RestaurantViewreportskitchenReportsuc_kitchenReports.xaml.cs:line 57', N'Void MoveNext()', NULL, NULL, CAST(N'2022-04-17T12:25:46.5345287' AS DateTime2), 17)
GO
INSERT [dbo].[error] ([errorId], [num], [msg], [stackTrace], [targetSite], [posId], [branchId], [createDate], [createUserId]) VALUES (1458, N'-2147467261', N'Object reference not set to an instance of an object.', N'   at Restaurant.View.reports.uc_reports.<translate>d__8.MoveNext() in E:Restaurant 17-4-2022RestaurantViewreportsuc_reports.xaml.cs:line 132rn--- End of stack trace from previous location where exception was thrown ---rn   at System.Runtime.CompilerServices.TaskAwaiter.ThrowForNonSuccess(Task task)rn   at System.Runtime.CompilerServices.TaskAwaiter.HandleNonSuccessAndDebuggerNotification(Task task)rn   at System.Runtime.CompilerServices.TaskAwaiter.GetResult()rn   at Restaurant.View.reports.uc_reports.<UserControl_Loaded>d__6.MoveNext() in E:Restaurant 17-4-2022RestaurantViewreportsuc_reports.xaml.cs:line 65', N'Void MoveNext()', NULL, NULL, CAST(N'2022-04-17T12:26:20.6523250' AS DateTime2), 17)
GO
INSERT [dbo].[error] ([errorId], [num], [msg], [stackTrace], [targetSite], [posId], [branchId], [createDate], [createUserId]) VALUES (1459, N'-2147467261', N'Object reference not set to an instance of an object.', N'   at Restaurant.View.reports.kitchenReports.uc_kitchenReports.<translate>d__7.MoveNext() in E:Restaurant 17-4-2022RestaurantViewreportskitchenReportsuc_kitchenReports.xaml.cs:line 78rn--- End of stack trace from previous location where exception was thrown ---rn   at System.Runtime.CompilerServices.TaskAwaiter.ThrowForNonSuccess(Task task)rn   at System.Runtime.CompilerServices.TaskAwaiter.HandleNonSuccessAndDebuggerNotification(Task task)rn   at System.Runtime.CompilerServices.TaskAwaiter.GetResult()rn   at Restaurant.View.reports.kitchenReports.uc_kitchenReports.<UserControl_Loaded>d__5.MoveNext() in E:Restaurant 17-4-2022RestaurantViewreportskitchenReportsuc_kitchenReports.xaml.cs:line 57', N'Void MoveNext()', NULL, NULL, CAST(N'2022-04-17T12:26:22.4305681' AS DateTime2), 17)
GO
INSERT [dbo].[error] ([errorId], [num], [msg], [stackTrace], [targetSite], [posId], [branchId], [createDate], [createUserId]) VALUES (1460, N'-2147467261', N'Object reference not set to an instance of an object.', N'   at Restaurant.View.reports.uc_reports.<translate>d__8.MoveNext() in C:UsersHPDocumentsGitHubRESprojectRestaurantRestaurantViewreportsuc_reports.xaml.cs:line 132rn--- End of stack trace from previous location where exception was thrown ---rn   at System.Runtime.CompilerServices.TaskAwaiter.ThrowForNonSuccess(Task task)rn   at System.Runtime.CompilerServices.TaskAwaiter.HandleNonSuccessAndDebuggerNotification(Task task)rn   at System.Runtime.CompilerServices.TaskAwaiter.GetResult()rn   at Restaurant.View.reports.uc_reports.<UserControl_Loaded>d__6.MoveNext() in C:UsersHPDocumentsGitHubRESprojectRestaurantRestaurantViewreportsuc_reports.xaml.cs:line 65', N'Void MoveNext()', NULL, NULL, CAST(N'2022-04-17T12:26:54.2983788' AS DateTime2), 2)
GO
INSERT [dbo].[error] ([errorId], [num], [msg], [stackTrace], [targetSite], [posId], [branchId], [createDate], [createUserId]) VALUES (1461, N'-2147467261', N'Object reference not set to an instance of an object.', N'   at Restaurant.View.reports.uc_reports.<translate>d__8.MoveNext() in E:Restaurant 17-4-2022RestaurantViewreportsuc_reports.xaml.cs:line 132rn--- End of stack trace from previous location where exception was thrown ---rn   at System.Runtime.CompilerServices.TaskAwaiter.ThrowForNonSuccess(Task task)rn   at System.Runtime.CompilerServices.TaskAwaiter.HandleNonSuccessAndDebuggerNotification(Task task)rn   at System.Runtime.CompilerServices.TaskAwaiter.GetResult()rn   at Restaurant.View.reports.uc_reports.<UserControl_Loaded>d__6.MoveNext() in E:Restaurant 17-4-2022RestaurantViewreportsuc_reports.xaml.cs:line 65', N'Void MoveNext()', NULL, NULL, CAST(N'2022-04-17T12:29:06.7460241' AS DateTime2), 17)
GO
INSERT [dbo].[error] ([errorId], [num], [msg], [stackTrace], [targetSite], [posId], [branchId], [createDate], [createUserId]) VALUES (1462, N'-2146233079', N'Nullable object must have a value.', N'   at System.ThrowHelper.ThrowInvalidOperationException(ExceptionResource resource)rn   at System.Nullable`1.get_Value()rn   at Restaurant.View.reports.kitchenReports.uc_spendingRequestsKitchenReport.detailsRowinDatagrid(Object sender, RoutedEventArgs e) in C:UsersHPDocumentsGitHubRESprojectRestaurantRestaurantViewreportskitchenReportsuc_spendingRequestsKitchenReport.xaml.cs:line 371', N'Void ThrowInvalidOperationException(System.ExceptionResource)', NULL, NULL, CAST(N'2022-04-17T13:01:47.5620080' AS DateTime2), 2)
GO
INSERT [dbo].[error] ([errorId], [num], [msg], [stackTrace], [targetSite], [posId], [branchId], [createDate], [createUserId]) VALUES (1463, N'-2146233079', N'Nullable object must have a value.', N'   at System.ThrowHelper.ThrowInvalidOperationException(ExceptionResource resource)rn   at System.Nullable`1.get_Value()rn   at Restaurant.View.reports.kitchenReports.uc_spendingRequestsKitchenReport.detailsRowinDatagrid(Object sender, RoutedEventArgs e) in E:Restaurant 17-4-2022RestaurantViewreportskitchenReportsuc_spendingRequestsKitchenReport.xaml.cs:line 371', N'Void ThrowInvalidOperationException(System.ExceptionResource)', NULL, NULL, CAST(N'2022-04-17T13:31:28.9871290' AS DateTime2), 17)
GO
INSERT [dbo].[error] ([errorId], [num], [msg], [stackTrace], [targetSite], [posId], [branchId], [createDate], [createUserId]) VALUES (1464, N'-2147467261', N'Object reference not set to an instance of an object.', N'   at Restaurant.Classes.Item.<GetPurchaseItems>d__193.MoveNext() in E:Restaurant 17-4-2022RestaurantClassesApiClassesItem.cs:line 159rn--- End of stack trace from previous location where exception was thrown ---rn   at System.Runtime.CompilerServices.TaskAwaiter.ThrowForNonSuccess(Task task)rn   at System.Runtime.CompilerServices.TaskAwaiter.HandleNonSuccessAndDebuggerNotification(Task task)rn   at System.Runtime.CompilerServices.TaskAwaiter`1.GetResult()rn   at Restaurant.Classes.FillCombo.<RefreshPurchaseItems>d__102.MoveNext() in E:Restaurant 17-4-2022RestaurantClassesFillCombo.cs:line 751rn--- End of stack trace from previous location where exception was thrown ---rn   at System.Runtime.CompilerServices.TaskAwaiter.ThrowForNonSuccess(Task task)rn   at System.Runtime.CompilerServices.TaskAwaiter.HandleNonSuccessAndDebuggerNotification(Task task)rn   at System.Runtime.CompilerServices.TaskAwaiter`1.GetResult()rn   at Restaurant.View.kitchen.uc_spendingRequest.<UserControl_Loaded>d__31.MoveNext() in E:Restaurant 17-4-2022RestaurantViewkitchenuc_spendingRequest.xaml.cs:line 177', N'Void MoveNext()', NULL, NULL, CAST(N'2022-04-17T13:40:50.9678905' AS DateTime2), 17)
GO
INSERT [dbo].[error] ([errorId], [num], [msg], [stackTrace], [targetSite], [posId], [branchId], [createDate], [createUserId]) VALUES (1465, N'-2147467261', N'Object reference not set to an instance of an object.', N'   at Restaurant.Classes.Item.<GetPurchaseItems>d__193.MoveNext() in E:Restaurant 17-4-2022RestaurantClassesApiClassesItem.cs:line 159rn--- End of stack trace from previous location where exception was thrown ---rn   at System.Runtime.CompilerServices.TaskAwaiter.ThrowForNonSuccess(Task task)rn   at System.Runtime.CompilerServices.TaskAwaiter.HandleNonSuccessAndDebuggerNotification(Task task)rn   at System.Runtime.CompilerServices.TaskAwaiter`1.GetResult()rn   at Restaurant.Classes.FillCombo.<RefreshPurchaseItems>d__102.MoveNext() in E:Restaurant 17-4-2022RestaurantClassesFillCombo.cs:line 751rn--- End of stack trace from previous location where exception was thrown ---rn   at System.Runtime.CompilerServices.TaskAwaiter.ThrowForNonSuccess(Task task)rn   at System.Runtime.CompilerServices.TaskAwaiter.HandleNonSuccessAndDebuggerNotification(Task task)rn   at System.Runtime.CompilerServices.TaskAwaiter`1.GetResult()rn   at Restaurant.View.storage.movementsOperations.uc_spendingOrder.<UserControl_Loaded>d__30.MoveNext() in E:Restaurant 17-4-2022RestaurantViewstoragemovementsOperationsuc_spendingOrder.xaml.cs:line 164', N'Void MoveNext()', NULL, NULL, CAST(N'2022-04-17T13:46:46.7396962' AS DateTime2), 17)
GO
INSERT [dbo].[error] ([errorId], [num], [msg], [stackTrace], [targetSite], [posId], [branchId], [createDate], [createUserId]) VALUES (1466, N'-2147467261', N'Object reference not set to an instance of an object.', N'   at Restaurant.Classes.Item.<GetPurchaseItems>d__193.MoveNext() in E:Restaurant 17-4-2022RestaurantClassesApiClassesItem.cs:line 159rn--- End of stack trace from previous location where exception was thrown ---rn   at System.Runtime.CompilerServices.TaskAwaiter.ThrowForNonSuccess(Task task)rn   at System.Runtime.CompilerServices.TaskAwaiter.HandleNonSuccessAndDebuggerNotification(Task task)rn   at System.Runtime.CompilerServices.TaskAwaiter`1.GetResult()rn   at Restaurant.Classes.FillCombo.<RefreshPurchaseItems>d__102.MoveNext() in E:Restaurant 17-4-2022RestaurantClassesFillCombo.cs:line 751rn--- End of stack trace from previous location where exception was thrown ---rn   at System.Runtime.CompilerServices.TaskAwaiter.ThrowForNonSuccess(Task task)rn   at System.Runtime.CompilerServices.TaskAwaiter.HandleNonSuccessAndDebuggerNotification(Task task)rn   at System.Runtime.CompilerServices.TaskAwaiter`1.GetResult()rn   at Restaurant.View.kitchen.uc_spendingRequest.<UserControl_Loaded>d__31.MoveNext() in E:Restaurant 17-4-2022RestaurantViewkitchenuc_spendingRequest.xaml.cs:line 177', N'Void MoveNext()', NULL, NULL, CAST(N'2022-04-17T14:00:52.3998436' AS DateTime2), 17)
GO
INSERT [dbo].[error] ([errorId], [num], [msg], [stackTrace], [targetSite], [posId], [branchId], [createDate], [createUserId]) VALUES (1467, N'-2147467261', N'Object reference not set to an instance of an object.', N'   at Restaurant.Classes.NotificationUser.<GetCountByUserId>d__53.MoveNext() in E:Restaurant 17-4-2022RestaurantClassesApiClassesNotificationUser.cs:line 104rn--- End of stack trace from previous location where exception was thrown ---rn   at System.Runtime.CompilerServices.TaskAwaiter.ThrowForNonSuccess(Task task)rn   at System.Runtime.CompilerServices.TaskAwaiter.HandleNonSuccessAndDebuggerNotification(Task task)rn   at System.Runtime.CompilerServices.TaskAwaiter`1.GetResult()rn   at Restaurant.MainWindow.<refreshNotificationCount>d__68.MoveNext() in E:Restaurant 17-4-2022RestaurantMainWindow.xaml.cs:line 1262rn--- End of stack trace from previous location where exception was thrown ---rn   at System.Runtime.CompilerServices.TaskAwaiter.ThrowForNonSuccess(Task task)rn   at System.Runtime.CompilerServices.TaskAwaiter.HandleNonSuccessAndDebuggerNotification(Task task)rn   at System.Runtime.CompilerServices.TaskAwaiter.GetResult()rn   at Restaurant.MainWindow.<setNotifications>d__67.MoveNext() in E:Restaurant 17-4-2022RestaurantMainWindow.xaml.cs:line 1251', N'Void MoveNext()', NULL, NULL, CAST(N'2022-04-17T14:16:26.1496986' AS DateTime2), 17)
GO
INSERT [dbo].[error] ([errorId], [num], [msg], [stackTrace], [targetSite], [posId], [branchId], [createDate], [createUserId]) VALUES (1468, N'-2147024809', N'Specified Visual is already a child of another Visual or the root of a CompositionTarget.', N'   at System.Windows.Media.VisualCollection.Add(Visual visual)rn   at System.Windows.Controls.UIElementCollection.AddInternal(UIElement element)rn   at System.Windows.Controls.UIElementCollection.Add(UIElement element)rn   at Restaurant.View.reports.kitchenReports.uc_spendingRequestsKitchenReport.<detailsRowinDatagrid>d__27.MoveNext() in E:Restaurant 17-4-2022RestaurantViewreportskitchenReportsuc_spendingRequestsKitchenReport.xaml.cs:line 389', N'Int32 Add(System.Windows.Media.Visual)', NULL, NULL, CAST(N'2022-04-17T14:58:05.9777503' AS DateTime2), 17)
GO
INSERT [dbo].[error] ([errorId], [num], [msg], [stackTrace], [targetSite], [posId], [branchId], [createDate], [createUserId]) VALUES (1469, N'-2147024809', N'Specified Visual is already a child of another Visual or the root of a CompositionTarget.', N'   at System.Windows.Media.VisualCollection.Add(Visual visual)rn   at System.Windows.Controls.UIElementCollection.AddInternal(UIElement element)rn   at System.Windows.Controls.UIElementCollection.Add(UIElement element)rn   at Restaurant.View.reports.kitchenReports.uc_spendingRequestsKitchenReport.<detailsRowinDatagrid>d__27.MoveNext() in E:Restaurant 17-4-2022RestaurantViewreportskitchenReportsuc_spendingRequestsKitchenReport.xaml.cs:line 389', N'Int32 Add(System.Windows.Media.Visual)', NULL, NULL, CAST(N'2022-04-17T14:58:25.8080086' AS DateTime2), 17)
GO
INSERT [dbo].[error] ([errorId], [num], [msg], [stackTrace], [targetSite], [posId], [branchId], [createDate], [createUserId]) VALUES (1470, N'-2147024809', N'Specified Visual is already a child of another Visual or the root of a CompositionTarget.', N'   at System.Windows.Media.VisualCollection.Add(Visual visual)rn   at System.Windows.Controls.UIElementCollection.AddInternal(UIElement element)rn   at System.Windows.Controls.UIElementCollection.Add(UIElement element)rn   at Restaurant.View.reports.kitchenReports.uc_spendingRequestsKitchenReport.<detailsRowinDatagrid>d__27.MoveNext() in E:Restaurant 17-4-2022RestaurantViewreportskitchenReportsuc_spendingRequestsKitchenReport.xaml.cs:line 389', N'Int32 Add(System.Windows.Media.Visual)', NULL, NULL, CAST(N'2022-04-17T14:59:46.7519091' AS DateTime2), 17)
GO
INSERT [dbo].[error] ([errorId], [num], [msg], [stackTrace], [targetSite], [posId], [branchId], [createDate], [createUserId]) VALUES (1471, N'-2147024809', N'Specified Visual is already a child of another Visual or the root of a CompositionTarget.', N'   at System.Windows.Media.VisualCollection.Add(Visual visual)rn   at System.Windows.Controls.UIElementCollection.AddInternal(UIElement element)rn   at System.Windows.Controls.UIElementCollection.Add(UIElement element)rn   at Restaurant.View.reports.kitchenReports.uc_spendingRequestsKitchenReport.<detailsRowinDatagrid>d__27.MoveNext() in E:Restaurant 17-4-2022RestaurantViewreportskitchenReportsuc_spendingRequestsKitchenReport.xaml.cs:line 389', N'Int32 Add(System.Windows.Media.Visual)', NULL, NULL, CAST(N'2022-04-17T15:01:17.1290294' AS DateTime2), 17)
GO
INSERT [dbo].[error] ([errorId], [num], [msg], [stackTrace], [targetSite], [posId], [branchId], [createDate], [createUserId]) VALUES (1472, N'-2147024809', N'Specified Visual is already a child of another Visual or the root of a CompositionTarget.', N'   at System.Windows.Media.VisualCollection.Add(Visual visual)rn   at System.Windows.Controls.UIElementCollection.AddInternal(UIElement element)rn   at System.Windows.Controls.UIElementCollection.Add(UIElement element)rn   at Restaurant.View.reports.kitchenReports.uc_spendingRequestsKitchenReport.<detailsRowinDatagrid>d__27.MoveNext() in E:Restaurant 17-4-2022RestaurantViewreportskitchenReportsuc_spendingRequestsKitchenReport.xaml.cs:line 389', N'Int32 Add(System.Windows.Media.Visual)', NULL, NULL, CAST(N'2022-04-17T15:01:27.8920492' AS DateTime2), 17)
GO
INSERT [dbo].[error] ([errorId], [num], [msg], [stackTrace], [targetSite], [posId], [branchId], [createDate], [createUserId]) VALUES (1473, N'-2147024809', N'Specified Visual is already a child of another Visual or the root of a CompositionTarget.', N'   at System.Windows.Media.VisualCollection.Add(Visual visual)rn   at System.Windows.Controls.UIElementCollection.AddInternal(UIElement element)rn   at System.Windows.Controls.UIElementCollection.Add(UIElement element)rn   at Restaurant.View.reports.kitchenReports.uc_spendingRequestsKitchenReport.<detailsRowinDatagrid>d__27.MoveNext() in E:Restaurant 17-4-2022RestaurantViewreportskitchenReportsuc_spendingRequestsKitchenReport.xaml.cs:line 389', N'Int32 Add(System.Windows.Media.Visual)', NULL, NULL, CAST(N'2022-04-17T15:07:32.7169432' AS DateTime2), 17)
GO
INSERT [dbo].[error] ([errorId], [num], [msg], [stackTrace], [targetSite], [posId], [branchId], [createDate], [createUserId]) VALUES (1474, N'-2147467261', N'Value cannot be null.rnParameter name: source', N'   at System.Linq.Enumerable.ToList[TSource](IEnumerable`1 source)rn   at Restaurant.View.sales.uc_diningHall.Btn_firstPage_Click(Object sender, RoutedEventArgs e) in E:GitHubRESprojectRestaurantRestaurantViewsalesuc_diningHall.xaml.cs:line 479', N'System.Collections.Generic.List`1[TSource] ToList[TSource](System.Collections.Generic.IEnumerable`1[TSource])', NULL, NULL, CAST(N'2022-04-17T15:39:21.2923643' AS DateTime2), 18)
GO
INSERT [dbo].[error] ([errorId], [num], [msg], [stackTrace], [targetSite], [posId], [branchId], [createDate], [createUserId]) VALUES (1475, N'-2147467261', N'Value cannot be null.rnParameter name: source', N'   at System.Linq.Enumerable.ToList[TSource](IEnumerable`1 source)rn   at Restaurant.View.sales.uc_diningHall.Btn_lastPage_Click(Object sender, RoutedEventArgs e) in E:GitHubRESprojectRestaurantRestaurantViewsalesuc_diningHall.xaml.cs:line 570', N'System.Collections.Generic.List`1[TSource] ToList[TSource](System.Collections.Generic.IEnumerable`1[TSource])', NULL, NULL, CAST(N'2022-04-17T15:39:22.3146306' AS DateTime2), 18)
GO
INSERT [dbo].[error] ([errorId], [num], [msg], [stackTrace], [targetSite], [posId], [branchId], [createDate], [createUserId]) VALUES (1476, N'-2147467261', N'Object reference not set to an instance of an object.', N'   at Restaurant.View.accounts.uc_posTransfers.translate() in E:GitHubRESprojectRestaurantRestaurantViewaccountsuc_posTransfers.xaml.cs:line 172rn   at Restaurant.View.accounts.uc_posTransfers.<search_Checking>d__52.MoveNext() in E:GitHubRESprojectRestaurantRestaurantViewaccountsuc_posTransfers.xaml.cs:line 1009', N'Void translate()', NULL, NULL, CAST(N'2022-04-17T15:39:28.1025183' AS DateTime2), 18)
GO
INSERT [dbo].[error] ([errorId], [num], [msg], [stackTrace], [targetSite], [posId], [branchId], [createDate], [createUserId]) VALUES (1477, N'-2147467261', N'Object reference not set to an instance of an object.', N'   at Restaurant.Classes.Pos.<getById>d__70.MoveNext() in E:GitHubRESprojectRestaurantRestaurantClassesApiClassesPos.cs:line 74rn--- End of stack trace from previous location where exception was thrown ---rn   at System.Runtime.CompilerServices.TaskAwaiter.ThrowForNonSuccess(Task task)rn   at System.Runtime.CompilerServices.TaskAwaiter.HandleNonSuccessAndDebuggerNotification(Task task)rn   at System.Runtime.CompilerServices.TaskAwaiter`1.GetResult()rn   at Restaurant.MainWindow.<timer_Thread>d__72.MoveNext() in E:GitHubRESprojectRestaurantRestaurantMainWindow.xaml.cs:line 1366', N'Void MoveNext()', NULL, NULL, CAST(N'2022-04-17T15:41:31.3955225' AS DateTime2), 18)
GO
INSERT [dbo].[error] ([errorId], [num], [msg], [stackTrace], [targetSite], [posId], [branchId], [createDate], [createUserId]) VALUES (1478, N'-2147467261', N'Object reference not set to an instance of an object.', N'   at Restaurant.Classes.Pos.<getById>d__70.MoveNext() in E:GitHubRESprojectRestaurantRestaurantClassesApiClassesPos.cs:line 74rn--- End of stack trace from previous location where exception was thrown ---rn   at System.Runtime.CompilerServices.TaskAwaiter.ThrowForNonSuccess(Task task)rn   at System.Runtime.CompilerServices.TaskAwaiter.HandleNonSuccessAndDebuggerNotification(Task task)rn   at System.Runtime.CompilerServices.TaskAwaiter`1.GetResult()rn   at Restaurant.MainWindow.<timer_Thread>d__72.MoveNext() in E:GitHubRESprojectRestaurantRestaurantMainWindow.xaml.cs:line 1366', N'Void MoveNext()', NULL, NULL, CAST(N'2022-04-17T15:42:15.6173085' AS DateTime2), 18)
GO
INSERT [dbo].[error] ([errorId], [num], [msg], [stackTrace], [targetSite], [posId], [branchId], [createDate], [createUserId]) VALUES (1479, N'-2147024809', N'Specified Visual is already a child of another Visual or the root of a CompositionTarget.', N'   at System.Windows.Media.VisualCollection.Add(Visual visual)rn   at System.Windows.Controls.UIElementCollection.AddInternal(UIElement element)rn   at System.Windows.Controls.UIElementCollection.Add(UIElement element)rn   at Restaurant.View.reports.kitchenReports.uc_spendingRequestsKitchenReport.<detailsRowinDatagrid>d__27.MoveNext() in C:UsersHPDocumentsGitHubRESprojectRestaurantRestaurantViewreportskitchenReportsuc_spendingRequestsKitchenReport.xaml.cs:line 378', N'Int32 Add(System.Windows.Media.Visual)', NULL, NULL, CAST(N'2022-04-17T15:48:04.0119679' AS DateTime2), 2)
GO
INSERT [dbo].[error] ([errorId], [num], [msg], [stackTrace], [targetSite], [posId], [branchId], [createDate], [createUserId]) VALUES (1480, N'-2147467261', N'Object reference not set to an instance of an object.', N'   at Restaurant.Classes.Statistics.<GetConsumptionItems>d__65.MoveNext() in C:UsersHPDocumentsGitHubRESprojectRestaurantRestaurantClassesStatistics.cs:line 3331rn--- End of stack trace from previous location where exception was thrown ---rn   at System.Runtime.CompilerServices.TaskAwaiter.ThrowForNonSuccess(Task task)rn   at System.Runtime.CompilerServices.TaskAwaiter.HandleNonSuccessAndDebuggerNotification(Task task)rn   at System.Runtime.CompilerServices.TaskAwaiter`1.GetResult()rn   at Restaurant.View.reports.kitchenReports.uc_consumptionKitchenReports.<RefreshSpendingRequestsList>d__20.MoveNext() in C:UsersHPDocumentsGitHubRESprojectRestaurantRestaurantViewreportskitchenReportsuc_consumptionKitchenReports.xaml.cs:line 224rn--- End of stack trace from previous location where exception was thrown ---rn   at System.Runtime.CompilerServices.TaskAwaiter.ThrowForNonSuccess(Task task)rn   at System.Runtime.CompilerServices.TaskAwaiter.HandleNonSuccessAndDebuggerNotification(Task task)rn   at System.Runtime.CompilerServices.TaskAwaiter`1.GetResult()rn   at Restaurant.View.reports.kitchenReports.uc_consumptionKitchenReports.<Search>d__22.MoveNext() in C:UsersHPDocumentsGitHubRESprojectRestaurantRestaurantViewreportskitchenReportsuc_consumptionKitchenReports.xaml.cs:line 233rn--- End of stack trace from previous location where exception was thrown ---rn   at System.Runtime.CompilerServices.TaskAwaiter.ThrowForNonSuccess(Task task)rn   at System.Runtime.CompilerServices.TaskAwaiter.HandleNonSuccessAndDebuggerNotification(Task task)rn   at System.Runtime.CompilerServices.TaskAwaiter.GetResult()rn   at Restaurant.View.reports.kitchenReports.uc_consumptionKitchenReports.<callSearch>d__18.MoveNext() in C:UsersHPDocumentsGitHubRESprojectRestaurantRestaurantViewreportskitchenReportsuc_consumptionKitchenReports.xaml.cs:line 178', N'Void MoveNext()', NULL, NULL, CAST(N'2022-04-17T15:49:01.7246889' AS DateTime2), 2)
GO
INSERT [dbo].[error] ([errorId], [num], [msg], [stackTrace], [targetSite], [posId], [branchId], [createDate], [createUserId]) VALUES (1481, N'-2146233088', N'Error while copying content to a stream.', N'   at System.Runtime.CompilerServices.TaskAwaiter.ThrowForNonSuccess(Task task)rn   at System.Runtime.CompilerServices.TaskAwaiter.HandleNonSuccessAndDebuggerNotification(Task task)rn   at System.Runtime.CompilerServices.TaskAwaiter`1.GetResult()rn   at Restaurant.ApiClasses.APIResult.<getList>d__1.MoveNext() in E:GitHubRESprojectRestaurantRestaurantClassesApiClassesAPIResult.cs:line 88rn--- End of stack trace from previous location where exception was thrown ---rn   at System.Runtime.CompilerServices.TaskAwaiter.ThrowForNonSuccess(Task task)rn   at System.Runtime.CompilerServices.TaskAwaiter.HandleNonSuccessAndDebuggerNotification(Task task)rn   at System.Runtime.CompilerServices.TaskAwaiter`1.GetResult()rn   at Restaurant.Classes.NotificationUser.<GetCountByUserId>d__53.MoveNext() in E:GitHubRESprojectRestaurantRestaurantClassesApiClassesNotificationUser.cs:line 103rn--- End of stack trace from previous location where exception was thrown ---rn   at System.Runtime.CompilerServices.TaskAwaiter.ThrowForNonSuccess(Task task)rn   at System.Runtime.CompilerServices.TaskAwaiter.HandleNonSuccessAndDebuggerNotification(Task task)rn   at System.Runtime.CompilerServices.TaskAwaiter`1.GetResult()rn   at Restaurant.MainWindow.<refreshNotificationCount>d__68.MoveNext() in E:GitHubRESprojectRestaurantRestaurantMainWindow.xaml.cs:line 1262rn--- End of stack trace from previous location where exception was thrown ---rn   at System.Runtime.CompilerServices.TaskAwaiter.ThrowForNonSuccess(Task task)rn   at System.Runtime.CompilerServices.TaskAwaiter.HandleNonSuccessAndDebuggerNotification(Task task)rn   at System.Runtime.CompilerServices.TaskAwaiter.GetResult()rn   at Restaurant.MainWindow.<setNotifications>d__67.MoveNext() in E:GitHubRESprojectRestaurantRestaurantMainWindow.xaml.cs:line 1251', N'Void ThrowForNonSuccess(System.Threading.Tasks.Task)', NULL, NULL, CAST(N'2022-04-17T15:50:32.3843348' AS DateTime2), 18)
GO
INSERT [dbo].[error] ([errorId], [num], [msg], [stackTrace], [targetSite], [posId], [branchId], [createDate], [createUserId]) VALUES (1482, N'-2146233088', N'Error while copying content to a stream.', N'   at System.Runtime.CompilerServices.TaskAwaiter.ThrowForNonSuccess(Task task)rn   at System.Runtime.CompilerServices.TaskAwaiter.HandleNonSuccessAndDebuggerNotification(Task task)rn   at System.Runtime.CompilerServices.TaskAwaiter`1.GetResult()rn   at Restaurant.ApiClasses.APIResult.<getList>d__1.MoveNext() in E:GitHubRESprojectRestaurantRestaurantClassesApiClassesAPIResult.cs:line 88rn--- End of stack trace from previous location where exception was thrown ---rn   at System.Runtime.CompilerServices.TaskAwaiter.ThrowForNonSuccess(Task task)rn   at System.Runtime.CompilerServices.TaskAwaiter.HandleNonSuccessAndDebuggerNotification(Task task)rn   at System.Runtime.CompilerServices.TaskAwaiter`1.GetResult()rn   at Restaurant.Classes.Pos.<getById>d__70.MoveNext() in E:GitHubRESprojectRestaurantRestaurantClassesApiClassesPos.cs:line 72rn--- End of stack trace from previous location where exception was thrown ---rn   at System.Runtime.CompilerServices.TaskAwaiter.ThrowForNonSuccess(Task task)rn   at System.Runtime.CompilerServices.TaskAwaiter.HandleNonSuccessAndDebuggerNotification(Task task)rn   at System.Runtime.CompilerServices.TaskAwaiter`1.GetResult()rn   at Restaurant.MainWindow.<timer_Thread>d__72.MoveNext() in E:GitHubRESprojectRestaurantRestaurantMainWindow.xaml.cs:line 1366', N'Void ThrowForNonSuccess(System.Threading.Tasks.Task)', NULL, NULL, CAST(N'2022-04-17T15:50:32.4641204' AS DateTime2), 18)
GO
INSERT [dbo].[error] ([errorId], [num], [msg], [stackTrace], [targetSite], [posId], [branchId], [createDate], [createUserId]) VALUES (1483, N'-2146233088', N'An error occurred while sending the request.', N'   at System.Runtime.CompilerServices.TaskAwaiter.ThrowForNonSuccess(Task task)rn   at System.Runtime.CompilerServices.TaskAwaiter.HandleNonSuccessAndDebuggerNotification(Task task)rn   at System.Runtime.CompilerServices.TaskAwaiter`1.GetResult()rn   at Restaurant.ApiClasses.APIResult.<getList>d__1.MoveNext() in E:GitHubRESprojectRestaurantRestaurantClassesApiClassesAPIResult.cs:line 88rn--- End of stack trace from previous location where exception was thrown ---rn   at System.Runtime.CompilerServices.TaskAwaiter.ThrowForNonSuccess(Task task)rn   at System.Runtime.CompilerServices.TaskAwaiter.HandleNonSuccessAndDebuggerNotification(Task task)rn   at System.Runtime.CompilerServices.TaskAwaiter`1.GetResult()rn   at Restaurant.Classes.Pos.<getById>d__70.MoveNext() in E:GitHubRESprojectRestaurantRestaurantClassesApiClassesPos.cs:line 72rn--- End of stack trace from previous location where exception was thrown ---rn   at System.Runtime.CompilerServices.TaskAwaiter.ThrowForNonSuccess(Task task)rn   at System.Runtime.CompilerServices.TaskAwaiter.HandleNonSuccessAndDebuggerNotification(Task task)rn   at System.Runtime.CompilerServices.TaskAwaiter`1.GetResult()rn   at Restaurant.MainWindow.<timer_Thread>d__72.MoveNext() in E:GitHubRESprojectRestaurantRestaurantMainWindow.xaml.cs:line 1366', N'Void ThrowForNonSuccess(System.Threading.Tasks.Task)', NULL, NULL, CAST(N'2022-04-17T15:50:32.6745582' AS DateTime2), 18)
GO
INSERT [dbo].[error] ([errorId], [num], [msg], [stackTrace], [targetSite], [posId], [branchId], [createDate], [createUserId]) VALUES (1484, N'-2147467261', N'Object reference not set to an instance of an object.', N'   at Restaurant.Classes.Pos.<getById>d__70.MoveNext() in E:GitHubRESprojectRestaurantRestaurantClassesApiClassesPos.cs:line 74rn--- End of stack trace from previous location where exception was thrown ---rn   at System.Runtime.CompilerServices.TaskAwaiter.ThrowForNonSuccess(Task task)rn   at System.Runtime.CompilerServices.TaskAwaiter.HandleNonSuccessAndDebuggerNotification(Task task)rn   at System.Runtime.CompilerServices.TaskAwaiter`1.GetResult()rn   at Restaurant.MainWindow.<timer_Thread>d__72.MoveNext() in E:GitHubRESprojectRestaurantRestaurantMainWindow.xaml.cs:line 1366', N'Void MoveNext()', NULL, NULL, CAST(N'2022-04-17T15:50:33.4125854' AS DateTime2), 18)
GO
INSERT [dbo].[error] ([errorId], [num], [msg], [stackTrace], [targetSite], [posId], [branchId], [createDate], [createUserId]) VALUES (1485, N'-2147024809', N'Specified Visual is already a child of another Visual or the root of a CompositionTarget.', N'   at System.Windows.Media.VisualCollection.Add(Visual visual)rn   at System.Windows.Controls.UIElementCollection.AddInternal(UIElement element)rn   at System.Windows.Controls.UIElementCollection.Add(UIElement element)rn   at Restaurant.View.reports.kitchenReports.uc_spendingRequestsKitchenReport.<detailsRowinDatagrid>d__27.MoveNext() in C:UsersHPDocumentsGitHubRESprojectRestaurantRestaurantViewreportskitchenReportsuc_spendingRequestsKitchenReport.xaml.cs:line 378', N'Int32 Add(System.Windows.Media.Visual)', NULL, NULL, CAST(N'2022-04-17T15:50:55.3808592' AS DateTime2), 2)
GO
INSERT [dbo].[error] ([errorId], [num], [msg], [stackTrace], [targetSite], [posId], [branchId], [createDate], [createUserId]) VALUES (1486, N'-2147467261', N'Object reference not set to an instance of an object.', N'   at Restaurant.Classes.Pos.<getById>d__70.MoveNext() in E:GitHubRESprojectRestaurantRestaurantClassesApiClassesPos.cs:line 74rn--- End of stack trace from previous location where exception was thrown ---rn   at System.Runtime.CompilerServices.TaskAwaiter.ThrowForNonSuccess(Task task)rn   at System.Runtime.CompilerServices.TaskAwaiter.HandleNonSuccessAndDebuggerNotification(Task task)rn   at System.Runtime.CompilerServices.TaskAwaiter`1.GetResult()rn   at Restaurant.MainWindow.<timer_Thread>d__72.MoveNext() in E:GitHubRESprojectRestaurantRestaurantMainWindow.xaml.cs:line 1366', N'Void MoveNext()', NULL, NULL, CAST(N'2022-04-17T15:53:45.2489447' AS DateTime2), 18)
GO
INSERT [dbo].[error] ([errorId], [num], [msg], [stackTrace], [targetSite], [posId], [branchId], [createDate], [createUserId]) VALUES (1487, N'-2147467261', N'Object reference not set to an instance of an object.', N'   at Restaurant.Classes.Pos.<getById>d__70.MoveNext() in E:GitHubRESprojectRestaurantRestaurantClassesApiClassesPos.cs:line 74rn--- End of stack trace from previous location where exception was thrown ---rn   at System.Runtime.CompilerServices.TaskAwaiter.ThrowForNonSuccess(Task task)rn   at System.Runtime.CompilerServices.TaskAwaiter.HandleNonSuccessAndDebuggerNotification(Task task)rn   at System.Runtime.CompilerServices.TaskAwaiter`1.GetResult()rn   at Restaurant.MainWindow.<timer_Thread>d__72.MoveNext() in E:GitHubRESprojectRestaurantRestaurantMainWindow.xaml.cs:line 1366', N'Void MoveNext()', NULL, NULL, CAST(N'2022-04-17T15:53:57.8856986' AS DateTime2), 18)
GO
INSERT [dbo].[error] ([errorId], [num], [msg], [stackTrace], [targetSite], [posId], [branchId], [createDate], [createUserId]) VALUES (1488, N'-2147467261', N'Object reference not set to an instance of an object.', N'   at Restaurant.View.windows.wd_itemsOfferList.Btn_selectedItem_Click(Object sender, RoutedEventArgs e) in E:GitHubRESprojectRestaurantRestaurantViewwindowswd_itemsOfferList.xaml.cs:line 218', N'Void Btn_selectedItem_Click(System.Object, System.Windows.RoutedEventArgs)', NULL, NULL, CAST(N'2022-04-17T16:24:16.6204526' AS DateTime2), 18)
GO
INSERT [dbo].[error] ([errorId], [num], [msg], [stackTrace], [targetSite], [posId], [branchId], [createDate], [createUserId]) VALUES (1489, N'-2147467261', N'Object reference not set to an instance of an object.', N'   at Restaurant.View.windows.wd_itemsOfferList.Btn_selectedItem_Click(Object sender, RoutedEventArgs e) in E:GitHubRESprojectRestaurantRestaurantViewwindowswd_itemsOfferList.xaml.cs:line 218', N'Void Btn_selectedItem_Click(System.Object, System.Windows.RoutedEventArgs)', NULL, NULL, CAST(N'2022-04-17T16:24:18.5707705' AS DateTime2), 18)
GO
INSERT [dbo].[error] ([errorId], [num], [msg], [stackTrace], [targetSite], [posId], [branchId], [createDate], [createUserId]) VALUES (1490, N'-2147467261', N'Object reference not set to an instance of an object.', N'   at Restaurant.View.windows.wd_itemsOfferList.Btn_selectedItem_Click(Object sender, RoutedEventArgs e) in E:GitHubRESprojectRestaurantRestaurantViewwindowswd_itemsOfferList.xaml.cs:line 218', N'Void Btn_selectedItem_Click(System.Object, System.Windows.RoutedEventArgs)', NULL, NULL, CAST(N'2022-04-17T16:24:19.8184521' AS DateTime2), 18)
GO
INSERT [dbo].[error] ([errorId], [num], [msg], [stackTrace], [targetSite], [posId], [branchId], [createDate], [createUserId]) VALUES (1491, N'-2147467261', N'Object reference not set to an instance of an object.', N'   at Restaurant.View.windows.wd_itemsOfferList.Btn_selectedItem_Click(Object sender, RoutedEventArgs e) in E:GitHubRESprojectRestaurantRestaurantViewwindowswd_itemsOfferList.xaml.cs:line 218', N'Void Btn_selectedItem_Click(System.Object, System.Windows.RoutedEventArgs)', NULL, NULL, CAST(N'2022-04-17T16:24:20.6951084' AS DateTime2), 18)
GO
INSERT [dbo].[error] ([errorId], [num], [msg], [stackTrace], [targetSite], [posId], [branchId], [createDate], [createUserId]) VALUES (1492, N'-2147467261', N'Object reference not set to an instance of an object.', N'   at Restaurant.View.windows.wd_itemsOfferList.Btn_selectedItem_Click(Object sender, RoutedEventArgs e) in E:GitHubRESprojectRestaurantRestaurantViewwindowswd_itemsOfferList.xaml.cs:line 218', N'Void Btn_selectedItem_Click(System.Object, System.Windows.RoutedEventArgs)', NULL, NULL, CAST(N'2022-04-17T16:24:21.5478607' AS DateTime2), 18)
GO
INSERT [dbo].[error] ([errorId], [num], [msg], [stackTrace], [targetSite], [posId], [branchId], [createDate], [createUserId]) VALUES (1493, N'-2147467261', N'Object reference not set to an instance of an object.', N'   at Restaurant.View.windows.wd_itemsOfferList.Btn_selectedItem_Click(Object sender, RoutedEventArgs e) in E:GitHubRESprojectRestaurantRestaurantViewwindowswd_itemsOfferList.xaml.cs:line 218', N'Void Btn_selectedItem_Click(System.Object, System.Windows.RoutedEventArgs)', NULL, NULL, CAST(N'2022-04-17T16:26:49.7280954' AS DateTime2), 18)
GO
INSERT [dbo].[error] ([errorId], [num], [msg], [stackTrace], [targetSite], [posId], [branchId], [createDate], [createUserId]) VALUES (1494, N'-2147467261', N'Object reference not set to an instance of an object.', N'   at Restaurant.View.windows.wd_itemsOfferList.Btn_selectedItem_Click(Object sender, RoutedEventArgs e) in E:GitHubRESprojectRestaurantRestaurantViewwindowswd_itemsOfferList.xaml.cs:line 216', N'Void Btn_selectedItem_Click(System.Object, System.Windows.RoutedEventArgs)', NULL, NULL, CAST(N'2022-04-17T16:29:48.0226138' AS DateTime2), 18)
GO
INSERT [dbo].[error] ([errorId], [num], [msg], [stackTrace], [targetSite], [posId], [branchId], [createDate], [createUserId]) VALUES (1495, N'-2147467261', N'Object reference not set to an instance of an object.', N'   at Restaurant.View.windows.wd_itemsOfferList.Btn_selectedItem_Click(Object sender, RoutedEventArgs e) in E:GitHubRESprojectRestaurantRestaurantViewwindowswd_itemsOfferList.xaml.cs:line 216', N'Void Btn_selectedItem_Click(System.Object, System.Windows.RoutedEventArgs)', NULL, NULL, CAST(N'2022-04-17T16:29:48.9740700' AS DateTime2), 18)
GO
INSERT [dbo].[error] ([errorId], [num], [msg], [stackTrace], [targetSite], [posId], [branchId], [createDate], [createUserId]) VALUES (1496, N'-2147467261', N'Object reference not set to an instance of an object.', N'   at Restaurant.View.windows.wd_itemsOfferList.Btn_selectedItem_Click(Object sender, RoutedEventArgs e) in E:GitHubRESprojectRestaurantRestaurantViewwindowswd_itemsOfferList.xaml.cs:line 216', N'Void Btn_selectedItem_Click(System.Object, System.Windows.RoutedEventArgs)', NULL, NULL, CAST(N'2022-04-17T16:29:50.2476658' AS DateTime2), 18)
GO
INSERT [dbo].[error] ([errorId], [num], [msg], [stackTrace], [targetSite], [posId], [branchId], [createDate], [createUserId]) VALUES (1497, N'-2147467261', N'Object reference not set to an instance of an object.', N'   at Restaurant.View.windows.wd_itemsOfferList.Btn_selectedItem_Click(Object sender, RoutedEventArgs e) in E:GitHubRESprojectRestaurantRestaurantViewwindowswd_itemsOfferList.xaml.cs:line 218', N'Void Btn_selectedItem_Click(System.Object, System.Windows.RoutedEventArgs)', NULL, NULL, CAST(N'2022-04-17T16:35:24.7604432' AS DateTime2), 18)
GO
INSERT [dbo].[error] ([errorId], [num], [msg], [stackTrace], [targetSite], [posId], [branchId], [createDate], [createUserId]) VALUES (1498, N'-2146233088', N'An error occurred while sending the request.', N'   at System.Runtime.CompilerServices.TaskAwaiter.ThrowForNonSuccess(Task task)rn   at System.Runtime.CompilerServices.TaskAwaiter.HandleNonSuccessAndDebuggerNotification(Task task)rn   at System.Runtime.CompilerServices.TaskAwaiter`1.GetResult()rn   at Restaurant.ApiClasses.APIResult.<getList>d__1.MoveNext() in E:GitHubRESprojectRestaurantRestaurantClassesApiClassesAPIResult.cs:line 88rn--- End of stack trace from previous location where exception was thrown ---rn   at System.Runtime.CompilerServices.TaskAwaiter.ThrowForNonSuccess(Task task)rn   at System.Runtime.CompilerServices.TaskAwaiter.HandleNonSuccessAndDebuggerNotification(Task task)rn   at System.Runtime.CompilerServices.TaskAwaiter`1.GetResult()rn   at Restaurant.Classes.Pos.<getById>d__70.MoveNext() in E:GitHubRESprojectRestaurantRestaurantClassesApiClassesPos.cs:line 72rn--- End of stack trace from previous location where exception was thrown ---rn   at System.Runtime.CompilerServices.TaskAwaiter.ThrowForNonSuccess(Task task)rn   at System.Runtime.CompilerServices.TaskAwaiter.HandleNonSuccessAndDebuggerNotification(Task task)rn   at System.Runtime.CompilerServices.TaskAwaiter`1.GetResult()rn   at Restaurant.MainWindow.<timer_Thread>d__72.MoveNext() in E:GitHubRESprojectRestaurantRestaurantMainWindow.xaml.cs:line 1366', N'Void ThrowForNonSuccess(System.Threading.Tasks.Task)', NULL, NULL, CAST(N'2022-04-17T16:48:00.2967219' AS DateTime2), 18)
GO
INSERT [dbo].[error] ([errorId], [num], [msg], [stackTrace], [targetSite], [posId], [branchId], [createDate], [createUserId]) VALUES (1499, N'-2146233088', N'An error occurred while sending the request.', N'   at System.Runtime.CompilerServices.TaskAwaiter.ThrowForNonSuccess(Task task)rn   at System.Runtime.CompilerServices.TaskAwaiter.HandleNonSuccessAndDebuggerNotification(Task task)rn   at System.Runtime.CompilerServices.TaskAwaiter`1.GetResult()rn   at Restaurant.ApiClasses.APIResult.<getList>d__1.MoveNext() in E:GitHubRESprojectRestaurantRestaurantClassesApiClassesAPIResult.cs:line 88rn--- End of stack trace from previous location where exception was thrown ---rn   at System.Runtime.CompilerServices.TaskAwaiter.ThrowForNonSuccess(Task task)rn   at System.Runtime.CompilerServices.TaskAwaiter.HandleNonSuccessAndDebuggerNotification(Task task)rn   at System.Runtime.CompilerServices.TaskAwaiter`1.GetResult()rn   at Restaurant.Classes.Pos.<getById>d__70.MoveNext() in E:GitHubRESprojectRestaurantRestaurantClassesApiClassesPos.cs:line 72rn--- End of stack trace from previous location where exception was thrown ---rn   at System.Runtime.CompilerServices.TaskAwaiter.ThrowForNonSuccess(Task task)rn   at System.Runtime.CompilerServices.TaskAwaiter.HandleNonSuccessAndDebuggerNotification(Task task)rn   at System.Runtime.CompilerServices.TaskAwaiter`1.GetResult()rn   at Restaurant.MainWindow.<timer_Thread>d__72.MoveNext() in E:GitHubRESprojectRestaurantRestaurantMainWindow.xaml.cs:line 1366', N'Void ThrowForNonSuccess(System.Threading.Tasks.Task)', NULL, NULL, CAST(N'2022-04-17T16:48:00.2967219' AS DateTime2), 18)
GO
INSERT [dbo].[error] ([errorId], [num], [msg], [stackTrace], [targetSite], [posId], [branchId], [createDate], [createUserId]) VALUES (1500, N'-2146233088', N'Error while copying content to a stream.', N'   at System.Runtime.CompilerServices.TaskAwaiter.ThrowForNonSuccess(Task task)rn   at System.Runtime.CompilerServices.TaskAwaiter.HandleNonSuccessAndDebuggerNotification(Task task)rn   at System.Runtime.CompilerServices.TaskAwaiter`1.GetResult()rn   at Restaurant.ApiClasses.APIResult.<getList>d__1.MoveNext() in E:GitHubRESprojectRestaurantRestaurantClassesApiClassesAPIResult.cs:line 88rn--- End of stack trace from previous location where exception was thrown ---rn   at System.Runtime.CompilerServices.TaskAwaiter.ThrowForNonSuccess(Task task)rn   at System.Runtime.CompilerServices.TaskAwaiter.HandleNonSuccessAndDebuggerNotification(Task task)rn   at System.Runtime.CompilerServices.TaskAwaiter`1.GetResult()rn   at Restaurant.Classes.Pos.<getById>d__70.MoveNext() in E:GitHubRESprojectRestaurantRestaurantClassesApiClassesPos.cs:line 72rn--- End of stack trace from previous location where exception was thrown ---rn   at System.Runtime.CompilerServices.TaskAwaiter.ThrowForNonSuccess(Task task)rn   at System.Runtime.CompilerServices.TaskAwaiter.HandleNonSuccessAndDebuggerNotification(Task task)rn   at System.Runtime.CompilerServices.TaskAwaiter`1.GetResult()rn   at Restaurant.MainWindow.<timer_Thread>d__72.MoveNext() in E:GitHubRESprojectRestaurantRestaurantMainWindow.xaml.cs:line 1366', N'Void ThrowForNonSuccess(System.Threading.Tasks.Task)', NULL, NULL, CAST(N'2022-04-17T16:48:00.3146737' AS DateTime2), 18)
GO
INSERT [dbo].[error] ([errorId], [num], [msg], [stackTrace], [targetSite], [posId], [branchId], [createDate], [createUserId]) VALUES (1501, N'-2146233088', N'An error occurred while sending the request.', N'   at System.Runtime.CompilerServices.TaskAwaiter.ThrowForNonSuccess(Task task)rn   at System.Runtime.CompilerServices.TaskAwaiter.HandleNonSuccessAndDebuggerNotification(Task task)rn   at System.Runtime.CompilerServices.TaskAwaiter`1.GetResult()rn   at Restaurant.ApiClasses.APIResult.<getList>d__1.MoveNext() in E:GitHubRESprojectRestaurantRestaurantClassesApiClassesAPIResult.cs:line 88rn--- End of stack trace from previous location where exception was thrown ---rn   at System.Runtime.CompilerServices.TaskAwaiter.ThrowForNonSuccess(Task task)rn   at System.Runtime.CompilerServices.TaskAwaiter.HandleNonSuccessAndDebuggerNotification(Task task)rn   at System.Runtime.CompilerServices.TaskAwaiter`1.GetResult()rn   at Restaurant.Classes.Pos.<getById>d__70.MoveNext() in E:GitHubRESprojectRestaurantRestaurantClassesApiClassesPos.cs:line 72rn--- End of stack trace from previous location where exception was thrown ---rn   at System.Runtime.CompilerServices.TaskAwaiter.ThrowForNonSuccess(Task task)rn   at System.Runtime.CompilerServices.TaskAwaiter.HandleNonSuccessAndDebuggerNotification(Task task)rn   at System.Runtime.CompilerServices.TaskAwaiter`1.GetResult()rn   at Restaurant.MainWindow.<timer_Thread>d__72.MoveNext() in E:GitHubRESprojectRestaurantRestaurantMainWindow.xaml.cs:line 1366', N'Void ThrowForNonSuccess(System.Threading.Tasks.Task)', NULL, NULL, CAST(N'2022-04-17T16:48:00.3296346' AS DateTime2), 18)
GO
INSERT [dbo].[error] ([errorId], [num], [msg], [stackTrace], [targetSite], [posId], [branchId], [createDate], [createUserId]) VALUES (1502, N'-2146233088', N'An error occurred while sending the request.', N'   at System.Runtime.CompilerServices.TaskAwaiter.ThrowForNonSuccess(Task task)rn   at System.Runtime.CompilerServices.TaskAwaiter.HandleNonSuccessAndDebuggerNotification(Task task)rn   at System.Runtime.CompilerServices.TaskAwaiter`1.GetResult()rn   at Restaurant.ApiClasses.APIResult.<getList>d__1.MoveNext() in E:GitHubRESprojectRestaurantRestaurantClassesApiClassesAPIResult.cs:line 88rn--- End of stack trace from previous location where exception was thrown ---rn   at System.Runtime.CompilerServices.TaskAwaiter.ThrowForNonSuccess(Task task)rn   at System.Runtime.CompilerServices.TaskAwaiter.HandleNonSuccessAndDebuggerNotification(Task task)rn   at System.Runtime.CompilerServices.TaskAwaiter`1.GetResult()rn   at Restaurant.Classes.NotificationUser.<GetCountByUserId>d__53.MoveNext() in E:GitHubRESprojectRestaurantRestaurantClassesApiClassesNotificationUser.cs:line 103rn--- End of stack trace from previous location where exception was thrown ---rn   at System.Runtime.CompilerServices.TaskAwaiter.ThrowForNonSuccess(Task task)rn   at System.Runtime.CompilerServices.TaskAwaiter.HandleNonSuccessAndDebuggerNotification(Task task)rn   at System.Runtime.CompilerServices.TaskAwaiter`1.GetResult()rn   at Restaurant.MainWindow.<refreshNotificationCount>d__68.MoveNext() in E:GitHubRESprojectRestaurantRestaurantMainWindow.xaml.cs:line 1262rn--- End of stack trace from previous location where exception was thrown ---rn   at System.Runtime.CompilerServices.TaskAwaiter.ThrowForNonSuccess(Task task)rn   at System.Runtime.CompilerServices.TaskAwaiter.HandleNonSuccessAndDebuggerNotification(Task task)rn   at System.Runtime.CompilerServices.TaskAwaiter.GetResult()rn   at Restaurant.MainWindow.<setNotifications>d__67.MoveNext() in E:GitHubRESprojectRestaurantRestaurantMainWindow.xaml.cs:line 1251', N'Void ThrowForNonSuccess(System.Threading.Tasks.Task)', NULL, NULL, CAST(N'2022-04-17T16:48:00.3947285' AS DateTime2), 18)
GO
INSERT [dbo].[error] ([errorId], [num], [msg], [stackTrace], [targetSite], [posId], [branchId], [createDate], [createUserId]) VALUES (1503, N'-2147467261', N'Object reference not set to an instance of an object.', N'   at Restaurant.Classes.NotificationUser.<GetCountByUserId>d__53.MoveNext() in E:GitHubRESprojectRestaurantRestaurantClassesApiClassesNotificationUser.cs:line 104rn--- End of stack trace from previous location where exception was thrown ---rn   at System.Runtime.CompilerServices.TaskAwaiter.ThrowForNonSuccess(Task task)rn   at System.Runtime.CompilerServices.TaskAwaiter.HandleNonSuccessAndDebuggerNotification(Task task)rn   at System.Runtime.CompilerServices.TaskAwaiter`1.GetResult()rn   at Restaurant.MainWindow.<refreshNotificationCount>d__68.MoveNext() in E:GitHubRESprojectRestaurantRestaurantMainWindow.xaml.cs:line 1262rn--- End of stack trace from previous location where exception was thrown ---rn   at System.Runtime.CompilerServices.TaskAwaiter.ThrowForNonSuccess(Task task)rn   at System.Runtime.CompilerServices.TaskAwaiter.HandleNonSuccessAndDebuggerNotification(Task task)rn   at System.Runtime.CompilerServices.TaskAwaiter.GetResult()rn   at Restaurant.MainWindow.<setNotifications>d__67.MoveNext() in E:GitHubRESprojectRestaurantRestaurantMainWindow.xaml.cs:line 1251', N'Void MoveNext()', NULL, NULL, CAST(N'2022-04-17T16:48:02.3163218' AS DateTime2), 18)
GO
INSERT [dbo].[error] ([errorId], [num], [msg], [stackTrace], [targetSite], [posId], [branchId], [createDate], [createUserId]) VALUES (1504, N'-2146233088', N'An error occurred while sending the request.', N'   at System.Runtime.CompilerServices.TaskAwaiter.ThrowForNonSuccess(Task task)rn   at System.Runtime.CompilerServices.TaskAwaiter.HandleNonSuccessAndDebuggerNotification(Task task)rn   at System.Runtime.CompilerServices.TaskAwaiter`1.GetResult()rn   at Restaurant.ApiClasses.APIResult.<getList>d__1.MoveNext() in E:GitHubRESprojectRestaurantRestaurantClassesApiClassesAPIResult.cs:line 88rn--- End of stack trace from previous location where exception was thrown ---rn   at System.Runtime.CompilerServices.TaskAwaiter.ThrowForNonSuccess(Task task)rn   at System.Runtime.CompilerServices.TaskAwaiter.HandleNonSuccessAndDebuggerNotification(Task task)rn   at System.Runtime.CompilerServices.TaskAwaiter`1.GetResult()rn   at Restaurant.Classes.Offer.<Get>d__68.MoveNext() in E:GitHubRESprojectRestaurantRestaurantClassesApiClassesOffer.cs:line 40rn--- End of stack trace from previous location where exception was thrown ---rn   at System.Runtime.CompilerServices.TaskAwaiter.ThrowForNonSuccess(Task task)rn   at System.Runtime.CompilerServices.TaskAwaiter.HandleNonSuccessAndDebuggerNotification(Task task)rn   at System.Runtime.CompilerServices.TaskAwaiter`1.GetResult()rn   at Restaurant.View.sales.promotion.uc_offer.<RefreshOffersList>d__30.MoveNext() in E:GitHubRESprojectRestaurantRestaurantViewsalespromotionuc_offer.xaml.cs:line 656rn--- End of stack trace from previous location where exception was thrown ---rn   at System.Runtime.CompilerServices.TaskAwaiter.ThrowForNonSuccess(Task task)rn   at System.Runtime.CompilerServices.TaskAwaiter.HandleNonSuccessAndDebuggerNotification(Task task)rn   at System.Runtime.CompilerServices.TaskAwaiter`1.GetResult()rn   at Restaurant.View.sales.promotion.uc_offer.<Tgl_isActive_Checked>d__24.MoveNext() in E:GitHubRESprojectRestaurantRestaurantViewsalespromotionuc_offer.xaml.cs:line 529', N'Void ThrowForNonSuccess(System.Threading.Tasks.Task)', NULL, NULL, CAST(N'2022-04-17T16:48:03.6507562' AS DateTime2), 18)
GO
INSERT [dbo].[error] ([errorId], [num], [msg], [stackTrace], [targetSite], [posId], [branchId], [createDate], [createUserId]) VALUES (1505, N'-2146233088', N'An error occurred while sending the request.', N'   at System.Runtime.CompilerServices.TaskAwaiter.ThrowForNonSuccess(Task task)rn   at System.Runtime.CompilerServices.TaskAwaiter.HandleNonSuccessAndDebuggerNotification(Task task)rn   at System.Runtime.CompilerServices.TaskAwaiter`1.GetResult()rn   at Restaurant.ApiClasses.APIResult.<getList>d__1.MoveNext() in E:GitHubRESprojectRestaurantRestaurantClassesApiClassesAPIResult.cs:line 88rn--- End of stack trace from previous location where exception was thrown ---rn   at System.Runtime.CompilerServices.TaskAwaiter.ThrowForNonSuccess(Task task)rn   at System.Runtime.CompilerServices.TaskAwaiter.HandleNonSuccessAndDebuggerNotification(Task task)rn   at System.Runtime.CompilerServices.TaskAwaiter`1.GetResult()rn   at Restaurant.Classes.Pos.<getById>d__70.MoveNext() in E:GitHubRESprojectRestaurantRestaurantClassesApiClassesPos.cs:line 72rn--- End of stack trace from previous location where exception was thrown ---rn   at System.Runtime.CompilerServices.TaskAwaiter.ThrowForNonSuccess(Task task)rn   at System.Runtime.CompilerServices.TaskAwaiter.HandleNonSuccessAndDebuggerNotification(Task task)rn   at System.Runtime.CompilerServices.TaskAwaiter`1.GetResult()rn   at Restaurant.MainWindow.<timer_Thread>d__72.MoveNext() in E:GitHubRESprojectRestaurantRestaurantMainWindow.xaml.cs:line 1366', N'Void ThrowForNonSuccess(System.Threading.Tasks.Task)', NULL, NULL, CAST(N'2022-04-17T16:48:04.1913095' AS DateTime2), 18)
GO
INSERT [dbo].[error] ([errorId], [num], [msg], [stackTrace], [targetSite], [posId], [branchId], [createDate], [createUserId]) VALUES (1506, N'-2146233088', N'An error occurred while sending the request.', N'   at System.Runtime.CompilerServices.TaskAwaiter.ThrowForNonSuccess(Task task)rn   at System.Runtime.CompilerServices.TaskAwaiter.HandleNonSuccessAndDebuggerNotification(Task task)rn   at System.Runtime.CompilerServices.TaskAwaiter`1.GetResult()rn   at Restaurant.ApiClasses.APIResult.<getList>d__1.MoveNext() in E:GitHubRESprojectRestaurantRestaurantClassesApiClassesAPIResult.cs:line 88rn--- End of stack trace from previous location where exception was thrown ---rn   at System.Runtime.CompilerServices.TaskAwaiter.ThrowForNonSuccess(Task task)rn   at System.Runtime.CompilerServices.TaskAwaiter.HandleNonSuccessAndDebuggerNotification(Task task)rn   at System.Runtime.CompilerServices.TaskAwaiter`1.GetResult()rn   at Restaurant.Classes.Offer.<Get>d__68.MoveNext() in E:GitHubRESprojectRestaurantRestaurantClassesApiClassesOffer.cs:line 40rn--- End of stack trace from previous location where exception was thrown ---rn   at System.Runtime.CompilerServices.TaskAwaiter.ThrowForNonSuccess(Task task)rn   at System.Runtime.CompilerServices.TaskAwaiter.HandleNonSuccessAndDebuggerNotification(Task task)rn   at System.Runtime.CompilerServices.TaskAwaiter`1.GetResult()rn   at Restaurant.View.sales.promotion.uc_offer.<RefreshOffersList>d__30.MoveNext() in E:GitHubRESprojectRestaurantRestaurantViewsalespromotionuc_offer.xaml.cs:line 656rn--- End of stack trace from previous location where exception was thrown ---rn   at System.Runtime.CompilerServices.TaskAwaiter.ThrowForNonSuccess(Task task)rn   at System.Runtime.CompilerServices.TaskAwaiter.HandleNonSuccessAndDebuggerNotification(Task task)rn   at System.Runtime.CompilerServices.TaskAwaiter`1.GetResult()rn   at Restaurant.View.sales.promotion.uc_offer.<UserControl_Loaded>d__16.MoveNext() in E:GitHubRESprojectRestaurantRestaurantViewsalespromotionuc_offer.xaml.cs:line 130', N'Void ThrowForNonSuccess(System.Threading.Tasks.Task)', NULL, NULL, CAST(N'2022-04-17T16:48:04.2042772' AS DateTime2), 18)
GO
INSERT [dbo].[error] ([errorId], [num], [msg], [stackTrace], [targetSite], [posId], [branchId], [createDate], [createUserId]) VALUES (1507, N'-2146233088', N'An error occurred while sending the request.', N'   at System.Runtime.CompilerServices.TaskAwaiter.ThrowForNonSuccess(Task task)rn   at System.Runtime.CompilerServices.TaskAwaiter.HandleNonSuccessAndDebuggerNotification(Task task)rn   at System.Runtime.CompilerServices.TaskAwaiter`1.GetResult()rn   at Restaurant.ApiClasses.APIResult.<getList>d__1.MoveNext() in E:GitHubRESprojectRestaurantRestaurantClassesApiClassesAPIResult.cs:line 88rn--- End of stack trace from previous location where exception was thrown ---rn   at System.Runtime.CompilerServices.TaskAwaiter.ThrowForNonSuccess(Task task)rn   at System.Runtime.CompilerServices.TaskAwaiter.HandleNonSuccessAndDebuggerNotification(Task task)rn   at System.Runtime.CompilerServices.TaskAwaiter`1.GetResult()rn   at Restaurant.Classes.Pos.<getById>d__70.MoveNext() in E:GitHubRESprojectRestaurantRestaurantClassesApiClassesPos.cs:line 72rn--- End of stack trace from previous location where exception was thrown ---rn   at System.Runtime.CompilerServices.TaskAwaiter.ThrowForNonSuccess(Task task)rn   at System.Runtime.CompilerServices.TaskAwaiter.HandleNonSuccessAndDebuggerNotification(Task task)rn   at System.Runtime.CompilerServices.TaskAwaiter`1.GetResult()rn   at Restaurant.MainWindow.<timer_Thread>d__72.MoveNext() in E:GitHubRESprojectRestaurantRestaurantMainWindow.xaml.cs:line 1366', N'Void ThrowForNonSuccess(System.Threading.Tasks.Task)', NULL, NULL, CAST(N'2022-04-17T16:48:04.9762113' AS DateTime2), 18)
GO
INSERT [dbo].[error] ([errorId], [num], [msg], [stackTrace], [targetSite], [posId], [branchId], [createDate], [createUserId]) VALUES (1508, N'-2146233088', N'An error occurred while sending the request.', N'   at System.Runtime.CompilerServices.TaskAwaiter.ThrowForNonSuccess(Task task)rn   at System.Runtime.CompilerServices.TaskAwaiter.HandleNonSuccessAndDebuggerNotification(Task task)rn   at System.Runtime.CompilerServices.TaskAwaiter`1.GetResult()rn   at Restaurant.ApiClasses.APIResult.<getList>d__1.MoveNext() in E:GitHubRESprojectRestaurantRestaurantClassesApiClassesAPIResult.cs:line 88rn--- End of stack trace from previous location where exception was thrown ---rn   at System.Runtime.CompilerServices.TaskAwaiter.ThrowForNonSuccess(Task task)rn   at System.Runtime.CompilerServices.TaskAwaiter.HandleNonSuccessAndDebuggerNotification(Task task)rn   at System.Runtime.CompilerServices.TaskAwaiter`1.GetResult()rn   at Restaurant.Classes.Pos.<getById>d__70.MoveNext() in E:GitHubRESprojectRestaurantRestaurantClassesApiClassesPos.cs:line 72rn--- End of stack trace from previous location where exception was thrown ---rn   at System.Runtime.CompilerServices.TaskAwaiter.ThrowForNonSuccess(Task task)rn   at System.Runtime.CompilerServices.TaskAwaiter.HandleNonSuccessAndDebuggerNotification(Task task)rn   at System.Runtime.CompilerServices.TaskAwaiter`1.GetResult()rn   at Restaurant.MainWindow.<timer_Thread>d__72.MoveNext() in E:GitHubRESprojectRestaurantRestaurantMainWindow.xaml.cs:line 1366', N'Void ThrowForNonSuccess(System.Threading.Tasks.Task)', NULL, NULL, CAST(N'2022-04-17T16:48:05.2624489' AS DateTime2), 18)
GO
INSERT [dbo].[error] ([errorId], [num], [msg], [stackTrace], [targetSite], [posId], [branchId], [createDate], [createUserId]) VALUES (1509, N'-2146233088', N'An error occurred while sending the request.', N'   at System.Runtime.CompilerServices.TaskAwaiter.ThrowForNonSuccess(Task task)rn   at System.Runtime.CompilerServices.TaskAwaiter.HandleNonSuccessAndDebuggerNotification(Task task)rn   at System.Runtime.CompilerServices.TaskAwaiter`1.GetResult()rn   at Restaurant.ApiClasses.APIResult.<getList>d__1.MoveNext() in E:GitHubRESprojectRestaurantRestaurantClassesApiClassesAPIResult.cs:line 88rn--- End of stack trace from previous location where exception was thrown ---rn   at System.Runtime.CompilerServices.TaskAwaiter.ThrowForNonSuccess(Task task)rn   at System.Runtime.CompilerServices.TaskAwaiter.HandleNonSuccessAndDebuggerNotification(Task task)rn   at System.Runtime.CompilerServices.TaskAwaiter`1.GetResult()rn   at Restaurant.Classes.Pos.<getById>d__70.MoveNext() in E:GitHubRESprojectRestaurantRestaurantClassesApiClassesPos.cs:line 72rn--- End of stack trace from previous location where exception was thrown ---rn   at System.Runtime.CompilerServices.TaskAwaiter.ThrowForNonSuccess(Task task)rn   at System.Runtime.CompilerServices.TaskAwaiter.HandleNonSuccessAndDebuggerNotification(Task task)rn   at System.Runtime.CompilerServices.TaskAwaiter`1.GetResult()rn   at Restaurant.MainWindow.<timer_Thread>d__72.MoveNext() in E:GitHubRESprojectRestaurantRestaurantMainWindow.xaml.cs:line 1366', N'Void ThrowForNonSuccess(System.Threading.Tasks.Task)', NULL, NULL, CAST(N'2022-04-17T16:48:08.9625549' AS DateTime2), 18)
GO
INSERT [dbo].[error] ([errorId], [num], [msg], [stackTrace], [targetSite], [posId], [branchId], [createDate], [createUserId]) VALUES (1510, N'-2146233088', N'An error occurred while sending the request.', N'   at System.Runtime.CompilerServices.TaskAwaiter.ThrowForNonSuccess(Task task)rn   at System.Runtime.CompilerServices.TaskAwaiter.HandleNonSuccessAndDebuggerNotification(Task task)rn   at System.Runtime.CompilerServices.TaskAwaiter`1.GetResult()rn   at Restaurant.ApiClasses.APIResult.<getList>d__1.MoveNext() in E:GitHubRESprojectRestaurantRestaurantClassesApiClassesAPIResult.cs:line 88rn--- End of stack trace from previous location where exception was thrown ---rn   at System.Runtime.CompilerServices.TaskAwaiter.ThrowForNonSuccess(Task task)rn   at System.Runtime.CompilerServices.TaskAwaiter.HandleNonSuccessAndDebuggerNotification(Task task)rn   at System.Runtime.CompilerServices.TaskAwaiter`1.GetResult()rn   at Restaurant.Classes.NotificationUser.<GetCountByUserId>d__53.MoveNext() in E:GitHubRESprojectRestaurantRestaurantClassesApiClassesNotificationUser.cs:line 103rn--- End of stack trace from previous location where exception was thrown ---rn   at System.Runtime.CompilerServices.TaskAwaiter.ThrowForNonSuccess(Task task)rn   at System.Runtime.CompilerServices.TaskAwaiter.HandleNonSuccessAndDebuggerNotification(Task task)rn   at System.Runtime.CompilerServices.TaskAwaiter`1.GetResult()rn   at Restaurant.MainWindow.<refreshNotificationCount>d__68.MoveNext() in E:GitHubRESprojectRestaurantRestaurantMainWindow.xaml.cs:line 1262rn--- End of stack trace from previous location where exception was thrown ---rn   at System.Runtime.CompilerServices.TaskAwaiter.ThrowForNonSuccess(Task task)rn   at System.Runtime.CompilerServices.TaskAwaiter.HandleNonSuccessAndDebuggerNotification(Task task)rn   at System.Runtime.CompilerServices.TaskAwaiter.GetResult()rn   at Restaurant.MainWindow.<setNotifications>d__67.MoveNext() in E:GitHubRESprojectRestaurantRestaurantMainWindow.xaml.cs:line 1251', N'Void ThrowForNonSuccess(System.Threading.Tasks.Task)', NULL, NULL, CAST(N'2022-04-17T16:48:11.8967112' AS DateTime2), 18)
GO
INSERT [dbo].[error] ([errorId], [num], [msg], [stackTrace], [targetSite], [posId], [branchId], [createDate], [createUserId]) VALUES (1511, N'-2147467261', N'Object reference not set to an instance of an object.', N'   at Restaurant.Classes.Pos.<getById>d__70.MoveNext() in E:GitHubRESprojectRestaurantRestaurantClassesApiClassesPos.cs:line 74rn--- End of stack trace from previous location where exception was thrown ---rn   at System.Runtime.CompilerServices.TaskAwaiter.ThrowForNonSuccess(Task task)rn   at System.Runtime.CompilerServices.TaskAwaiter.HandleNonSuccessAndDebuggerNotification(Task task)rn   at System.Runtime.CompilerServices.TaskAwaiter`1.GetResult()rn   at Restaurant.MainWindow.<timer_Thread>d__72.MoveNext() in E:GitHubRESprojectRestaurantRestaurantMainWindow.xaml.cs:line 1366', N'Void MoveNext()', NULL, NULL, CAST(N'2022-04-17T16:49:33.0667258' AS DateTime2), 18)
GO
INSERT [dbo].[error] ([errorId], [num], [msg], [stackTrace], [targetSite], [posId], [branchId], [createDate], [createUserId]) VALUES (1512, N'-2147467261', N'Object reference not set to an instance of an object.', N'   at Restaurant.Classes.Pos.<getById>d__70.MoveNext() in E:GitHubRESprojectRestaurantRestaurantClassesApiClassesPos.cs:line 74rn--- End of stack trace from previous location where exception was thrown ---rn   at System.Runtime.CompilerServices.TaskAwaiter.ThrowForNonSuccess(Task task)rn   at System.Runtime.CompilerServices.TaskAwaiter.HandleNonSuccessAndDebuggerNotification(Task task)rn   at System.Runtime.CompilerServices.TaskAwaiter`1.GetResult()rn   at Restaurant.MainWindow.<timer_Thread>d__72.MoveNext() in E:GitHubRESprojectRestaurantRestaurantMainWindow.xaml.cs:line 1366', N'Void MoveNext()', NULL, NULL, CAST(N'2022-04-17T16:49:33.6032908' AS DateTime2), 18)
GO
SET IDENTITY_INSERT [dbo].[error] OFF
GO
SET IDENTITY_INSERT [dbo].[groupObject] ON 
GO
INSERT [dbo].[groupObject] ([id], [groupId], [objectId], [notes], [addOb], [updateOb], [deleteOb], [showOb], [reportOb], [levelOb], [createDate], [updateDate], [createUserId], [updateUserId], [isActive]) VALUES (983, 5, 1, N'', 0, 0, 0, 0, 0, 0, CAST(N'2022-03-27T14:17:32.4927720' AS DateTime2), CAST(N'2022-03-27T14:17:32.4927720' AS DateTime2), NULL, NULL, 1)
GO
INSERT [dbo].[groupObject] ([id], [groupId], [objectId], [notes], [addOb], [updateOb], [deleteOb], [showOb], [reportOb], [levelOb], [createDate], [updateDate], [createUserId], [updateUserId], [isActive]) VALUES (984, 5, 2, N'', 0, 0, 0, 0, 0, 0, CAST(N'2022-03-27T14:17:32.5017486' AS DateTime2), CAST(N'2022-03-27T14:17:32.5017486' AS DateTime2), NULL, NULL, 1)
GO
INSERT [dbo].[groupObject] ([id], [groupId], [objectId], [notes], [addOb], [updateOb], [deleteOb], [showOb], [reportOb], [levelOb], [createDate], [updateDate], [createUserId], [updateUserId], [isActive]) VALUES (985, 5, 3, N'', 0, 0, 0, 0, 0, 0, CAST(N'2022-03-27T14:17:32.5037434' AS DateTime2), CAST(N'2022-03-27T14:17:32.5037434' AS DateTime2), NULL, NULL, 1)
GO
INSERT [dbo].[groupObject] ([id], [groupId], [objectId], [notes], [addOb], [updateOb], [deleteOb], [showOb], [reportOb], [levelOb], [createDate], [updateDate], [createUserId], [updateUserId], [isActive]) VALUES (986, 5, 4, N'', 0, 0, 0, 0, 0, 0, CAST(N'2022-03-27T14:17:32.5057377' AS DateTime2), CAST(N'2022-03-27T14:17:32.5057377' AS DateTime2), NULL, NULL, 1)
GO
INSERT [dbo].[groupObject] ([id], [groupId], [objectId], [notes], [addOb], [updateOb], [deleteOb], [showOb], [reportOb], [levelOb], [createDate], [updateDate], [createUserId], [updateUserId], [isActive]) VALUES (987, 5, 5, N'', 0, 0, 0, 0, 0, 0, CAST(N'2022-03-27T14:17:32.5077336' AS DateTime2), CAST(N'2022-03-27T14:17:32.5077336' AS DateTime2), NULL, NULL, 1)
GO
INSERT [dbo].[groupObject] ([id], [groupId], [objectId], [notes], [addOb], [updateOb], [deleteOb], [showOb], [reportOb], [levelOb], [createDate], [updateDate], [createUserId], [updateUserId], [isActive]) VALUES (988, 5, 6, N'', 0, 0, 0, 0, 0, 0, CAST(N'2022-03-27T14:17:32.5097280' AS DateTime2), CAST(N'2022-03-27T14:17:32.5097280' AS DateTime2), NULL, NULL, 1)
GO
INSERT [dbo].[groupObject] ([id], [groupId], [objectId], [notes], [addOb], [updateOb], [deleteOb], [showOb], [reportOb], [levelOb], [createDate], [updateDate], [createUserId], [updateUserId], [isActive]) VALUES (989, 5, 7, N'', 0, 0, 0, 0, 0, 0, CAST(N'2022-03-27T14:17:32.5117216' AS DateTime2), CAST(N'2022-03-27T14:17:32.5117216' AS DateTime2), NULL, NULL, 1)
GO
INSERT [dbo].[groupObject] ([id], [groupId], [objectId], [notes], [addOb], [updateOb], [deleteOb], [showOb], [reportOb], [levelOb], [createDate], [updateDate], [createUserId], [updateUserId], [isActive]) VALUES (990, 5, 8, N'', 0, 0, 0, 0, 0, 0, CAST(N'2022-03-27T14:17:32.5137187' AS DateTime2), CAST(N'2022-03-27T14:17:32.5137187' AS DateTime2), NULL, NULL, 1)
GO
INSERT [dbo].[groupObject] ([id], [groupId], [objectId], [notes], [addOb], [updateOb], [deleteOb], [showOb], [reportOb], [levelOb], [createDate], [updateDate], [createUserId], [updateUserId], [isActive]) VALUES (991, 5, 9, N'', 0, 0, 0, 0, 0, 0, CAST(N'2022-03-27T14:17:32.5157115' AS DateTime2), CAST(N'2022-03-27T14:17:32.5157115' AS DateTime2), NULL, NULL, 1)
GO
INSERT [dbo].[groupObject] ([id], [groupId], [objectId], [notes], [addOb], [updateOb], [deleteOb], [showOb], [reportOb], [levelOb], [createDate], [updateDate], [createUserId], [updateUserId], [isActive]) VALUES (992, 5, 10, N'', 0, 0, 0, 0, 0, 0, CAST(N'2022-03-27T14:17:32.5177071' AS DateTime2), CAST(N'2022-03-27T14:17:32.5177071' AS DateTime2), NULL, NULL, 1)
GO
INSERT [dbo].[groupObject] ([id], [groupId], [objectId], [notes], [addOb], [updateOb], [deleteOb], [showOb], [reportOb], [levelOb], [createDate], [updateDate], [createUserId], [updateUserId], [isActive]) VALUES (993, 5, 11, N'', 0, 0, 0, 0, 0, 0, CAST(N'2022-03-27T14:17:32.5197011' AS DateTime2), CAST(N'2022-03-27T14:17:32.5197011' AS DateTime2), NULL, NULL, 1)
GO
INSERT [dbo].[groupObject] ([id], [groupId], [objectId], [notes], [addOb], [updateOb], [deleteOb], [showOb], [reportOb], [levelOb], [createDate], [updateDate], [createUserId], [updateUserId], [isActive]) VALUES (994, 5, 12, N'', 0, 0, 0, 0, 0, 0, CAST(N'2022-03-27T14:17:32.5226923' AS DateTime2), CAST(N'2022-03-27T14:17:32.5226923' AS DateTime2), NULL, NULL, 1)
GO
INSERT [dbo].[groupObject] ([id], [groupId], [objectId], [notes], [addOb], [updateOb], [deleteOb], [showOb], [reportOb], [levelOb], [createDate], [updateDate], [createUserId], [updateUserId], [isActive]) VALUES (995, 5, 13, N'', 0, 0, 0, 0, 0, 0, CAST(N'2022-03-27T14:17:32.5246870' AS DateTime2), CAST(N'2022-03-27T14:17:32.5246870' AS DateTime2), NULL, NULL, 1)
GO
INSERT [dbo].[groupObject] ([id], [groupId], [objectId], [notes], [addOb], [updateOb], [deleteOb], [showOb], [reportOb], [levelOb], [createDate], [updateDate], [createUserId], [updateUserId], [isActive]) VALUES (996, 5, 14, N'', 0, 0, 0, 0, 0, 0, CAST(N'2022-03-27T14:17:32.5266818' AS DateTime2), CAST(N'2022-03-27T14:17:32.5266818' AS DateTime2), NULL, NULL, 1)
GO
INSERT [dbo].[groupObject] ([id], [groupId], [objectId], [notes], [addOb], [updateOb], [deleteOb], [showOb], [reportOb], [levelOb], [createDate], [updateDate], [createUserId], [updateUserId], [isActive]) VALUES (997, 5, 15, N'', 0, 0, 0, 0, 0, 0, CAST(N'2022-03-27T14:17:32.5286784' AS DateTime2), CAST(N'2022-03-27T14:17:32.5286784' AS DateTime2), NULL, NULL, 1)
GO
INSERT [dbo].[groupObject] ([id], [groupId], [objectId], [notes], [addOb], [updateOb], [deleteOb], [showOb], [reportOb], [levelOb], [createDate], [updateDate], [createUserId], [updateUserId], [isActive]) VALUES (998, 5, 16, N'', 0, 0, 0, 0, 0, 0, CAST(N'2022-03-27T14:17:32.5306728' AS DateTime2), CAST(N'2022-03-27T14:17:32.5306728' AS DateTime2), NULL, NULL, 1)
GO
INSERT [dbo].[groupObject] ([id], [groupId], [objectId], [notes], [addOb], [updateOb], [deleteOb], [showOb], [reportOb], [levelOb], [createDate], [updateDate], [createUserId], [updateUserId], [isActive]) VALUES (999, 5, 17, N'', 0, 0, 0, 0, 0, 0, CAST(N'2022-03-27T14:17:32.5336636' AS DateTime2), CAST(N'2022-03-27T14:17:32.5336636' AS DateTime2), NULL, NULL, 1)
GO
INSERT [dbo].[groupObject] ([id], [groupId], [objectId], [notes], [addOb], [updateOb], [deleteOb], [showOb], [reportOb], [levelOb], [createDate], [updateDate], [createUserId], [updateUserId], [isActive]) VALUES (1000, 5, 18, N'', 0, 0, 0, 0, 0, 0, CAST(N'2022-03-27T14:17:32.5406466' AS DateTime2), CAST(N'2022-03-27T14:17:32.5406466' AS DateTime2), NULL, NULL, 1)
GO
INSERT [dbo].[groupObject] ([id], [groupId], [objectId], [notes], [addOb], [updateOb], [deleteOb], [showOb], [reportOb], [levelOb], [createDate], [updateDate], [createUserId], [updateUserId], [isActive]) VALUES (1001, 5, 19, N'', 0, 0, 0, 0, 0, 0, CAST(N'2022-03-27T14:17:32.5426414' AS DateTime2), CAST(N'2022-03-27T14:17:32.5426414' AS DateTime2), NULL, NULL, 1)
GO
INSERT [dbo].[groupObject] ([id], [groupId], [objectId], [notes], [addOb], [updateOb], [deleteOb], [showOb], [reportOb], [levelOb], [createDate], [updateDate], [createUserId], [updateUserId], [isActive]) VALUES (1002, 5, 20, N'', 0, 0, 0, 0, 0, 0, CAST(N'2022-03-27T14:17:32.5446365' AS DateTime2), CAST(N'2022-03-27T14:17:32.5446365' AS DateTime2), NULL, NULL, 1)
GO
INSERT [dbo].[groupObject] ([id], [groupId], [objectId], [notes], [addOb], [updateOb], [deleteOb], [showOb], [reportOb], [levelOb], [createDate], [updateDate], [createUserId], [updateUserId], [isActive]) VALUES (1003, 5, 21, N'', 0, 0, 0, 0, 0, 0, CAST(N'2022-03-27T14:17:32.5466301' AS DateTime2), CAST(N'2022-03-27T14:17:32.5466301' AS DateTime2), NULL, NULL, 1)
GO
INSERT [dbo].[groupObject] ([id], [groupId], [objectId], [notes], [addOb], [updateOb], [deleteOb], [showOb], [reportOb], [levelOb], [createDate], [updateDate], [createUserId], [updateUserId], [isActive]) VALUES (1004, 5, 22, N'', 0, 0, 0, 0, 0, 0, CAST(N'2022-03-27T14:17:32.5486234' AS DateTime2), CAST(N'2022-03-27T14:17:32.5486234' AS DateTime2), NULL, NULL, 1)
GO
INSERT [dbo].[groupObject] ([id], [groupId], [objectId], [notes], [addOb], [updateOb], [deleteOb], [showOb], [reportOb], [levelOb], [createDate], [updateDate], [createUserId], [updateUserId], [isActive]) VALUES (1005, 5, 23, N'', 0, 0, 0, 0, 0, 0, CAST(N'2022-03-27T14:17:32.5516153' AS DateTime2), CAST(N'2022-03-27T14:17:32.5516153' AS DateTime2), NULL, NULL, 1)
GO
INSERT [dbo].[groupObject] ([id], [groupId], [objectId], [notes], [addOb], [updateOb], [deleteOb], [showOb], [reportOb], [levelOb], [createDate], [updateDate], [createUserId], [updateUserId], [isActive]) VALUES (1006, 5, 24, N'', 0, 0, 0, 0, 0, 0, CAST(N'2022-03-27T14:17:32.5536105' AS DateTime2), CAST(N'2022-03-27T14:17:32.5536105' AS DateTime2), NULL, NULL, 1)
GO
INSERT [dbo].[groupObject] ([id], [groupId], [objectId], [notes], [addOb], [updateOb], [deleteOb], [showOb], [reportOb], [levelOb], [createDate], [updateDate], [createUserId], [updateUserId], [isActive]) VALUES (1007, 5, 25, N'', 0, 0, 0, 0, 0, 0, CAST(N'2022-03-27T14:17:32.5556045' AS DateTime2), CAST(N'2022-03-27T14:17:32.5556045' AS DateTime2), NULL, NULL, 1)
GO
INSERT [dbo].[groupObject] ([id], [groupId], [objectId], [notes], [addOb], [updateOb], [deleteOb], [showOb], [reportOb], [levelOb], [createDate], [updateDate], [createUserId], [updateUserId], [isActive]) VALUES (1008, 5, 26, N'', 0, 0, 0, 0, 0, 0, CAST(N'2022-03-27T14:17:32.5575989' AS DateTime2), CAST(N'2022-03-27T14:17:32.5575989' AS DateTime2), NULL, NULL, 1)
GO
INSERT [dbo].[groupObject] ([id], [groupId], [objectId], [notes], [addOb], [updateOb], [deleteOb], [showOb], [reportOb], [levelOb], [createDate], [updateDate], [createUserId], [updateUserId], [isActive]) VALUES (1009, 5, 27, N'', 0, 0, 0, 0, 0, 0, CAST(N'2022-03-27T14:17:32.5605912' AS DateTime2), CAST(N'2022-03-27T14:17:32.5605912' AS DateTime2), NULL, NULL, 1)
GO
INSERT [dbo].[groupObject] ([id], [groupId], [objectId], [notes], [addOb], [updateOb], [deleteOb], [showOb], [reportOb], [levelOb], [createDate], [updateDate], [createUserId], [updateUserId], [isActive]) VALUES (1010, 5, 28, N'', 0, 0, 0, 0, 0, 0, CAST(N'2022-03-27T14:17:32.5645807' AS DateTime2), CAST(N'2022-03-27T14:17:32.5645807' AS DateTime2), NULL, NULL, 1)
GO
INSERT [dbo].[groupObject] ([id], [groupId], [objectId], [notes], [addOb], [updateOb], [deleteOb], [showOb], [reportOb], [levelOb], [createDate], [updateDate], [createUserId], [updateUserId], [isActive]) VALUES (1011, 5, 29, N'', 0, 0, 0, 0, 0, 0, CAST(N'2022-03-27T14:17:32.5665758' AS DateTime2), CAST(N'2022-03-27T14:17:32.5665758' AS DateTime2), NULL, NULL, 1)
GO
INSERT [dbo].[groupObject] ([id], [groupId], [objectId], [notes], [addOb], [updateOb], [deleteOb], [showOb], [reportOb], [levelOb], [createDate], [updateDate], [createUserId], [updateUserId], [isActive]) VALUES (1012, 5, 30, N'', 0, 0, 0, 0, 0, 0, CAST(N'2022-03-27T14:17:32.5685721' AS DateTime2), CAST(N'2022-03-27T14:17:32.5685721' AS DateTime2), NULL, NULL, 1)
GO
INSERT [dbo].[groupObject] ([id], [groupId], [objectId], [notes], [addOb], [updateOb], [deleteOb], [showOb], [reportOb], [levelOb], [createDate], [updateDate], [createUserId], [updateUserId], [isActive]) VALUES (1013, 5, 31, N'', 0, 0, 0, 0, 0, 0, CAST(N'2022-03-27T14:17:32.5705676' AS DateTime2), CAST(N'2022-03-27T14:17:32.5705676' AS DateTime2), NULL, NULL, 1)
GO
INSERT [dbo].[groupObject] ([id], [groupId], [objectId], [notes], [addOb], [updateOb], [deleteOb], [showOb], [reportOb], [levelOb], [createDate], [updateDate], [createUserId], [updateUserId], [isActive]) VALUES (1014, 5, 32, N'', 0, 0, 0, 0, 0, 0, CAST(N'2022-03-27T14:17:32.5725624' AS DateTime2), CAST(N'2022-03-27T14:17:32.5725624' AS DateTime2), NULL, NULL, 1)
GO
INSERT [dbo].[groupObject] ([id], [groupId], [objectId], [notes], [addOb], [updateOb], [deleteOb], [showOb], [reportOb], [levelOb], [createDate], [updateDate], [createUserId], [updateUserId], [isActive]) VALUES (1015, 5, 33, N'', 0, 0, 0, 0, 0, 0, CAST(N'2022-03-27T14:17:32.5745560' AS DateTime2), CAST(N'2022-03-27T14:17:32.5745560' AS DateTime2), NULL, NULL, 1)
GO
INSERT [dbo].[groupObject] ([id], [groupId], [objectId], [notes], [addOb], [updateOb], [deleteOb], [showOb], [reportOb], [levelOb], [createDate], [updateDate], [createUserId], [updateUserId], [isActive]) VALUES (1016, 5, 34, N'', 0, 0, 0, 0, 0, 0, CAST(N'2022-03-27T14:17:32.5765523' AS DateTime2), CAST(N'2022-03-27T14:17:32.5765523' AS DateTime2), NULL, NULL, 1)
GO
INSERT [dbo].[groupObject] ([id], [groupId], [objectId], [notes], [addOb], [updateOb], [deleteOb], [showOb], [reportOb], [levelOb], [createDate], [updateDate], [createUserId], [updateUserId], [isActive]) VALUES (1017, 5, 35, N'', 0, 0, 0, 0, 0, 0, CAST(N'2022-03-27T14:17:32.5795427' AS DateTime2), CAST(N'2022-03-27T14:17:32.5795427' AS DateTime2), NULL, NULL, 1)
GO
INSERT [dbo].[groupObject] ([id], [groupId], [objectId], [notes], [addOb], [updateOb], [deleteOb], [showOb], [reportOb], [levelOb], [createDate], [updateDate], [createUserId], [updateUserId], [isActive]) VALUES (1018, 5, 36, N'', 0, 0, 0, 0, 0, 0, CAST(N'2022-03-27T14:17:32.5815371' AS DateTime2), CAST(N'2022-03-27T14:17:32.5815371' AS DateTime2), NULL, NULL, 1)
GO
INSERT [dbo].[groupObject] ([id], [groupId], [objectId], [notes], [addOb], [updateOb], [deleteOb], [showOb], [reportOb], [levelOb], [createDate], [updateDate], [createUserId], [updateUserId], [isActive]) VALUES (1019, 5, 37, N'', 0, 0, 0, 0, 0, 0, CAST(N'2022-03-27T14:17:32.5835300' AS DateTime2), CAST(N'2022-03-27T14:17:32.5835300' AS DateTime2), NULL, NULL, 1)
GO
INSERT [dbo].[groupObject] ([id], [groupId], [objectId], [notes], [addOb], [updateOb], [deleteOb], [showOb], [reportOb], [levelOb], [createDate], [updateDate], [createUserId], [updateUserId], [isActive]) VALUES (1020, 5, 38, N'', 0, 0, 0, 0, 0, 0, CAST(N'2022-03-27T14:17:32.5855251' AS DateTime2), CAST(N'2022-03-27T14:17:32.5855251' AS DateTime2), NULL, NULL, 1)
GO
INSERT [dbo].[groupObject] ([id], [groupId], [objectId], [notes], [addOb], [updateOb], [deleteOb], [showOb], [reportOb], [levelOb], [createDate], [updateDate], [createUserId], [updateUserId], [isActive]) VALUES (1021, 5, 39, N'', 0, 0, 0, 0, 0, 0, CAST(N'2022-03-27T14:17:32.5875214' AS DateTime2), CAST(N'2022-03-27T14:17:32.5875214' AS DateTime2), NULL, NULL, 1)
GO
INSERT [dbo].[groupObject] ([id], [groupId], [objectId], [notes], [addOb], [updateOb], [deleteOb], [showOb], [reportOb], [levelOb], [createDate], [updateDate], [createUserId], [updateUserId], [isActive]) VALUES (1022, 5, 40, N'', 0, 0, 0, 0, 0, 0, CAST(N'2022-03-27T14:17:32.5905130' AS DateTime2), CAST(N'2022-03-27T14:17:32.5905130' AS DateTime2), NULL, NULL, 1)
GO
INSERT [dbo].[groupObject] ([id], [groupId], [objectId], [notes], [addOb], [updateOb], [deleteOb], [showOb], [reportOb], [levelOb], [createDate], [updateDate], [createUserId], [updateUserId], [isActive]) VALUES (1023, 5, 41, N'', 0, 0, 0, 0, 0, 0, CAST(N'2022-03-27T14:17:32.5925062' AS DateTime2), CAST(N'2022-03-27T14:17:32.5925062' AS DateTime2), NULL, NULL, 1)
GO
INSERT [dbo].[groupObject] ([id], [groupId], [objectId], [notes], [addOb], [updateOb], [deleteOb], [showOb], [reportOb], [levelOb], [createDate], [updateDate], [createUserId], [updateUserId], [isActive]) VALUES (1024, 5, 42, N'', 0, 0, 0, 0, 0, 0, CAST(N'2022-03-27T14:17:32.5984905' AS DateTime2), CAST(N'2022-03-27T14:17:32.5984905' AS DateTime2), NULL, NULL, 1)
GO
INSERT [dbo].[groupObject] ([id], [groupId], [objectId], [notes], [addOb], [updateOb], [deleteOb], [showOb], [reportOb], [levelOb], [createDate], [updateDate], [createUserId], [updateUserId], [isActive]) VALUES (1025, 5, 43, N'', 0, 0, 0, 0, 0, 0, CAST(N'2022-03-27T14:17:32.6014847' AS DateTime2), CAST(N'2022-03-27T14:17:32.6014847' AS DateTime2), NULL, NULL, 1)
GO
INSERT [dbo].[groupObject] ([id], [groupId], [objectId], [notes], [addOb], [updateOb], [deleteOb], [showOb], [reportOb], [levelOb], [createDate], [updateDate], [createUserId], [updateUserId], [isActive]) VALUES (1026, 5, 44, N'', 0, 0, 0, 0, 0, 0, CAST(N'2022-03-27T14:17:32.6044736' AS DateTime2), CAST(N'2022-03-27T14:17:32.6044736' AS DateTime2), NULL, NULL, 1)
GO
INSERT [dbo].[groupObject] ([id], [groupId], [objectId], [notes], [addOb], [updateOb], [deleteOb], [showOb], [reportOb], [levelOb], [createDate], [updateDate], [createUserId], [updateUserId], [isActive]) VALUES (1027, 5, 45, N'', 0, 0, 0, 0, 0, 0, CAST(N'2022-03-27T14:17:32.6074656' AS DateTime2), CAST(N'2022-03-27T14:17:32.6074656' AS DateTime2), NULL, NULL, 1)
GO
INSERT [dbo].[groupObject] ([id], [groupId], [objectId], [notes], [addOb], [updateOb], [deleteOb], [showOb], [reportOb], [levelOb], [createDate], [updateDate], [createUserId], [updateUserId], [isActive]) VALUES (1028, 5, 46, N'', 0, 0, 0, 0, 0, 0, CAST(N'2022-03-27T14:17:32.6104590' AS DateTime2), CAST(N'2022-03-27T14:17:32.6104590' AS DateTime2), NULL, NULL, 1)
GO
INSERT [dbo].[groupObject] ([id], [groupId], [objectId], [notes], [addOb], [updateOb], [deleteOb], [showOb], [reportOb], [levelOb], [createDate], [updateDate], [createUserId], [updateUserId], [isActive]) VALUES (1029, 5, 47, N'', 0, 0, 0, 0, 0, 0, CAST(N'2022-03-27T14:17:32.6134499' AS DateTime2), CAST(N'2022-03-27T14:17:32.6134499' AS DateTime2), NULL, NULL, 1)
GO
INSERT [dbo].[groupObject] ([id], [groupId], [objectId], [notes], [addOb], [updateOb], [deleteOb], [showOb], [reportOb], [levelOb], [createDate], [updateDate], [createUserId], [updateUserId], [isActive]) VALUES (1030, 5, 48, N'', 0, 0, 0, 0, 0, 0, CAST(N'2022-03-27T14:17:32.6154461' AS DateTime2), CAST(N'2022-03-27T14:17:32.6154461' AS DateTime2), NULL, NULL, 1)
GO
INSERT [dbo].[groupObject] ([id], [groupId], [objectId], [notes], [addOb], [updateOb], [deleteOb], [showOb], [reportOb], [levelOb], [createDate], [updateDate], [createUserId], [updateUserId], [isActive]) VALUES (1031, 5, 49, N'', 0, 0, 0, 0, 0, 0, CAST(N'2022-03-27T14:17:32.6194338' AS DateTime2), CAST(N'2022-03-27T14:17:32.6194338' AS DateTime2), NULL, NULL, 1)
GO
INSERT [dbo].[groupObject] ([id], [groupId], [objectId], [notes], [addOb], [updateOb], [deleteOb], [showOb], [reportOb], [levelOb], [createDate], [updateDate], [createUserId], [updateUserId], [isActive]) VALUES (1032, 5, 50, N'', 0, 0, 0, 0, 0, 0, CAST(N'2022-03-27T14:17:32.6214285' AS DateTime2), CAST(N'2022-03-27T14:17:32.6214285' AS DateTime2), NULL, NULL, 1)
GO
INSERT [dbo].[groupObject] ([id], [groupId], [objectId], [notes], [addOb], [updateOb], [deleteOb], [showOb], [reportOb], [levelOb], [createDate], [updateDate], [createUserId], [updateUserId], [isActive]) VALUES (1033, 5, 51, N'', 0, 0, 0, 0, 0, 0, CAST(N'2022-03-27T14:17:32.6244212' AS DateTime2), CAST(N'2022-03-27T14:17:32.6244212' AS DateTime2), NULL, NULL, 1)
GO
INSERT [dbo].[groupObject] ([id], [groupId], [objectId], [notes], [addOb], [updateOb], [deleteOb], [showOb], [reportOb], [levelOb], [createDate], [updateDate], [createUserId], [updateUserId], [isActive]) VALUES (1034, 5, 52, N'', 0, 0, 0, 0, 0, 0, CAST(N'2022-03-27T14:17:32.6264152' AS DateTime2), CAST(N'2022-03-27T14:17:32.6264152' AS DateTime2), NULL, NULL, 1)
GO
INSERT [dbo].[groupObject] ([id], [groupId], [objectId], [notes], [addOb], [updateOb], [deleteOb], [showOb], [reportOb], [levelOb], [createDate], [updateDate], [createUserId], [updateUserId], [isActive]) VALUES (1035, 5, 53, N'', 0, 0, 0, 0, 0, 0, CAST(N'2022-03-27T14:17:32.6294072' AS DateTime2), CAST(N'2022-03-27T14:17:32.6294072' AS DateTime2), NULL, NULL, 1)
GO
INSERT [dbo].[groupObject] ([id], [groupId], [objectId], [notes], [addOb], [updateOb], [deleteOb], [showOb], [reportOb], [levelOb], [createDate], [updateDate], [createUserId], [updateUserId], [isActive]) VALUES (1036, 5, 54, N'', 0, 0, 0, 0, 0, 0, CAST(N'2022-03-27T14:17:32.6314031' AS DateTime2), CAST(N'2022-03-27T14:17:32.6314031' AS DateTime2), NULL, NULL, 1)
GO
INSERT [dbo].[groupObject] ([id], [groupId], [objectId], [notes], [addOb], [updateOb], [deleteOb], [showOb], [reportOb], [levelOb], [createDate], [updateDate], [createUserId], [updateUserId], [isActive]) VALUES (1037, 5, 55, N'', 0, 0, 0, 0, 0, 0, CAST(N'2022-03-27T14:17:32.6353911' AS DateTime2), CAST(N'2022-03-27T14:17:32.6353911' AS DateTime2), NULL, NULL, 1)
GO
INSERT [dbo].[groupObject] ([id], [groupId], [objectId], [notes], [addOb], [updateOb], [deleteOb], [showOb], [reportOb], [levelOb], [createDate], [updateDate], [createUserId], [updateUserId], [isActive]) VALUES (1038, 5, 56, N'', 0, 0, 0, 0, 0, 0, CAST(N'2022-03-27T14:17:32.6373859' AS DateTime2), CAST(N'2022-03-27T14:17:32.6373859' AS DateTime2), NULL, NULL, 1)
GO
INSERT [dbo].[groupObject] ([id], [groupId], [objectId], [notes], [addOb], [updateOb], [deleteOb], [showOb], [reportOb], [levelOb], [createDate], [updateDate], [createUserId], [updateUserId], [isActive]) VALUES (1039, 5, 57, N'', 0, 0, 0, 0, 0, 0, CAST(N'2022-03-27T14:17:32.6403782' AS DateTime2), CAST(N'2022-03-27T14:17:32.6403782' AS DateTime2), NULL, NULL, 1)
GO
INSERT [dbo].[groupObject] ([id], [groupId], [objectId], [notes], [addOb], [updateOb], [deleteOb], [showOb], [reportOb], [levelOb], [createDate], [updateDate], [createUserId], [updateUserId], [isActive]) VALUES (1040, 5, 58, N'', 0, 0, 0, 0, 0, 0, CAST(N'2022-03-27T14:17:32.6423733' AS DateTime2), CAST(N'2022-03-27T14:17:32.6423733' AS DateTime2), NULL, NULL, 1)
GO
INSERT [dbo].[groupObject] ([id], [groupId], [objectId], [notes], [addOb], [updateOb], [deleteOb], [showOb], [reportOb], [levelOb], [createDate], [updateDate], [createUserId], [updateUserId], [isActive]) VALUES (1041, 5, 59, N'', 0, 0, 0, 0, 0, 0, CAST(N'2022-03-27T14:17:32.6453660' AS DateTime2), CAST(N'2022-03-27T14:17:32.6453660' AS DateTime2), NULL, NULL, 1)
GO
INSERT [dbo].[groupObject] ([id], [groupId], [objectId], [notes], [addOb], [updateOb], [deleteOb], [showOb], [reportOb], [levelOb], [createDate], [updateDate], [createUserId], [updateUserId], [isActive]) VALUES (1042, 5, 60, N'', 0, 0, 0, 0, 0, 0, CAST(N'2022-03-27T14:17:32.6473597' AS DateTime2), CAST(N'2022-03-27T14:17:32.6473597' AS DateTime2), NULL, NULL, 1)
GO
INSERT [dbo].[groupObject] ([id], [groupId], [objectId], [notes], [addOb], [updateOb], [deleteOb], [showOb], [reportOb], [levelOb], [createDate], [updateDate], [createUserId], [updateUserId], [isActive]) VALUES (1043, 5, 61, N'', 0, 0, 0, 0, 0, 0, CAST(N'2022-03-27T14:17:32.6503531' AS DateTime2), CAST(N'2022-03-27T14:17:32.6503531' AS DateTime2), NULL, NULL, 1)
GO
INSERT [dbo].[groupObject] ([id], [groupId], [objectId], [notes], [addOb], [updateOb], [deleteOb], [showOb], [reportOb], [levelOb], [createDate], [updateDate], [createUserId], [updateUserId], [isActive]) VALUES (1044, 5, 62, N'', 0, 0, 0, 0, 0, 0, CAST(N'2022-03-27T14:17:32.6523475' AS DateTime2), CAST(N'2022-03-27T14:17:32.6523475' AS DateTime2), NULL, NULL, 1)
GO
INSERT [dbo].[groupObject] ([id], [groupId], [objectId], [notes], [addOb], [updateOb], [deleteOb], [showOb], [reportOb], [levelOb], [createDate], [updateDate], [createUserId], [updateUserId], [isActive]) VALUES (1045, 5, 63, N'', 0, 0, 0, 0, 0, 0, CAST(N'2022-03-27T14:17:32.6553383' AS DateTime2), CAST(N'2022-03-27T14:17:32.6553383' AS DateTime2), NULL, NULL, 1)
GO
INSERT [dbo].[groupObject] ([id], [groupId], [objectId], [notes], [addOb], [updateOb], [deleteOb], [showOb], [reportOb], [levelOb], [createDate], [updateDate], [createUserId], [updateUserId], [isActive]) VALUES (1046, 5, 64, N'', 0, 0, 0, 0, 0, 0, CAST(N'2022-03-27T14:17:32.6573338' AS DateTime2), CAST(N'2022-03-27T14:17:32.6573338' AS DateTime2), NULL, NULL, 1)
GO
INSERT [dbo].[groupObject] ([id], [groupId], [objectId], [notes], [addOb], [updateOb], [deleteOb], [showOb], [reportOb], [levelOb], [createDate], [updateDate], [createUserId], [updateUserId], [isActive]) VALUES (1047, 5, 65, N'', 0, 0, 0, 0, 0, 0, CAST(N'2022-03-27T14:17:32.6593297' AS DateTime2), CAST(N'2022-03-27T14:17:32.6593297' AS DateTime2), NULL, NULL, 1)
GO
INSERT [dbo].[groupObject] ([id], [groupId], [objectId], [notes], [addOb], [updateOb], [deleteOb], [showOb], [reportOb], [levelOb], [createDate], [updateDate], [createUserId], [updateUserId], [isActive]) VALUES (1048, 5, 66, N'', 0, 0, 0, 0, 0, 0, CAST(N'2022-03-27T14:17:32.6633208' AS DateTime2), CAST(N'2022-03-27T14:17:32.6633208' AS DateTime2), NULL, NULL, 1)
GO
INSERT [dbo].[groupObject] ([id], [groupId], [objectId], [notes], [addOb], [updateOb], [deleteOb], [showOb], [reportOb], [levelOb], [createDate], [updateDate], [createUserId], [updateUserId], [isActive]) VALUES (1049, 5, 67, N'', 0, 0, 0, 0, 0, 0, CAST(N'2022-03-27T14:17:32.6653125' AS DateTime2), CAST(N'2022-03-27T14:17:32.6653125' AS DateTime2), NULL, NULL, 1)
GO
INSERT [dbo].[groupObject] ([id], [groupId], [objectId], [notes], [addOb], [updateOb], [deleteOb], [showOb], [reportOb], [levelOb], [createDate], [updateDate], [createUserId], [updateUserId], [isActive]) VALUES (1050, 5, 68, N'', 0, 0, 0, 0, 0, 0, CAST(N'2022-03-27T14:17:32.6683033' AS DateTime2), CAST(N'2022-03-27T14:17:32.6683033' AS DateTime2), NULL, NULL, 1)
GO
INSERT [dbo].[groupObject] ([id], [groupId], [objectId], [notes], [addOb], [updateOb], [deleteOb], [showOb], [reportOb], [levelOb], [createDate], [updateDate], [createUserId], [updateUserId], [isActive]) VALUES (1051, 5, 69, N'', 0, 0, 0, 0, 0, 0, CAST(N'2022-03-27T14:17:32.6712953' AS DateTime2), CAST(N'2022-03-27T14:17:32.6712953' AS DateTime2), NULL, NULL, 1)
GO
INSERT [dbo].[groupObject] ([id], [groupId], [objectId], [notes], [addOb], [updateOb], [deleteOb], [showOb], [reportOb], [levelOb], [createDate], [updateDate], [createUserId], [updateUserId], [isActive]) VALUES (1052, 5, 70, N'', 0, 0, 0, 0, 0, 0, CAST(N'2022-03-27T14:17:32.6752863' AS DateTime2), CAST(N'2022-03-27T14:17:32.6752863' AS DateTime2), NULL, NULL, 1)
GO
INSERT [dbo].[groupObject] ([id], [groupId], [objectId], [notes], [addOb], [updateOb], [deleteOb], [showOb], [reportOb], [levelOb], [createDate], [updateDate], [createUserId], [updateUserId], [isActive]) VALUES (1053, 5, 71, N'', 0, 0, 0, 0, 0, 0, CAST(N'2022-03-27T14:17:32.6772792' AS DateTime2), CAST(N'2022-03-27T14:17:32.6772792' AS DateTime2), NULL, NULL, 1)
GO
INSERT [dbo].[groupObject] ([id], [groupId], [objectId], [notes], [addOb], [updateOb], [deleteOb], [showOb], [reportOb], [levelOb], [createDate], [updateDate], [createUserId], [updateUserId], [isActive]) VALUES (1054, 5, 72, N'', 0, 0, 0, 0, 0, 0, CAST(N'2022-03-27T14:17:32.6802738' AS DateTime2), CAST(N'2022-03-27T14:17:32.6802738' AS DateTime2), NULL, NULL, 1)
GO
INSERT [dbo].[groupObject] ([id], [groupId], [objectId], [notes], [addOb], [updateOb], [deleteOb], [showOb], [reportOb], [levelOb], [createDate], [updateDate], [createUserId], [updateUserId], [isActive]) VALUES (1055, 5, 73, N'', 0, 0, 0, 0, 0, 0, CAST(N'2022-03-27T14:17:32.6832634' AS DateTime2), CAST(N'2022-03-27T14:17:32.6832634' AS DateTime2), NULL, NULL, 1)
GO
INSERT [dbo].[groupObject] ([id], [groupId], [objectId], [notes], [addOb], [updateOb], [deleteOb], [showOb], [reportOb], [levelOb], [createDate], [updateDate], [createUserId], [updateUserId], [isActive]) VALUES (1056, 5, 74, N'', 0, 0, 0, 0, 0, 0, CAST(N'2022-03-27T14:17:32.6852665' AS DateTime2), CAST(N'2022-03-27T14:17:32.6852665' AS DateTime2), NULL, NULL, 1)
GO
INSERT [dbo].[groupObject] ([id], [groupId], [objectId], [notes], [addOb], [updateOb], [deleteOb], [showOb], [reportOb], [levelOb], [createDate], [updateDate], [createUserId], [updateUserId], [isActive]) VALUES (1057, 5, 75, N'', 0, 0, 0, 0, 0, 0, CAST(N'2022-03-27T14:17:32.6882513' AS DateTime2), CAST(N'2022-03-27T14:17:32.6882513' AS DateTime2), NULL, NULL, 1)
GO
INSERT [dbo].[groupObject] ([id], [groupId], [objectId], [notes], [addOb], [updateOb], [deleteOb], [showOb], [reportOb], [levelOb], [createDate], [updateDate], [createUserId], [updateUserId], [isActive]) VALUES (1058, 5, 76, N'', 0, 0, 0, 0, 0, 0, CAST(N'2022-03-27T14:17:32.6902460' AS DateTime2), CAST(N'2022-03-27T14:17:32.6902460' AS DateTime2), NULL, NULL, 1)
GO
INSERT [dbo].[groupObject] ([id], [groupId], [objectId], [notes], [addOb], [updateOb], [deleteOb], [showOb], [reportOb], [levelOb], [createDate], [updateDate], [createUserId], [updateUserId], [isActive]) VALUES (1059, 5, 77, N'', 0, 0, 0, 0, 0, 0, CAST(N'2022-03-27T14:17:32.6932384' AS DateTime2), CAST(N'2022-03-27T14:17:32.6932384' AS DateTime2), NULL, NULL, 1)
GO
INSERT [dbo].[groupObject] ([id], [groupId], [objectId], [notes], [addOb], [updateOb], [deleteOb], [showOb], [reportOb], [levelOb], [createDate], [updateDate], [createUserId], [updateUserId], [isActive]) VALUES (1060, 5, 78, N'', 0, 0, 0, 0, 0, 0, CAST(N'2022-03-27T14:17:32.6952324' AS DateTime2), CAST(N'2022-03-27T14:17:32.6952324' AS DateTime2), NULL, NULL, 1)
GO
INSERT [dbo].[groupObject] ([id], [groupId], [objectId], [notes], [addOb], [updateOb], [deleteOb], [showOb], [reportOb], [levelOb], [createDate], [updateDate], [createUserId], [updateUserId], [isActive]) VALUES (1061, 5, 79, N'', 0, 0, 0, 0, 0, 0, CAST(N'2022-03-27T14:17:32.6982228' AS DateTime2), CAST(N'2022-03-27T14:17:32.6982228' AS DateTime2), NULL, NULL, 1)
GO
INSERT [dbo].[groupObject] ([id], [groupId], [objectId], [notes], [addOb], [updateOb], [deleteOb], [showOb], [reportOb], [levelOb], [createDate], [updateDate], [createUserId], [updateUserId], [isActive]) VALUES (1062, 5, 80, N'', 0, 0, 0, 0, 0, 0, CAST(N'2022-03-27T14:17:32.7002210' AS DateTime2), CAST(N'2022-03-27T14:17:32.7002210' AS DateTime2), NULL, NULL, 1)
GO
INSERT [dbo].[groupObject] ([id], [groupId], [objectId], [notes], [addOb], [updateOb], [deleteOb], [showOb], [reportOb], [levelOb], [createDate], [updateDate], [createUserId], [updateUserId], [isActive]) VALUES (1063, 5, 81, N'', 0, 0, 0, 0, 0, 0, CAST(N'2022-03-27T14:17:32.7032110' AS DateTime2), CAST(N'2022-03-27T14:17:32.7032110' AS DateTime2), NULL, NULL, 1)
GO
INSERT [dbo].[groupObject] ([id], [groupId], [objectId], [notes], [addOb], [updateOb], [deleteOb], [showOb], [reportOb], [levelOb], [createDate], [updateDate], [createUserId], [updateUserId], [isActive]) VALUES (1064, 5, 82, N'', 0, 0, 0, 0, 0, 0, CAST(N'2022-03-27T14:17:32.7062037' AS DateTime2), CAST(N'2022-03-27T14:17:32.7062037' AS DateTime2), NULL, NULL, 1)
GO
INSERT [dbo].[groupObject] ([id], [groupId], [objectId], [notes], [addOb], [updateOb], [deleteOb], [showOb], [reportOb], [levelOb], [createDate], [updateDate], [createUserId], [updateUserId], [isActive]) VALUES (1065, 5, 83, N'', 0, 0, 0, 0, 0, 0, CAST(N'2022-03-27T14:17:32.7081981' AS DateTime2), CAST(N'2022-03-27T14:17:32.7081981' AS DateTime2), NULL, NULL, 1)
GO
INSERT [dbo].[groupObject] ([id], [groupId], [objectId], [notes], [addOb], [updateOb], [deleteOb], [showOb], [reportOb], [levelOb], [createDate], [updateDate], [createUserId], [updateUserId], [isActive]) VALUES (1066, 5, 84, N'', 0, 0, 0, 0, 0, 0, CAST(N'2022-03-27T14:17:32.7111897' AS DateTime2), CAST(N'2022-03-27T14:17:32.7111897' AS DateTime2), NULL, NULL, 1)
GO
INSERT [dbo].[groupObject] ([id], [groupId], [objectId], [notes], [addOb], [updateOb], [deleteOb], [showOb], [reportOb], [levelOb], [createDate], [updateDate], [createUserId], [updateUserId], [isActive]) VALUES (1067, 5, 85, N'', 0, 0, 0, 0, 0, 0, CAST(N'2022-03-27T14:17:32.7141809' AS DateTime2), CAST(N'2022-03-27T14:17:32.7141809' AS DateTime2), NULL, NULL, 1)
GO
INSERT [dbo].[groupObject] ([id], [groupId], [objectId], [notes], [addOb], [updateOb], [deleteOb], [showOb], [reportOb], [levelOb], [createDate], [updateDate], [createUserId], [updateUserId], [isActive]) VALUES (1068, 5, 86, N'', 0, 0, 0, 0, 0, 0, CAST(N'2022-03-27T14:17:32.7161775' AS DateTime2), CAST(N'2022-03-27T14:17:32.7161775' AS DateTime2), NULL, NULL, 1)
GO
INSERT [dbo].[groupObject] ([id], [groupId], [objectId], [notes], [addOb], [updateOb], [deleteOb], [showOb], [reportOb], [levelOb], [createDate], [updateDate], [createUserId], [updateUserId], [isActive]) VALUES (1069, 5, 87, N'', 0, 0, 0, 0, 0, 0, CAST(N'2022-03-27T14:17:32.7191676' AS DateTime2), CAST(N'2022-03-27T14:17:32.7191676' AS DateTime2), NULL, NULL, 1)
GO
INSERT [dbo].[groupObject] ([id], [groupId], [objectId], [notes], [addOb], [updateOb], [deleteOb], [showOb], [reportOb], [levelOb], [createDate], [updateDate], [createUserId], [updateUserId], [isActive]) VALUES (1070, 5, 88, N'', 0, 0, 0, 0, 0, 0, CAST(N'2022-03-27T14:17:32.7221592' AS DateTime2), CAST(N'2022-03-27T14:17:32.7221592' AS DateTime2), NULL, NULL, 1)
GO
INSERT [dbo].[groupObject] ([id], [groupId], [objectId], [notes], [addOb], [updateOb], [deleteOb], [showOb], [reportOb], [levelOb], [createDate], [updateDate], [createUserId], [updateUserId], [isActive]) VALUES (1071, 5, 89, N'', 0, 0, 0, 0, 0, 0, CAST(N'2022-03-27T14:17:32.7251511' AS DateTime2), CAST(N'2022-03-27T14:17:32.7251511' AS DateTime2), NULL, NULL, 1)
GO
INSERT [dbo].[groupObject] ([id], [groupId], [objectId], [notes], [addOb], [updateOb], [deleteOb], [showOb], [reportOb], [levelOb], [createDate], [updateDate], [createUserId], [updateUserId], [isActive]) VALUES (1072, 5, 90, N'', 0, 0, 0, 0, 0, 0, CAST(N'2022-03-27T14:17:32.7291429' AS DateTime2), CAST(N'2022-03-27T14:17:32.7291429' AS DateTime2), NULL, NULL, 1)
GO
INSERT [dbo].[groupObject] ([id], [groupId], [objectId], [notes], [addOb], [updateOb], [deleteOb], [showOb], [reportOb], [levelOb], [createDate], [updateDate], [createUserId], [updateUserId], [isActive]) VALUES (1073, 5, 91, N'', 0, 0, 0, 0, 0, 0, CAST(N'2022-03-27T14:17:32.7361527' AS DateTime2), CAST(N'2022-03-27T14:17:32.7361527' AS DateTime2), NULL, NULL, 1)
GO
INSERT [dbo].[groupObject] ([id], [groupId], [objectId], [notes], [addOb], [updateOb], [deleteOb], [showOb], [reportOb], [levelOb], [createDate], [updateDate], [createUserId], [updateUserId], [isActive]) VALUES (1074, 5, 92, N'', 0, 0, 0, 0, 0, 0, CAST(N'2022-03-27T14:17:32.7411085' AS DateTime2), CAST(N'2022-03-27T14:17:32.7411085' AS DateTime2), NULL, NULL, 1)
GO
INSERT [dbo].[groupObject] ([id], [groupId], [objectId], [notes], [addOb], [updateOb], [deleteOb], [showOb], [reportOb], [levelOb], [createDate], [updateDate], [createUserId], [updateUserId], [isActive]) VALUES (1075, 5, 93, N'', 0, 0, 0, 0, 0, 0, CAST(N'2022-03-27T14:17:32.7441004' AS DateTime2), CAST(N'2022-03-27T14:17:32.7441004' AS DateTime2), NULL, NULL, 1)
GO
INSERT [dbo].[groupObject] ([id], [groupId], [objectId], [notes], [addOb], [updateOb], [deleteOb], [showOb], [reportOb], [levelOb], [createDate], [updateDate], [createUserId], [updateUserId], [isActive]) VALUES (1076, 5, 94, N'', 0, 0, 0, 0, 0, 0, CAST(N'2022-03-27T14:17:32.7480899' AS DateTime2), CAST(N'2022-03-27T14:17:32.7480899' AS DateTime2), NULL, NULL, 1)
GO
INSERT [dbo].[groupObject] ([id], [groupId], [objectId], [notes], [addOb], [updateOb], [deleteOb], [showOb], [reportOb], [levelOb], [createDate], [updateDate], [createUserId], [updateUserId], [isActive]) VALUES (1077, 5, 95, N'', 0, 0, 0, 0, 0, 0, CAST(N'2022-03-27T14:17:32.7510819' AS DateTime2), CAST(N'2022-03-27T14:17:32.7510819' AS DateTime2), NULL, NULL, 1)
GO
INSERT [dbo].[groupObject] ([id], [groupId], [objectId], [notes], [addOb], [updateOb], [deleteOb], [showOb], [reportOb], [levelOb], [createDate], [updateDate], [createUserId], [updateUserId], [isActive]) VALUES (1078, 5, 96, N'', 2, 2, 2, 1, 2, 0, CAST(N'2022-03-27T14:17:32.7560682' AS DateTime2), CAST(N'2022-03-27T14:24:23.5835069' AS DateTime2), NULL, NULL, 1)
GO
INSERT [dbo].[groupObject] ([id], [groupId], [objectId], [notes], [addOb], [updateOb], [deleteOb], [showOb], [reportOb], [levelOb], [createDate], [updateDate], [createUserId], [updateUserId], [isActive]) VALUES (1079, 5, 97, N'', 2, 2, 2, 1, 2, 0, CAST(N'2022-03-27T14:17:32.7600577' AS DateTime2), CAST(N'2022-03-27T14:24:23.7331087' AS DateTime2), NULL, NULL, 1)
GO
INSERT [dbo].[groupObject] ([id], [groupId], [objectId], [notes], [addOb], [updateOb], [deleteOb], [showOb], [reportOb], [levelOb], [createDate], [updateDate], [createUserId], [updateUserId], [isActive]) VALUES (1080, 5, 98, N'', 2, 2, 2, 1, 2, 0, CAST(N'2022-03-27T14:17:32.7650441' AS DateTime2), CAST(N'2022-03-27T14:24:23.8896903' AS DateTime2), NULL, NULL, 1)
GO
INSERT [dbo].[groupObject] ([id], [groupId], [objectId], [notes], [addOb], [updateOb], [deleteOb], [showOb], [reportOb], [levelOb], [createDate], [updateDate], [createUserId], [updateUserId], [isActive]) VALUES (1081, 5, 99, N'', 2, 2, 2, 1, 2, 0, CAST(N'2022-03-27T14:17:32.7700330' AS DateTime2), CAST(N'2022-03-27T14:24:23.9884262' AS DateTime2), NULL, NULL, 1)
GO
INSERT [dbo].[groupObject] ([id], [groupId], [objectId], [notes], [addOb], [updateOb], [deleteOb], [showOb], [reportOb], [levelOb], [createDate], [updateDate], [createUserId], [updateUserId], [isActive]) VALUES (1082, 5, 100, N'', 2, 2, 2, 1, 2, 0, CAST(N'2022-03-27T14:17:32.7760147' AS DateTime2), CAST(N'2022-03-27T14:24:24.0572437' AS DateTime2), NULL, NULL, 1)
GO
INSERT [dbo].[groupObject] ([id], [groupId], [objectId], [notes], [addOb], [updateOb], [deleteOb], [showOb], [reportOb], [levelOb], [createDate], [updateDate], [createUserId], [updateUserId], [isActive]) VALUES (1083, 5, 101, N'', 2, 2, 2, 1, 2, 0, CAST(N'2022-03-27T14:17:32.7819982' AS DateTime2), CAST(N'2022-03-27T14:24:25.9651370' AS DateTime2), NULL, NULL, 1)
GO
INSERT [dbo].[groupObject] ([id], [groupId], [objectId], [notes], [addOb], [updateOb], [deleteOb], [showOb], [reportOb], [levelOb], [createDate], [updateDate], [createUserId], [updateUserId], [isActive]) VALUES (1084, 5, 102, N'', 2, 2, 2, 1, 2, 0, CAST(N'2022-03-27T14:17:32.7879836' AS DateTime2), CAST(N'2022-03-27T14:24:27.9727702' AS DateTime2), NULL, NULL, 1)
GO
INSERT [dbo].[groupObject] ([id], [groupId], [objectId], [notes], [addOb], [updateOb], [deleteOb], [showOb], [reportOb], [levelOb], [createDate], [updateDate], [createUserId], [updateUserId], [isActive]) VALUES (1085, 5, 103, N'', 0, 0, 0, 0, 0, 0, CAST(N'2022-03-27T14:17:32.7909748' AS DateTime2), CAST(N'2022-03-27T14:17:32.7909748' AS DateTime2), NULL, NULL, 1)
GO
INSERT [dbo].[groupObject] ([id], [groupId], [objectId], [notes], [addOb], [updateOb], [deleteOb], [showOb], [reportOb], [levelOb], [createDate], [updateDate], [createUserId], [updateUserId], [isActive]) VALUES (1086, 5, 104, N'', 0, 0, 0, 0, 0, 0, CAST(N'2022-03-27T14:17:32.7939702' AS DateTime2), CAST(N'2022-03-27T14:17:32.7939702' AS DateTime2), NULL, NULL, 1)
GO
INSERT [dbo].[groupObject] ([id], [groupId], [objectId], [notes], [addOb], [updateOb], [deleteOb], [showOb], [reportOb], [levelOb], [createDate], [updateDate], [createUserId], [updateUserId], [isActive]) VALUES (1087, 5, 105, N'', 0, 0, 0, 0, 0, 0, CAST(N'2022-03-27T14:17:32.7969591' AS DateTime2), CAST(N'2022-03-27T14:17:32.7969591' AS DateTime2), NULL, NULL, 1)
GO
INSERT [dbo].[groupObject] ([id], [groupId], [objectId], [notes], [addOb], [updateOb], [deleteOb], [showOb], [reportOb], [levelOb], [createDate], [updateDate], [createUserId], [updateUserId], [isActive]) VALUES (1088, 5, 106, N'', 0, 0, 0, 0, 0, 0, CAST(N'2022-03-27T14:17:32.7999507' AS DateTime2), CAST(N'2022-03-27T14:17:32.7999507' AS DateTime2), NULL, NULL, 1)
GO
INSERT [dbo].[groupObject] ([id], [groupId], [objectId], [notes], [addOb], [updateOb], [deleteOb], [showOb], [reportOb], [levelOb], [createDate], [updateDate], [createUserId], [updateUserId], [isActive]) VALUES (1089, 5, 107, N'', 0, 0, 0, 0, 0, 0, CAST(N'2022-03-27T14:17:32.8029438' AS DateTime2), CAST(N'2022-03-27T14:17:32.8029438' AS DateTime2), NULL, NULL, 1)
GO
INSERT [dbo].[groupObject] ([id], [groupId], [objectId], [notes], [addOb], [updateOb], [deleteOb], [showOb], [reportOb], [levelOb], [createDate], [updateDate], [createUserId], [updateUserId], [isActive]) VALUES (1090, 5, 108, N'', 0, 0, 0, 0, 0, 0, CAST(N'2022-03-27T14:17:32.8079290' AS DateTime2), CAST(N'2022-03-27T14:17:32.8079290' AS DateTime2), NULL, NULL, 1)
GO
INSERT [dbo].[groupObject] ([id], [groupId], [objectId], [notes], [addOb], [updateOb], [deleteOb], [showOb], [reportOb], [levelOb], [createDate], [updateDate], [createUserId], [updateUserId], [isActive]) VALUES (1091, 5, 109, N'', 0, 0, 0, 0, 0, 0, CAST(N'2022-03-27T14:17:32.8119204' AS DateTime2), CAST(N'2022-03-27T14:17:32.8119204' AS DateTime2), NULL, NULL, 1)
GO
INSERT [dbo].[groupObject] ([id], [groupId], [objectId], [notes], [addOb], [updateOb], [deleteOb], [showOb], [reportOb], [levelOb], [createDate], [updateDate], [createUserId], [updateUserId], [isActive]) VALUES (1092, 5, 110, N'', 0, 0, 0, 0, 0, 0, CAST(N'2022-03-27T14:17:32.8149108' AS DateTime2), CAST(N'2022-03-27T14:17:32.8149108' AS DateTime2), NULL, NULL, 1)
GO
INSERT [dbo].[groupObject] ([id], [groupId], [objectId], [notes], [addOb], [updateOb], [deleteOb], [showOb], [reportOb], [levelOb], [createDate], [updateDate], [createUserId], [updateUserId], [isActive]) VALUES (1093, 5, 111, N'', 0, 0, 0, 0, 0, 0, CAST(N'2022-03-27T14:17:32.8188999' AS DateTime2), CAST(N'2022-03-27T14:17:32.8188999' AS DateTime2), NULL, NULL, 1)
GO
INSERT [dbo].[groupObject] ([id], [groupId], [objectId], [notes], [addOb], [updateOb], [deleteOb], [showOb], [reportOb], [levelOb], [createDate], [updateDate], [createUserId], [updateUserId], [isActive]) VALUES (1094, 5, 112, N'', 0, 0, 0, 0, 0, 0, CAST(N'2022-03-27T14:17:32.8228895' AS DateTime2), CAST(N'2022-03-27T14:17:32.8228895' AS DateTime2), NULL, NULL, 1)
GO
INSERT [dbo].[groupObject] ([id], [groupId], [objectId], [notes], [addOb], [updateOb], [deleteOb], [showOb], [reportOb], [levelOb], [createDate], [updateDate], [createUserId], [updateUserId], [isActive]) VALUES (1095, 5, 113, N'', 0, 0, 0, 0, 0, 0, CAST(N'2022-03-27T14:17:32.8288730' AS DateTime2), CAST(N'2022-03-27T14:17:32.8288730' AS DateTime2), NULL, NULL, 1)
GO
INSERT [dbo].[groupObject] ([id], [groupId], [objectId], [notes], [addOb], [updateOb], [deleteOb], [showOb], [reportOb], [levelOb], [createDate], [updateDate], [createUserId], [updateUserId], [isActive]) VALUES (1096, 5, 114, N'', 0, 0, 0, 0, 0, 0, CAST(N'2022-03-27T14:17:32.8348569' AS DateTime2), CAST(N'2022-03-27T14:17:32.8348569' AS DateTime2), NULL, NULL, 1)
GO
INSERT [dbo].[groupObject] ([id], [groupId], [objectId], [notes], [addOb], [updateOb], [deleteOb], [showOb], [reportOb], [levelOb], [createDate], [updateDate], [createUserId], [updateUserId], [isActive]) VALUES (1097, 5, 115, N'', 0, 0, 0, 0, 0, 0, CAST(N'2022-03-27T14:17:32.8418384' AS DateTime2), CAST(N'2022-03-27T14:17:32.8418384' AS DateTime2), NULL, NULL, 1)
GO
INSERT [dbo].[groupObject] ([id], [groupId], [objectId], [notes], [addOb], [updateOb], [deleteOb], [showOb], [reportOb], [levelOb], [createDate], [updateDate], [createUserId], [updateUserId], [isActive]) VALUES (1098, 5, 116, N'', 0, 0, 0, 0, 0, 0, CAST(N'2022-03-27T14:17:32.8478234' AS DateTime2), CAST(N'2022-03-27T14:17:32.8478234' AS DateTime2), NULL, NULL, 1)
GO
INSERT [dbo].[groupObject] ([id], [groupId], [objectId], [notes], [addOb], [updateOb], [deleteOb], [showOb], [reportOb], [levelOb], [createDate], [updateDate], [createUserId], [updateUserId], [isActive]) VALUES (1099, 5, 117, N'', 0, 0, 0, 0, 0, 0, CAST(N'2022-03-27T14:17:32.8538081' AS DateTime2), CAST(N'2022-03-27T14:17:32.8538081' AS DateTime2), NULL, NULL, 1)
GO
INSERT [dbo].[groupObject] ([id], [groupId], [objectId], [notes], [addOb], [updateOb], [deleteOb], [showOb], [reportOb], [levelOb], [createDate], [updateDate], [createUserId], [updateUserId], [isActive]) VALUES (1100, 5, 118, N'', 0, 0, 0, 0, 0, 0, CAST(N'2022-03-27T14:17:32.8597904' AS DateTime2), CAST(N'2022-03-27T14:17:32.8597904' AS DateTime2), NULL, NULL, 1)
GO
INSERT [dbo].[groupObject] ([id], [groupId], [objectId], [notes], [addOb], [updateOb], [deleteOb], [showOb], [reportOb], [levelOb], [createDate], [updateDate], [createUserId], [updateUserId], [isActive]) VALUES (1101, 5, 119, N'', 0, 0, 0, 0, 0, 0, CAST(N'2022-03-27T14:17:32.8667746' AS DateTime2), CAST(N'2022-03-27T14:17:32.8667746' AS DateTime2), NULL, NULL, 1)
GO
INSERT [dbo].[groupObject] ([id], [groupId], [objectId], [notes], [addOb], [updateOb], [deleteOb], [showOb], [reportOb], [levelOb], [createDate], [updateDate], [createUserId], [updateUserId], [isActive]) VALUES (1102, 5, 120, N'', 0, 0, 0, 0, 0, 0, CAST(N'2022-03-27T14:17:32.8727558' AS DateTime2), CAST(N'2022-03-27T14:17:32.8727558' AS DateTime2), NULL, NULL, 1)
GO
INSERT [dbo].[groupObject] ([id], [groupId], [objectId], [notes], [addOb], [updateOb], [deleteOb], [showOb], [reportOb], [levelOb], [createDate], [updateDate], [createUserId], [updateUserId], [isActive]) VALUES (1103, 5, 121, N'', 0, 0, 0, 0, 0, 0, CAST(N'2022-03-27T14:17:32.8787409' AS DateTime2), CAST(N'2022-03-27T14:17:32.8787409' AS DateTime2), NULL, NULL, 1)
GO
INSERT [dbo].[groupObject] ([id], [groupId], [objectId], [notes], [addOb], [updateOb], [deleteOb], [showOb], [reportOb], [levelOb], [createDate], [updateDate], [createUserId], [updateUserId], [isActive]) VALUES (1104, 5, 122, N'', 0, 0, 0, 0, 0, 0, CAST(N'2022-03-27T14:17:32.8857212' AS DateTime2), CAST(N'2022-03-27T14:17:32.8857212' AS DateTime2), NULL, NULL, 1)
GO
INSERT [dbo].[groupObject] ([id], [groupId], [objectId], [notes], [addOb], [updateOb], [deleteOb], [showOb], [reportOb], [levelOb], [createDate], [updateDate], [createUserId], [updateUserId], [isActive]) VALUES (1105, 5, 123, N'', 0, 0, 0, 0, 0, 0, CAST(N'2022-03-27T14:17:32.8917058' AS DateTime2), CAST(N'2022-03-27T14:17:32.8917058' AS DateTime2), NULL, NULL, 1)
GO
INSERT [dbo].[groupObject] ([id], [groupId], [objectId], [notes], [addOb], [updateOb], [deleteOb], [showOb], [reportOb], [levelOb], [createDate], [updateDate], [createUserId], [updateUserId], [isActive]) VALUES (1106, 5, 124, N'', 0, 0, 0, 0, 0, 0, CAST(N'2022-03-27T14:17:32.8946993' AS DateTime2), CAST(N'2022-03-27T14:17:32.8946993' AS DateTime2), NULL, NULL, 1)
GO
INSERT [dbo].[groupObject] ([id], [groupId], [objectId], [notes], [addOb], [updateOb], [deleteOb], [showOb], [reportOb], [levelOb], [createDate], [updateDate], [createUserId], [updateUserId], [isActive]) VALUES (1107, 5, 125, N'', 0, 0, 0, 0, 0, 0, CAST(N'2022-03-27T14:17:32.8976894' AS DateTime2), CAST(N'2022-03-27T14:17:32.8976894' AS DateTime2), NULL, NULL, 1)
GO
INSERT [dbo].[groupObject] ([id], [groupId], [objectId], [notes], [addOb], [updateOb], [deleteOb], [showOb], [reportOb], [levelOb], [createDate], [updateDate], [createUserId], [updateUserId], [isActive]) VALUES (1108, 5, 126, N'', 0, 0, 0, 0, 0, 0, CAST(N'2022-03-27T14:17:32.9036733' AS DateTime2), CAST(N'2022-03-27T14:17:32.9036733' AS DateTime2), NULL, NULL, 1)
GO
INSERT [dbo].[groupObject] ([id], [groupId], [objectId], [notes], [addOb], [updateOb], [deleteOb], [showOb], [reportOb], [levelOb], [createDate], [updateDate], [createUserId], [updateUserId], [isActive]) VALUES (1109, 5, 127, N'', 0, 0, 0, 0, 0, 0, CAST(N'2022-03-27T14:17:32.9066660' AS DateTime2), CAST(N'2022-03-27T14:17:32.9066660' AS DateTime2), NULL, NULL, 1)
GO
INSERT [dbo].[groupObject] ([id], [groupId], [objectId], [notes], [addOb], [updateOb], [deleteOb], [showOb], [reportOb], [levelOb], [createDate], [updateDate], [createUserId], [updateUserId], [isActive]) VALUES (1110, 5, 128, N'', 0, 0, 0, 0, 0, 0, CAST(N'2022-03-27T14:17:32.9106544' AS DateTime2), CAST(N'2022-03-27T14:17:32.9106544' AS DateTime2), NULL, NULL, 1)
GO
INSERT [dbo].[groupObject] ([id], [groupId], [objectId], [notes], [addOb], [updateOb], [deleteOb], [showOb], [reportOb], [levelOb], [createDate], [updateDate], [createUserId], [updateUserId], [isActive]) VALUES (1111, 5, 129, N'', 1, 1, 1, 1, 1, 0, CAST(N'2022-03-27T14:17:32.9136471' AS DateTime2), CAST(N'2022-03-27T14:17:59.1794036' AS DateTime2), NULL, NULL, 1)
GO
INSERT [dbo].[groupObject] ([id], [groupId], [objectId], [notes], [addOb], [updateOb], [deleteOb], [showOb], [reportOb], [levelOb], [createDate], [updateDate], [createUserId], [updateUserId], [isActive]) VALUES (1112, 5, 130, N'', 1, 1, 1, 1, 1, 0, CAST(N'2022-03-27T14:17:32.9176362' AS DateTime2), CAST(N'2022-03-27T14:17:50.6262763' AS DateTime2), NULL, NULL, 1)
GO
INSERT [dbo].[groupObject] ([id], [groupId], [objectId], [notes], [addOb], [updateOb], [deleteOb], [showOb], [reportOb], [levelOb], [createDate], [updateDate], [createUserId], [updateUserId], [isActive]) VALUES (1113, 5, 131, N'', 2, 2, 2, 1, 2, 0, CAST(N'2022-03-27T14:17:32.9236201' AS DateTime2), CAST(N'2022-03-27T14:17:50.6971214' AS DateTime2), NULL, NULL, 1)
GO
INSERT [dbo].[groupObject] ([id], [groupId], [objectId], [notes], [addOb], [updateOb], [deleteOb], [showOb], [reportOb], [levelOb], [createDate], [updateDate], [createUserId], [updateUserId], [isActive]) VALUES (1114, 5, 132, N'', 1, 1, 1, 1, 1, 0, CAST(N'2022-03-27T14:17:32.9306023' AS DateTime2), CAST(N'2022-03-27T14:17:55.0843552' AS DateTime2), NULL, NULL, 1)
GO
INSERT [dbo].[groupObject] ([id], [groupId], [objectId], [notes], [addOb], [updateOb], [deleteOb], [showOb], [reportOb], [levelOb], [createDate], [updateDate], [createUserId], [updateUserId], [isActive]) VALUES (1115, 5, 133, N'', 1, 1, 1, 1, 1, 0, CAST(N'2022-03-27T14:17:32.9375827' AS DateTime2), CAST(N'2022-03-27T14:18:10.2807139' AS DateTime2), NULL, NULL, 1)
GO
INSERT [dbo].[groupObject] ([id], [groupId], [objectId], [notes], [addOb], [updateOb], [deleteOb], [showOb], [reportOb], [levelOb], [createDate], [updateDate], [createUserId], [updateUserId], [isActive]) VALUES (1116, 5, 134, N'', 2, 2, 2, 1, 2, 0, CAST(N'2022-03-27T14:17:32.9445642' AS DateTime2), CAST(N'2022-03-27T14:18:10.3874314' AS DateTime2), NULL, NULL, 1)
GO
INSERT [dbo].[groupObject] ([id], [groupId], [objectId], [notes], [addOb], [updateOb], [deleteOb], [showOb], [reportOb], [levelOb], [createDate], [updateDate], [createUserId], [updateUserId], [isActive]) VALUES (1117, 5, 135, N'', 1, 1, 1, 1, 1, 0, CAST(N'2022-03-27T14:17:32.9515456' AS DateTime2), CAST(N'2022-03-27T14:18:16.9458891' AS DateTime2), NULL, NULL, 1)
GO
INSERT [dbo].[groupObject] ([id], [groupId], [objectId], [notes], [addOb], [updateOb], [deleteOb], [showOb], [reportOb], [levelOb], [createDate], [updateDate], [createUserId], [updateUserId], [isActive]) VALUES (1118, 5, 136, N'', 2, 2, 2, 1, 2, 0, CAST(N'2022-03-27T14:17:32.9585263' AS DateTime2), CAST(N'2022-03-27T14:18:17.0137071' AS DateTime2), NULL, NULL, 1)
GO
INSERT [dbo].[groupObject] ([id], [groupId], [objectId], [notes], [addOb], [updateOb], [deleteOb], [showOb], [reportOb], [levelOb], [createDate], [updateDate], [createUserId], [updateUserId], [isActive]) VALUES (1119, 5, 137, N'', 1, 1, 1, 1, 1, 0, CAST(N'2022-03-27T14:17:32.9655082' AS DateTime2), CAST(N'2022-03-27T14:18:23.2809472' AS DateTime2), NULL, NULL, 1)
GO
INSERT [dbo].[groupObject] ([id], [groupId], [objectId], [notes], [addOb], [updateOb], [deleteOb], [showOb], [reportOb], [levelOb], [createDate], [updateDate], [createUserId], [updateUserId], [isActive]) VALUES (1120, 5, 138, N'', 2, 2, 2, 1, 2, 0, CAST(N'2022-03-27T14:17:32.9724893' AS DateTime2), CAST(N'2022-03-27T14:18:23.3228345' AS DateTime2), NULL, NULL, 1)
GO
INSERT [dbo].[groupObject] ([id], [groupId], [objectId], [notes], [addOb], [updateOb], [deleteOb], [showOb], [reportOb], [levelOb], [createDate], [updateDate], [createUserId], [updateUserId], [isActive]) VALUES (1121, 5, 139, N'', 1, 1, 1, 1, 1, 0, CAST(N'2022-03-27T14:17:32.9794704' AS DateTime2), CAST(N'2022-03-27T14:18:33.6711612' AS DateTime2), NULL, NULL, 1)
GO
INSERT [dbo].[groupObject] ([id], [groupId], [objectId], [notes], [addOb], [updateOb], [deleteOb], [showOb], [reportOb], [levelOb], [createDate], [updateDate], [createUserId], [updateUserId], [isActive]) VALUES (1122, 5, 140, N'', 2, 2, 2, 1, 2, 0, CAST(N'2022-03-27T14:17:32.9864515' AS DateTime2), CAST(N'2022-03-27T14:18:33.7110530' AS DateTime2), NULL, NULL, 1)
GO
INSERT [dbo].[groupObject] ([id], [groupId], [objectId], [notes], [addOb], [updateOb], [deleteOb], [showOb], [reportOb], [levelOb], [createDate], [updateDate], [createUserId], [updateUserId], [isActive]) VALUES (1123, 5, 141, N'', 1, 1, 1, 1, 1, 0, CAST(N'2022-03-27T14:17:32.9904414' AS DateTime2), CAST(N'2022-03-27T14:18:39.5494397' AS DateTime2), NULL, NULL, 1)
GO
INSERT [dbo].[groupObject] ([id], [groupId], [objectId], [notes], [addOb], [updateOb], [deleteOb], [showOb], [reportOb], [levelOb], [createDate], [updateDate], [createUserId], [updateUserId], [isActive]) VALUES (1124, 5, 142, N'', 2, 2, 2, 1, 2, 0, CAST(N'2022-03-27T14:17:32.9934337' AS DateTime2), CAST(N'2022-03-27T14:18:39.5953158' AS DateTime2), NULL, NULL, 1)
GO
INSERT [dbo].[groupObject] ([id], [groupId], [objectId], [notes], [addOb], [updateOb], [deleteOb], [showOb], [reportOb], [levelOb], [createDate], [updateDate], [createUserId], [updateUserId], [isActive]) VALUES (1125, 5, 143, N'', 1, 1, 1, 1, 1, 0, CAST(N'2022-03-27T14:17:32.9974228' AS DateTime2), CAST(N'2022-03-27T14:18:44.7275903' AS DateTime2), NULL, NULL, 1)
GO
INSERT [dbo].[groupObject] ([id], [groupId], [objectId], [notes], [addOb], [updateOb], [deleteOb], [showOb], [reportOb], [levelOb], [createDate], [updateDate], [createUserId], [updateUserId], [isActive]) VALUES (1126, 5, 144, N'', 2, 2, 2, 1, 2, 0, CAST(N'2022-03-27T14:17:33.0014124' AS DateTime2), CAST(N'2022-03-27T14:18:44.7894245' AS DateTime2), NULL, NULL, 1)
GO
INSERT [dbo].[groupObject] ([id], [groupId], [objectId], [notes], [addOb], [updateOb], [deleteOb], [showOb], [reportOb], [levelOb], [createDate], [updateDate], [createUserId], [updateUserId], [isActive]) VALUES (1127, 5, 145, N'', 2, 2, 2, 1, 2, 0, CAST(N'2022-03-27T14:17:33.0044043' AS DateTime2), CAST(N'2022-03-27T14:18:55.4698623' AS DateTime2), NULL, NULL, 1)
GO
INSERT [dbo].[groupObject] ([id], [groupId], [objectId], [notes], [addOb], [updateOb], [deleteOb], [showOb], [reportOb], [levelOb], [createDate], [updateDate], [createUserId], [updateUserId], [isActive]) VALUES (1128, 5, 146, N'', 2, 2, 2, 1, 2, 0, CAST(N'2022-03-27T14:17:33.0073966' AS DateTime2), CAST(N'2022-03-27T14:18:55.5257125' AS DateTime2), NULL, NULL, 1)
GO
INSERT [dbo].[groupObject] ([id], [groupId], [objectId], [notes], [addOb], [updateOb], [deleteOb], [showOb], [reportOb], [levelOb], [createDate], [updateDate], [createUserId], [updateUserId], [isActive]) VALUES (1129, 5, 147, N'', 2, 2, 2, 1, 2, 0, CAST(N'2022-03-27T14:17:33.0113869' AS DateTime2), CAST(N'2022-03-27T14:18:55.5875471' AS DateTime2), NULL, NULL, 1)
GO
INSERT [dbo].[groupObject] ([id], [groupId], [objectId], [notes], [addOb], [updateOb], [deleteOb], [showOb], [reportOb], [levelOb], [createDate], [updateDate], [createUserId], [updateUserId], [isActive]) VALUES (1130, 5, 148, N'', 2, 2, 2, 1, 2, 0, CAST(N'2022-03-27T14:17:33.0143781' AS DateTime2), CAST(N'2022-03-27T14:18:55.6473880' AS DateTime2), NULL, NULL, 1)
GO
INSERT [dbo].[groupObject] ([id], [groupId], [objectId], [notes], [addOb], [updateOb], [deleteOb], [showOb], [reportOb], [levelOb], [createDate], [updateDate], [createUserId], [updateUserId], [isActive]) VALUES (1131, 5, 149, N'', 2, 2, 2, 1, 2, 0, CAST(N'2022-03-27T14:17:33.0173697' AS DateTime2), CAST(N'2022-03-27T14:18:55.7102189' AS DateTime2), NULL, NULL, 1)
GO
INSERT [dbo].[groupObject] ([id], [groupId], [objectId], [notes], [addOb], [updateOb], [deleteOb], [showOb], [reportOb], [levelOb], [createDate], [updateDate], [createUserId], [updateUserId], [isActive]) VALUES (1132, 5, 150, N'', 2, 2, 2, 1, 2, 0, CAST(N'2022-03-27T14:17:33.0213588' AS DateTime2), CAST(N'2022-03-27T14:18:55.7860176' AS DateTime2), NULL, NULL, 1)
GO
INSERT [dbo].[groupObject] ([id], [groupId], [objectId], [notes], [addOb], [updateOb], [deleteOb], [showOb], [reportOb], [levelOb], [createDate], [updateDate], [createUserId], [updateUserId], [isActive]) VALUES (1133, 5, 151, N'', 2, 2, 2, 1, 2, 0, CAST(N'2022-03-27T14:17:33.0243515' AS DateTime2), CAST(N'2022-03-27T14:18:55.8299011' AS DateTime2), NULL, NULL, 1)
GO
INSERT [dbo].[groupObject] ([id], [groupId], [objectId], [notes], [addOb], [updateOb], [deleteOb], [showOb], [reportOb], [levelOb], [createDate], [updateDate], [createUserId], [updateUserId], [isActive]) VALUES (1134, 5, 152, N'', 2, 2, 2, 1, 2, 0, CAST(N'2022-03-27T14:17:33.0273431' AS DateTime2), CAST(N'2022-03-27T14:18:59.5100569' AS DateTime2), NULL, NULL, 1)
GO
INSERT [dbo].[groupObject] ([id], [groupId], [objectId], [notes], [addOb], [updateOb], [deleteOb], [showOb], [reportOb], [levelOb], [createDate], [updateDate], [createUserId], [updateUserId], [isActive]) VALUES (1135, 5, 153, N'', 2, 2, 2, 1, 2, 0, CAST(N'2022-03-27T14:17:33.0303351' AS DateTime2), CAST(N'2022-03-27T14:18:59.5599236' AS DateTime2), NULL, NULL, 1)
GO
INSERT [dbo].[groupObject] ([id], [groupId], [objectId], [notes], [addOb], [updateOb], [deleteOb], [showOb], [reportOb], [levelOb], [createDate], [updateDate], [createUserId], [updateUserId], [isActive]) VALUES (1136, 5, 154, N'', 2, 2, 2, 1, 2, 0, CAST(N'2022-03-27T14:17:33.0333270' AS DateTime2), CAST(N'2022-03-27T14:18:59.6397102' AS DateTime2), NULL, NULL, 1)
GO
INSERT [dbo].[groupObject] ([id], [groupId], [objectId], [notes], [addOb], [updateOb], [deleteOb], [showOb], [reportOb], [levelOb], [createDate], [updateDate], [createUserId], [updateUserId], [isActive]) VALUES (1137, 5, 155, N'', 2, 2, 2, 1, 2, 0, CAST(N'2022-03-27T14:17:33.0373184' AS DateTime2), CAST(N'2022-03-27T14:18:59.6815983' AS DateTime2), NULL, NULL, 1)
GO
INSERT [dbo].[groupObject] ([id], [groupId], [objectId], [notes], [addOb], [updateOb], [deleteOb], [showOb], [reportOb], [levelOb], [createDate], [updateDate], [createUserId], [updateUserId], [isActive]) VALUES (1138, 5, 156, N'', 1, 1, 1, 1, 1, 0, CAST(N'2022-03-27T14:17:33.0413060' AS DateTime2), CAST(N'2022-03-27T14:19:09.6439550' AS DateTime2), NULL, NULL, 1)
GO
INSERT [dbo].[groupObject] ([id], [groupId], [objectId], [notes], [addOb], [updateOb], [deleteOb], [showOb], [reportOb], [levelOb], [createDate], [updateDate], [createUserId], [updateUserId], [isActive]) VALUES (1139, 5, 157, N'', 2, 2, 2, 1, 2, 0, CAST(N'2022-03-27T14:17:33.0452944' AS DateTime2), CAST(N'2022-03-27T14:19:09.6798592' AS DateTime2), NULL, NULL, 1)
GO
INSERT [dbo].[groupObject] ([id], [groupId], [objectId], [notes], [addOb], [updateOb], [deleteOb], [showOb], [reportOb], [levelOb], [createDate], [updateDate], [createUserId], [updateUserId], [isActive]) VALUES (1140, 5, 158, N'', 1, 1, 1, 1, 1, 0, CAST(N'2022-03-27T14:17:33.0532757' AS DateTime2), CAST(N'2022-03-27T14:19:14.9647474' AS DateTime2), NULL, NULL, 1)
GO
INSERT [dbo].[groupObject] ([id], [groupId], [objectId], [notes], [addOb], [updateOb], [deleteOb], [showOb], [reportOb], [levelOb], [createDate], [updateDate], [createUserId], [updateUserId], [isActive]) VALUES (1141, 5, 159, N'', 2, 2, 2, 1, 2, 0, CAST(N'2022-03-27T14:17:33.0602561' AS DateTime2), CAST(N'2022-03-27T14:19:15.3078076' AS DateTime2), NULL, NULL, 1)
GO
INSERT [dbo].[groupObject] ([id], [groupId], [objectId], [notes], [addOb], [updateOb], [deleteOb], [showOb], [reportOb], [levelOb], [createDate], [updateDate], [createUserId], [updateUserId], [isActive]) VALUES (1142, 5, 160, N'', 1, 1, 1, 1, 1, 0, CAST(N'2022-03-27T14:17:33.0672353' AS DateTime2), CAST(N'2022-03-27T14:19:24.8822052' AS DateTime2), NULL, NULL, 1)
GO
INSERT [dbo].[groupObject] ([id], [groupId], [objectId], [notes], [addOb], [updateOb], [deleteOb], [showOb], [reportOb], [levelOb], [createDate], [updateDate], [createUserId], [updateUserId], [isActive]) VALUES (1143, 5, 161, N'', 2, 2, 2, 1, 2, 0, CAST(N'2022-03-27T14:17:33.0742179' AS DateTime2), CAST(N'2022-03-27T14:19:24.9769485' AS DateTime2), NULL, NULL, 1)
GO
INSERT [dbo].[groupObject] ([id], [groupId], [objectId], [notes], [addOb], [updateOb], [deleteOb], [showOb], [reportOb], [levelOb], [createDate], [updateDate], [createUserId], [updateUserId], [isActive]) VALUES (1144, 5, 162, N'', 2, 2, 2, 1, 2, 0, CAST(N'2022-03-27T14:17:33.0782067' AS DateTime2), CAST(N'2022-03-27T14:19:28.2073099' AS DateTime2), NULL, NULL, 1)
GO
INSERT [dbo].[groupObject] ([id], [groupId], [objectId], [notes], [addOb], [updateOb], [deleteOb], [showOb], [reportOb], [levelOb], [createDate], [updateDate], [createUserId], [updateUserId], [isActive]) VALUES (1145, 5, 163, N'', 2, 2, 2, 1, 2, 0, CAST(N'2022-03-27T14:17:33.0821965' AS DateTime2), CAST(N'2022-03-27T14:19:28.2851017' AS DateTime2), NULL, NULL, 1)
GO
INSERT [dbo].[groupObject] ([id], [groupId], [objectId], [notes], [addOb], [updateOb], [deleteOb], [showOb], [reportOb], [levelOb], [createDate], [updateDate], [createUserId], [updateUserId], [isActive]) VALUES (1146, 5, 164, N'', 2, 2, 2, 1, 2, 0, CAST(N'2022-03-27T14:17:33.0861853' AS DateTime2), CAST(N'2022-03-27T14:19:28.3190111' AS DateTime2), NULL, NULL, 1)
GO
INSERT [dbo].[groupObject] ([id], [groupId], [objectId], [notes], [addOb], [updateOb], [deleteOb], [showOb], [reportOb], [levelOb], [createDate], [updateDate], [createUserId], [updateUserId], [isActive]) VALUES (1147, 5, 165, N'', 2, 2, 2, 1, 2, 0, CAST(N'2022-03-27T14:17:33.0901745' AS DateTime2), CAST(N'2022-03-27T14:19:28.3848352' AS DateTime2), NULL, NULL, 1)
GO
INSERT [dbo].[groupObject] ([id], [groupId], [objectId], [notes], [addOb], [updateOb], [deleteOb], [showOb], [reportOb], [levelOb], [createDate], [updateDate], [createUserId], [updateUserId], [isActive]) VALUES (1148, 5, 166, N'', 2, 2, 2, 1, 2, 0, CAST(N'2022-03-27T14:17:33.0941640' AS DateTime2), CAST(N'2022-03-27T14:19:30.7006450' AS DateTime2), NULL, NULL, 1)
GO
INSERT [dbo].[groupObject] ([id], [groupId], [objectId], [notes], [addOb], [updateOb], [deleteOb], [showOb], [reportOb], [levelOb], [createDate], [updateDate], [createUserId], [updateUserId], [isActive]) VALUES (1149, 5, 167, N'', 2, 2, 2, 1, 2, 0, CAST(N'2022-03-27T14:17:33.1021430' AS DateTime2), CAST(N'2022-03-27T14:19:30.7535018' AS DateTime2), NULL, NULL, 1)
GO
INSERT [dbo].[groupObject] ([id], [groupId], [objectId], [notes], [addOb], [updateOb], [deleteOb], [showOb], [reportOb], [levelOb], [createDate], [updateDate], [createUserId], [updateUserId], [isActive]) VALUES (1150, 5, 168, N'', 2, 2, 2, 1, 2, 0, CAST(N'2022-03-27T14:17:33.1061325' AS DateTime2), CAST(N'2022-03-27T14:19:38.6704684' AS DateTime2), NULL, NULL, 1)
GO
INSERT [dbo].[groupObject] ([id], [groupId], [objectId], [notes], [addOb], [updateOb], [deleteOb], [showOb], [reportOb], [levelOb], [createDate], [updateDate], [createUserId], [updateUserId], [isActive]) VALUES (1151, 5, 169, N'', 2, 2, 2, 1, 2, 0, CAST(N'2022-03-27T14:17:33.1101217' AS DateTime2), CAST(N'2022-03-27T14:19:38.7273162' AS DateTime2), NULL, NULL, 1)
GO
INSERT [dbo].[groupObject] ([id], [groupId], [objectId], [notes], [addOb], [updateOb], [deleteOb], [showOb], [reportOb], [levelOb], [createDate], [updateDate], [createUserId], [updateUserId], [isActive]) VALUES (1152, 5, 170, N'', 2, 2, 2, 1, 2, 0, CAST(N'2022-03-27T14:17:33.1141108' AS DateTime2), CAST(N'2022-03-27T14:19:38.7911455' AS DateTime2), NULL, NULL, 1)
GO
INSERT [dbo].[groupObject] ([id], [groupId], [objectId], [notes], [addOb], [updateOb], [deleteOb], [showOb], [reportOb], [levelOb], [createDate], [updateDate], [createUserId], [updateUserId], [isActive]) VALUES (1153, 5, 171, N'', 2, 2, 2, 1, 2, 0, CAST(N'2022-03-27T14:17:33.1181007' AS DateTime2), CAST(N'2022-03-27T14:19:38.8509875' AS DateTime2), NULL, NULL, 1)
GO
INSERT [dbo].[groupObject] ([id], [groupId], [objectId], [notes], [addOb], [updateOb], [deleteOb], [showOb], [reportOb], [levelOb], [createDate], [updateDate], [createUserId], [updateUserId], [isActive]) VALUES (1154, 5, 172, N'', 2, 2, 2, 1, 2, 0, CAST(N'2022-03-27T14:17:33.1260790' AS DateTime2), CAST(N'2022-03-27T14:19:38.9018492' AS DateTime2), NULL, NULL, 1)
GO
INSERT [dbo].[groupObject] ([id], [groupId], [objectId], [notes], [addOb], [updateOb], [deleteOb], [showOb], [reportOb], [levelOb], [createDate], [updateDate], [createUserId], [updateUserId], [isActive]) VALUES (1155, 5, 173, N'', 2, 2, 2, 1, 2, 0, CAST(N'2022-03-27T14:17:33.1350541' AS DateTime2), CAST(N'2022-03-27T14:19:38.9377534' AS DateTime2), NULL, NULL, 1)
GO
INSERT [dbo].[groupObject] ([id], [groupId], [objectId], [notes], [addOb], [updateOb], [deleteOb], [showOb], [reportOb], [levelOb], [createDate], [updateDate], [createUserId], [updateUserId], [isActive]) VALUES (1156, 5, 174, N'', 2, 2, 2, 1, 2, 0, CAST(N'2022-03-27T14:17:33.1430335' AS DateTime2), CAST(N'2022-03-27T14:19:40.8556257' AS DateTime2), NULL, NULL, 1)
GO
INSERT [dbo].[groupObject] ([id], [groupId], [objectId], [notes], [addOb], [updateOb], [deleteOb], [showOb], [reportOb], [levelOb], [createDate], [updateDate], [createUserId], [updateUserId], [isActive]) VALUES (1157, 5, 175, N'', 2, 2, 2, 1, 2, 0, CAST(N'2022-03-27T14:17:33.1500150' AS DateTime2), CAST(N'2022-03-27T14:19:40.8995089' AS DateTime2), NULL, NULL, 1)
GO
INSERT [dbo].[groupObject] ([id], [groupId], [objectId], [notes], [addOb], [updateOb], [deleteOb], [showOb], [reportOb], [levelOb], [createDate], [updateDate], [createUserId], [updateUserId], [isActive]) VALUES (1158, 5, 176, N'', 2, 2, 2, 1, 2, 0, CAST(N'2022-03-27T14:17:33.1540045' AS DateTime2), CAST(N'2022-03-27T14:19:46.2282565' AS DateTime2), NULL, NULL, 1)
GO
INSERT [dbo].[groupObject] ([id], [groupId], [objectId], [notes], [addOb], [updateOb], [deleteOb], [showOb], [reportOb], [levelOb], [createDate], [updateDate], [createUserId], [updateUserId], [isActive]) VALUES (1159, 5, 177, N'', 2, 2, 2, 1, 2, 0, CAST(N'2022-03-27T14:17:33.1619854' AS DateTime2), CAST(N'2022-03-27T14:19:46.2801169' AS DateTime2), NULL, NULL, 1)
GO
INSERT [dbo].[groupObject] ([id], [groupId], [objectId], [notes], [addOb], [updateOb], [deleteOb], [showOb], [reportOb], [levelOb], [createDate], [updateDate], [createUserId], [updateUserId], [isActive]) VALUES (1160, 5, 178, N'', 2, 2, 2, 1, 2, 0, CAST(N'2022-03-27T14:17:33.1699611' AS DateTime2), CAST(N'2022-03-27T14:19:48.7734494' AS DateTime2), NULL, NULL, 1)
GO
INSERT [dbo].[groupObject] ([id], [groupId], [objectId], [notes], [addOb], [updateOb], [deleteOb], [showOb], [reportOb], [levelOb], [createDate], [updateDate], [createUserId], [updateUserId], [isActive]) VALUES (1161, 5, 179, N'', 2, 2, 2, 1, 2, 0, CAST(N'2022-03-27T14:17:33.1739514' AS DateTime2), CAST(N'2022-03-27T14:19:48.8253101' AS DateTime2), NULL, NULL, 1)
GO
INSERT [dbo].[groupObject] ([id], [groupId], [objectId], [notes], [addOb], [updateOb], [deleteOb], [showOb], [reportOb], [levelOb], [createDate], [updateDate], [createUserId], [updateUserId], [isActive]) VALUES (1162, 5, 180, N'', 2, 2, 2, 1, 2, 0, CAST(N'2022-03-27T14:17:33.1779409' AS DateTime2), CAST(N'2022-03-27T14:19:51.2498277' AS DateTime2), NULL, NULL, 1)
GO
INSERT [dbo].[groupObject] ([id], [groupId], [objectId], [notes], [addOb], [updateOb], [deleteOb], [showOb], [reportOb], [levelOb], [createDate], [updateDate], [createUserId], [updateUserId], [isActive]) VALUES (1163, 5, 181, N'', 2, 2, 2, 1, 2, 0, CAST(N'2022-03-27T14:17:33.1819296' AS DateTime2), CAST(N'2022-03-27T14:19:51.2947066' AS DateTime2), NULL, NULL, 1)
GO
INSERT [dbo].[groupObject] ([id], [groupId], [objectId], [notes], [addOb], [updateOb], [deleteOb], [showOb], [reportOb], [levelOb], [createDate], [updateDate], [createUserId], [updateUserId], [isActive]) VALUES (1164, 5, 182, N'', 2, 2, 2, 1, 2, 0, CAST(N'2022-03-27T14:17:33.1859195' AS DateTime2), CAST(N'2022-03-27T14:19:51.3326044' AS DateTime2), NULL, NULL, 1)
GO
INSERT [dbo].[groupObject] ([id], [groupId], [objectId], [notes], [addOb], [updateOb], [deleteOb], [showOb], [reportOb], [levelOb], [createDate], [updateDate], [createUserId], [updateUserId], [isActive]) VALUES (1165, 5, 183, N'', 0, 0, 0, 0, 0, 0, CAST(N'2022-03-27T14:17:33.1899083' AS DateTime2), CAST(N'2022-03-27T14:17:33.1899083' AS DateTime2), NULL, NULL, 1)
GO
INSERT [dbo].[groupObject] ([id], [groupId], [objectId], [notes], [addOb], [updateOb], [deleteOb], [showOb], [reportOb], [levelOb], [createDate], [updateDate], [createUserId], [updateUserId], [isActive]) VALUES (1166, 5, 184, N'', 0, 0, 0, 0, 0, 0, CAST(N'2022-03-27T14:17:33.1938982' AS DateTime2), CAST(N'2022-03-27T14:17:33.1938982' AS DateTime2), NULL, NULL, 1)
GO
INSERT [dbo].[groupObject] ([id], [groupId], [objectId], [notes], [addOb], [updateOb], [deleteOb], [showOb], [reportOb], [levelOb], [createDate], [updateDate], [createUserId], [updateUserId], [isActive]) VALUES (1167, 5, 185, N'', 1, 1, 1, 1, 1, 0, CAST(N'2022-03-27T14:17:33.1978873' AS DateTime2), CAST(N'2022-03-27T14:23:00.1665942' AS DateTime2), NULL, NULL, 1)
GO
INSERT [dbo].[groupObject] ([id], [groupId], [objectId], [notes], [addOb], [updateOb], [deleteOb], [showOb], [reportOb], [levelOb], [createDate], [updateDate], [createUserId], [updateUserId], [isActive]) VALUES (1168, 5, 186, N'', 1, 1, 1, 1, 1, 0, CAST(N'2022-03-27T14:17:33.2008793' AS DateTime2), CAST(N'2022-03-27T14:23:05.4953444' AS DateTime2), NULL, NULL, 1)
GO
INSERT [dbo].[groupObject] ([id], [groupId], [objectId], [notes], [addOb], [updateOb], [deleteOb], [showOb], [reportOb], [levelOb], [createDate], [updateDate], [createUserId], [updateUserId], [isActive]) VALUES (1169, 5, 187, N'', 2, 2, 2, 1, 2, 0, CAST(N'2022-03-27T14:17:33.2058668' AS DateTime2), CAST(N'2022-03-27T14:23:05.5631618' AS DateTime2), NULL, NULL, 1)
GO
INSERT [dbo].[groupObject] ([id], [groupId], [objectId], [notes], [addOb], [updateOb], [deleteOb], [showOb], [reportOb], [levelOb], [createDate], [updateDate], [createUserId], [updateUserId], [isActive]) VALUES (1170, 5, 188, N'', 1, 1, 1, 1, 1, 0, CAST(N'2022-03-27T14:17:33.2098555' AS DateTime2), CAST(N'2022-03-27T14:23:14.5461419' AS DateTime2), NULL, NULL, 1)
GO
INSERT [dbo].[groupObject] ([id], [groupId], [objectId], [notes], [addOb], [updateOb], [deleteOb], [showOb], [reportOb], [levelOb], [createDate], [updateDate], [createUserId], [updateUserId], [isActive]) VALUES (1171, 5, 189, N'', 1, 1, 1, 1, 1, 0, CAST(N'2022-03-27T14:17:33.2148422' AS DateTime2), CAST(N'2022-03-27T14:23:18.5723725' AS DateTime2), NULL, NULL, 1)
GO
INSERT [dbo].[groupObject] ([id], [groupId], [objectId], [notes], [addOb], [updateOb], [deleteOb], [showOb], [reportOb], [levelOb], [createDate], [updateDate], [createUserId], [updateUserId], [isActive]) VALUES (1172, 5, 190, N'', 1, 1, 1, 1, 1, 0, CAST(N'2022-03-27T14:17:33.2238177' AS DateTime2), CAST(N'2022-03-27T14:23:24.1793810' AS DateTime2), NULL, NULL, 1)
GO
INSERT [dbo].[groupObject] ([id], [groupId], [objectId], [notes], [addOb], [updateOb], [deleteOb], [showOb], [reportOb], [levelOb], [createDate], [updateDate], [createUserId], [updateUserId], [isActive]) VALUES (1173, 5, 191, N'', 2, 2, 2, 1, 2, 0, CAST(N'2022-03-27T14:17:33.2278087' AS DateTime2), CAST(N'2022-03-27T14:23:24.2352267' AS DateTime2), NULL, NULL, 1)
GO
INSERT [dbo].[groupObject] ([id], [groupId], [objectId], [notes], [addOb], [updateOb], [deleteOb], [showOb], [reportOb], [levelOb], [createDate], [updateDate], [createUserId], [updateUserId], [isActive]) VALUES (1174, 5, 192, N'', 1, 1, 1, 1, 1, 0, CAST(N'2022-03-27T14:17:33.2367835' AS DateTime2), CAST(N'2022-03-27T14:23:32.9608900' AS DateTime2), NULL, NULL, 1)
GO
INSERT [dbo].[groupObject] ([id], [groupId], [objectId], [notes], [addOb], [updateOb], [deleteOb], [showOb], [reportOb], [levelOb], [createDate], [updateDate], [createUserId], [updateUserId], [isActive]) VALUES (1175, 5, 193, N'', 2, 2, 2, 1, 2, 0, CAST(N'2022-03-27T14:17:33.2457582' AS DateTime2), CAST(N'2022-03-27T14:23:33.0646134' AS DateTime2), NULL, NULL, 1)
GO
INSERT [dbo].[groupObject] ([id], [groupId], [objectId], [notes], [addOb], [updateOb], [deleteOb], [showOb], [reportOb], [levelOb], [createDate], [updateDate], [createUserId], [updateUserId], [isActive]) VALUES (1176, 5, 194, N'', 1, 1, 1, 1, 1, 0, CAST(N'2022-03-27T14:17:33.2537368' AS DateTime2), CAST(N'2022-03-27T14:23:38.8272014' AS DateTime2), NULL, NULL, 1)
GO
INSERT [dbo].[groupObject] ([id], [groupId], [objectId], [notes], [addOb], [updateOb], [deleteOb], [showOb], [reportOb], [levelOb], [createDate], [updateDate], [createUserId], [updateUserId], [isActive]) VALUES (1177, 5, 195, N'', 2, 2, 2, 1, 2, 0, CAST(N'2022-03-27T14:17:33.2627127' AS DateTime2), CAST(N'2022-03-27T14:23:38.8930266' AS DateTime2), NULL, NULL, 1)
GO
INSERT [dbo].[groupObject] ([id], [groupId], [objectId], [notes], [addOb], [updateOb], [deleteOb], [showOb], [reportOb], [levelOb], [createDate], [updateDate], [createUserId], [updateUserId], [isActive]) VALUES (1178, 5, 196, N'', 1, 1, 1, 1, 1, 0, CAST(N'2022-03-27T14:17:33.2716889' AS DateTime2), CAST(N'2022-03-27T14:23:44.0562205' AS DateTime2), NULL, NULL, 1)
GO
INSERT [dbo].[groupObject] ([id], [groupId], [objectId], [notes], [addOb], [updateOb], [deleteOb], [showOb], [reportOb], [levelOb], [createDate], [updateDate], [createUserId], [updateUserId], [isActive]) VALUES (1179, 5, 197, N'', 0, 0, 0, 0, 0, 0, CAST(N'2022-03-27T14:17:33.2806678' AS DateTime2), CAST(N'2022-03-27T14:17:33.2806678' AS DateTime2), NULL, NULL, 1)
GO
INSERT [dbo].[groupObject] ([id], [groupId], [objectId], [notes], [addOb], [updateOb], [deleteOb], [showOb], [reportOb], [levelOb], [createDate], [updateDate], [createUserId], [updateUserId], [isActive]) VALUES (1180, 5, 198, N'', 0, 0, 0, 0, 0, 0, CAST(N'2022-03-27T14:17:33.2896410' AS DateTime2), CAST(N'2022-03-27T14:17:33.2896410' AS DateTime2), NULL, NULL, 1)
GO
INSERT [dbo].[groupObject] ([id], [groupId], [objectId], [notes], [addOb], [updateOb], [deleteOb], [showOb], [reportOb], [levelOb], [createDate], [updateDate], [createUserId], [updateUserId], [isActive]) VALUES (1181, 5, 199, N'', 1, 1, 1, 1, 1, 0, CAST(N'2022-03-27T14:17:33.2956253' AS DateTime2), CAST(N'2022-03-27T14:23:55.6282692' AS DateTime2), NULL, NULL, 1)
GO
INSERT [dbo].[groupObject] ([id], [groupId], [objectId], [notes], [addOb], [updateOb], [deleteOb], [showOb], [reportOb], [levelOb], [createDate], [updateDate], [createUserId], [updateUserId], [isActive]) VALUES (1182, 5, 200, N'', 0, 0, 0, 0, 0, 0, CAST(N'2022-03-27T14:17:33.2996156' AS DateTime2), CAST(N'2022-03-27T14:17:33.2996156' AS DateTime2), NULL, NULL, 1)
GO
INSERT [dbo].[groupObject] ([id], [groupId], [objectId], [notes], [addOb], [updateOb], [deleteOb], [showOb], [reportOb], [levelOb], [createDate], [updateDate], [createUserId], [updateUserId], [isActive]) VALUES (1183, 5, 201, N'', 0, 0, 0, 0, 0, 0, CAST(N'2022-03-27T14:17:33.3046049' AS DateTime2), CAST(N'2022-03-27T14:17:33.3046049' AS DateTime2), NULL, NULL, 1)
GO
INSERT [dbo].[groupObject] ([id], [groupId], [objectId], [notes], [addOb], [updateOb], [deleteOb], [showOb], [reportOb], [levelOb], [createDate], [updateDate], [createUserId], [updateUserId], [isActive]) VALUES (1184, 5, 202, N'', 0, 0, 0, 0, 0, 0, CAST(N'2022-03-27T14:17:33.3085907' AS DateTime2), CAST(N'2022-03-27T14:17:33.3085907' AS DateTime2), NULL, NULL, 1)
GO
INSERT [dbo].[groupObject] ([id], [groupId], [objectId], [notes], [addOb], [updateOb], [deleteOb], [showOb], [reportOb], [levelOb], [createDate], [updateDate], [createUserId], [updateUserId], [isActive]) VALUES (1185, 5, 203, N'', 1, 1, 1, 1, 1, 0, CAST(N'2022-03-27T14:17:33.3135770' AS DateTime2), CAST(N'2022-03-27T14:21:10.0849922' AS DateTime2), NULL, NULL, 1)
GO
INSERT [dbo].[groupObject] ([id], [groupId], [objectId], [notes], [addOb], [updateOb], [deleteOb], [showOb], [reportOb], [levelOb], [createDate], [updateDate], [createUserId], [updateUserId], [isActive]) VALUES (1186, 5, 204, N'', 2, 2, 2, 1, 2, 0, CAST(N'2022-03-27T14:17:33.3175665' AS DateTime2), CAST(N'2022-03-27T14:21:10.1248862' AS DateTime2), NULL, NULL, 1)
GO
INSERT [dbo].[groupObject] ([id], [groupId], [objectId], [notes], [addOb], [updateOb], [deleteOb], [showOb], [reportOb], [levelOb], [createDate], [updateDate], [createUserId], [updateUserId], [isActive]) VALUES (1187, 5, 205, N'', 2, 2, 2, 1, 2, 0, CAST(N'2022-03-27T14:17:33.3215572' AS DateTime2), CAST(N'2022-03-27T14:21:12.9982010' AS DateTime2), NULL, NULL, 1)
GO
INSERT [dbo].[groupObject] ([id], [groupId], [objectId], [notes], [addOb], [updateOb], [deleteOb], [showOb], [reportOb], [levelOb], [createDate], [updateDate], [createUserId], [updateUserId], [isActive]) VALUES (1188, 5, 206, N'', 2, 2, 2, 1, 2, 0, CAST(N'2022-03-27T14:17:33.3255456' AS DateTime2), CAST(N'2022-03-27T14:21:13.0610365' AS DateTime2), NULL, NULL, 1)
GO
INSERT [dbo].[groupObject] ([id], [groupId], [objectId], [notes], [addOb], [updateOb], [deleteOb], [showOb], [reportOb], [levelOb], [createDate], [updateDate], [createUserId], [updateUserId], [isActive]) VALUES (1189, 5, 207, N'', 2, 2, 2, 1, 2, 0, CAST(N'2022-03-27T14:17:33.3295355' AS DateTime2), CAST(N'2022-03-27T14:21:14.9958593' AS DateTime2), NULL, NULL, 1)
GO
INSERT [dbo].[groupObject] ([id], [groupId], [objectId], [notes], [addOb], [updateOb], [deleteOb], [showOb], [reportOb], [levelOb], [createDate], [updateDate], [createUserId], [updateUserId], [isActive]) VALUES (1190, 5, 208, N'', 2, 2, 2, 1, 2, 0, CAST(N'2022-03-27T14:17:33.3345218' AS DateTime2), CAST(N'2022-03-27T14:21:15.0836268' AS DateTime2), NULL, NULL, 1)
GO
INSERT [dbo].[groupObject] ([id], [groupId], [objectId], [notes], [addOb], [updateOb], [deleteOb], [showOb], [reportOb], [levelOb], [createDate], [updateDate], [createUserId], [updateUserId], [isActive]) VALUES (1191, 5, 209, N'', 2, 2, 2, 1, 2, 0, CAST(N'2022-03-27T14:17:33.3385106' AS DateTime2), CAST(N'2022-03-27T14:21:17.0024938' AS DateTime2), NULL, NULL, 1)
GO
INSERT [dbo].[groupObject] ([id], [groupId], [objectId], [notes], [addOb], [updateOb], [deleteOb], [showOb], [reportOb], [levelOb], [createDate], [updateDate], [createUserId], [updateUserId], [isActive]) VALUES (1192, 5, 210, N'', 2, 2, 2, 1, 2, 0, CAST(N'2022-03-27T14:17:33.3434973' AS DateTime2), CAST(N'2022-03-27T14:21:17.0493708' AS DateTime2), NULL, NULL, 1)
GO
INSERT [dbo].[groupObject] ([id], [groupId], [objectId], [notes], [addOb], [updateOb], [deleteOb], [showOb], [reportOb], [levelOb], [createDate], [updateDate], [createUserId], [updateUserId], [isActive]) VALUES (1193, 5, 211, N'', 2, 2, 2, 1, 2, 0, CAST(N'2022-03-27T14:17:33.3514755' AS DateTime2), CAST(N'2022-03-27T14:21:19.1726883' AS DateTime2), NULL, NULL, 1)
GO
INSERT [dbo].[groupObject] ([id], [groupId], [objectId], [notes], [addOb], [updateOb], [deleteOb], [showOb], [reportOb], [levelOb], [createDate], [updateDate], [createUserId], [updateUserId], [isActive]) VALUES (1194, 5, 212, N'', 2, 2, 2, 1, 2, 0, CAST(N'2022-03-27T14:17:33.3594538' AS DateTime2), CAST(N'2022-03-27T14:21:19.2464907' AS DateTime2), NULL, NULL, 1)
GO
INSERT [dbo].[groupObject] ([id], [groupId], [objectId], [notes], [addOb], [updateOb], [deleteOb], [showOb], [reportOb], [levelOb], [createDate], [updateDate], [createUserId], [updateUserId], [isActive]) VALUES (1195, 5, 213, N'', 2, 2, 2, 1, 2, 0, CAST(N'2022-03-27T14:17:33.3684301' AS DateTime2), CAST(N'2022-03-27T14:21:22.0280548' AS DateTime2), NULL, NULL, 1)
GO
INSERT [dbo].[groupObject] ([id], [groupId], [objectId], [notes], [addOb], [updateOb], [deleteOb], [showOb], [reportOb], [levelOb], [createDate], [updateDate], [createUserId], [updateUserId], [isActive]) VALUES (1196, 5, 214, N'', 2, 2, 2, 1, 2, 0, CAST(N'2022-03-27T14:17:33.3744140' AS DateTime2), CAST(N'2022-03-27T14:21:22.0958714' AS DateTime2), NULL, NULL, 1)
GO
INSERT [dbo].[groupObject] ([id], [groupId], [objectId], [notes], [addOb], [updateOb], [deleteOb], [showOb], [reportOb], [levelOb], [createDate], [updateDate], [createUserId], [updateUserId], [isActive]) VALUES (1197, 5, 215, N'', 2, 2, 2, 1, 2, 0, CAST(N'2022-03-27T14:17:33.3843874' AS DateTime2), CAST(N'2022-03-27T14:21:22.1756573' AS DateTime2), NULL, NULL, 1)
GO
INSERT [dbo].[groupObject] ([id], [groupId], [objectId], [notes], [addOb], [updateOb], [deleteOb], [showOb], [reportOb], [levelOb], [createDate], [updateDate], [createUserId], [updateUserId], [isActive]) VALUES (1198, 5, 216, N'', 0, 0, 0, 0, 0, 0, CAST(N'2022-03-27T14:17:33.3933632' AS DateTime2), CAST(N'2022-03-27T14:17:33.3933632' AS DateTime2), NULL, NULL, 1)
GO
INSERT [dbo].[groupObject] ([id], [groupId], [objectId], [notes], [addOb], [updateOb], [deleteOb], [showOb], [reportOb], [levelOb], [createDate], [updateDate], [createUserId], [updateUserId], [isActive]) VALUES (1199, 5, 217, N'', 2, 2, 2, 1, 2, 0, CAST(N'2022-03-27T14:17:33.4023395' AS DateTime2), CAST(N'2022-03-27T14:17:41.8896427' AS DateTime2), NULL, NULL, 1)
GO
INSERT [dbo].[groupObject] ([id], [groupId], [objectId], [notes], [addOb], [updateOb], [deleteOb], [showOb], [reportOb], [levelOb], [createDate], [updateDate], [createUserId], [updateUserId], [isActive]) VALUES (1200, 5, 218, N'', 2, 2, 2, 1, 2, 0, CAST(N'2022-03-27T14:17:33.4113153' AS DateTime2), CAST(N'2022-03-27T14:17:41.9375151' AS DateTime2), NULL, NULL, 1)
GO
INSERT [dbo].[groupObject] ([id], [groupId], [objectId], [notes], [addOb], [updateOb], [deleteOb], [showOb], [reportOb], [levelOb], [createDate], [updateDate], [createUserId], [updateUserId], [isActive]) VALUES (1201, 5, 219, N'', 2, 2, 2, 1, 2, 0, CAST(N'2022-03-27T14:17:33.4212887' AS DateTime2), CAST(N'2022-03-27T14:24:01.3469759' AS DateTime2), NULL, NULL, 1)
GO
INSERT [dbo].[groupObject] ([id], [groupId], [objectId], [notes], [addOb], [updateOb], [deleteOb], [showOb], [reportOb], [levelOb], [createDate], [updateDate], [createUserId], [updateUserId], [isActive]) VALUES (1202, 5, 220, N'', 2, 2, 2, 1, 2, 0, CAST(N'2022-03-27T14:17:33.4312618' AS DateTime2), CAST(N'2022-03-27T14:24:01.4666577' AS DateTime2), NULL, NULL, 1)
GO
INSERT [dbo].[groupObject] ([id], [groupId], [objectId], [notes], [addOb], [updateOb], [deleteOb], [showOb], [reportOb], [levelOb], [createDate], [updateDate], [createUserId], [updateUserId], [isActive]) VALUES (1203, 5, 221, N'', 0, 0, 0, 0, 0, 0, CAST(N'2022-03-27T14:17:33.4402392' AS DateTime2), CAST(N'2022-03-27T14:17:33.4402392' AS DateTime2), NULL, NULL, 1)
GO
INSERT [dbo].[groupObject] ([id], [groupId], [objectId], [notes], [addOb], [updateOb], [deleteOb], [showOb], [reportOb], [levelOb], [createDate], [updateDate], [createUserId], [updateUserId], [isActive]) VALUES (1204, 5, 222, N'', 2, 2, 2, 1, 2, 0, CAST(N'2022-03-27T14:17:33.4442279' AS DateTime2), CAST(N'2022-03-27T14:24:03.8123848' AS DateTime2), NULL, NULL, 1)
GO
INSERT [dbo].[groupObject] ([id], [groupId], [objectId], [notes], [addOb], [updateOb], [deleteOb], [showOb], [reportOb], [levelOb], [createDate], [updateDate], [createUserId], [updateUserId], [isActive]) VALUES (1205, 5, 223, N'', 1, 1, 1, 1, 1, 0, CAST(N'2022-03-27T14:17:33.4482171' AS DateTime2), CAST(N'2022-03-27T14:24:09.0703213' AS DateTime2), NULL, NULL, 1)
GO
INSERT [dbo].[groupObject] ([id], [groupId], [objectId], [notes], [addOb], [updateOb], [deleteOb], [showOb], [reportOb], [levelOb], [createDate], [updateDate], [createUserId], [updateUserId], [isActive]) VALUES (1206, 5, 224, N'', 2, 2, 2, 1, 2, 0, CAST(N'2022-03-27T14:17:33.4522066' AS DateTime2), CAST(N'2022-03-27T14:24:09.1530983' AS DateTime2), NULL, NULL, 1)
GO
INSERT [dbo].[groupObject] ([id], [groupId], [objectId], [notes], [addOb], [updateOb], [deleteOb], [showOb], [reportOb], [levelOb], [createDate], [updateDate], [createUserId], [updateUserId], [isActive]) VALUES (1207, 5, 225, N'', 0, 0, 0, 0, 0, 0, CAST(N'2022-03-27T14:17:33.4571937' AS DateTime2), CAST(N'2022-03-27T14:17:33.4571937' AS DateTime2), NULL, NULL, 1)
GO
INSERT [dbo].[groupObject] ([id], [groupId], [objectId], [notes], [addOb], [updateOb], [deleteOb], [showOb], [reportOb], [levelOb], [createDate], [updateDate], [createUserId], [updateUserId], [isActive]) VALUES (1208, 5, 226, N'', 2, 2, 2, 1, 2, 0, CAST(N'2022-03-27T14:17:33.4611824' AS DateTime2), CAST(N'2022-03-27T14:24:10.7308790' AS DateTime2), NULL, NULL, 1)
GO
INSERT [dbo].[groupObject] ([id], [groupId], [objectId], [notes], [addOb], [updateOb], [deleteOb], [showOb], [reportOb], [levelOb], [createDate], [updateDate], [createUserId], [updateUserId], [isActive]) VALUES (1209, 5, 227, N'', 1, 1, 1, 1, 1, 0, CAST(N'2022-03-27T14:17:33.4661729' AS DateTime2), CAST(N'2022-03-27T14:24:16.0167433' AS DateTime2), NULL, NULL, 1)
GO
INSERT [dbo].[groupObject] ([id], [groupId], [objectId], [notes], [addOb], [updateOb], [deleteOb], [showOb], [reportOb], [levelOb], [createDate], [updateDate], [createUserId], [updateUserId], [isActive]) VALUES (1210, 5, 228, N'', 2, 2, 2, 1, 2, 0, CAST(N'2022-03-27T14:17:33.4701594' AS DateTime2), CAST(N'2022-03-27T14:24:17.8049627' AS DateTime2), NULL, NULL, 1)
GO
INSERT [dbo].[groupObject] ([id], [groupId], [objectId], [notes], [addOb], [updateOb], [deleteOb], [showOb], [reportOb], [levelOb], [createDate], [updateDate], [createUserId], [updateUserId], [isActive]) VALUES (1211, 5, 229, N'', 2, 2, 2, 1, 2, 0, CAST(N'2022-03-27T14:17:33.4751465' AS DateTime2), CAST(N'2022-03-27T14:21:26.6776179' AS DateTime2), NULL, NULL, 1)
GO
INSERT [dbo].[groupObject] ([id], [groupId], [objectId], [notes], [addOb], [updateOb], [deleteOb], [showOb], [reportOb], [levelOb], [createDate], [updateDate], [createUserId], [updateUserId], [isActive]) VALUES (1212, 5, 230, N'', 2, 2, 2, 1, 2, 0, CAST(N'2022-03-27T14:17:33.4801317' AS DateTime2), CAST(N'2022-03-27T14:21:28.0928326' AS DateTime2), NULL, NULL, 1)
GO
INSERT [dbo].[groupObject] ([id], [groupId], [objectId], [notes], [addOb], [updateOb], [deleteOb], [showOb], [reportOb], [levelOb], [createDate], [updateDate], [createUserId], [updateUserId], [isActive]) VALUES (1213, 5, 231, N'', 2, 2, 2, 1, 2, 0, CAST(N'2022-03-27T14:17:33.4901055' AS DateTime2), CAST(N'2022-03-27T14:21:29.6566508' AS DateTime2), NULL, NULL, 1)
GO
INSERT [dbo].[groupObject] ([id], [groupId], [objectId], [notes], [addOb], [updateOb], [deleteOb], [showOb], [reportOb], [levelOb], [createDate], [updateDate], [createUserId], [updateUserId], [isActive]) VALUES (1214, 5, 232, N'', 2, 2, 2, 1, 2, 0, CAST(N'2022-03-27T14:17:33.5000786' AS DateTime2), CAST(N'2022-03-27T14:21:31.7490546' AS DateTime2), NULL, NULL, 1)
GO
INSERT [dbo].[groupObject] ([id], [groupId], [objectId], [notes], [addOb], [updateOb], [deleteOb], [showOb], [reportOb], [levelOb], [createDate], [updateDate], [createUserId], [updateUserId], [isActive]) VALUES (1215, 5, 233, N'', 2, 2, 2, 1, 2, 0, CAST(N'2022-03-27T14:17:33.5090574' AS DateTime2), CAST(N'2022-03-27T14:21:33.2769694' AS DateTime2), NULL, NULL, 1)
GO
INSERT [dbo].[groupObject] ([id], [groupId], [objectId], [notes], [addOb], [updateOb], [deleteOb], [showOb], [reportOb], [levelOb], [createDate], [updateDate], [createUserId], [updateUserId], [isActive]) VALUES (1216, 5, 234, N'', 2, 2, 2, 1, 2, 0, CAST(N'2022-03-27T14:17:33.5140419' AS DateTime2), CAST(N'2022-03-27T14:21:35.1858644' AS DateTime2), NULL, NULL, 1)
GO
INSERT [dbo].[groupObject] ([id], [groupId], [objectId], [notes], [addOb], [updateOb], [deleteOb], [showOb], [reportOb], [levelOb], [createDate], [updateDate], [createUserId], [updateUserId], [isActive]) VALUES (1217, 5, 235, N'', 2, 2, 2, 1, 2, 0, CAST(N'2022-03-27T14:17:33.5230166' AS DateTime2), CAST(N'2022-03-27T14:21:41.1189963' AS DateTime2), NULL, NULL, 1)
GO
INSERT [dbo].[groupObject] ([id], [groupId], [objectId], [notes], [addOb], [updateOb], [deleteOb], [showOb], [reportOb], [levelOb], [createDate], [updateDate], [createUserId], [updateUserId], [isActive]) VALUES (1218, 5, 236, N'', 2, 2, 2, 1, 2, 0, CAST(N'2022-03-27T14:17:33.5329942' AS DateTime2), CAST(N'2022-03-27T14:21:42.5900617' AS DateTime2), NULL, NULL, 1)
GO
INSERT [dbo].[groupObject] ([id], [groupId], [objectId], [notes], [addOb], [updateOb], [deleteOb], [showOb], [reportOb], [levelOb], [createDate], [updateDate], [createUserId], [updateUserId], [isActive]) VALUES (1219, 5, 237, N'', 2, 2, 2, 1, 2, 0, CAST(N'2022-03-27T14:17:33.5429638' AS DateTime2), CAST(N'2022-03-27T14:21:44.0401846' AS DateTime2), NULL, NULL, 1)
GO
INSERT [dbo].[groupObject] ([id], [groupId], [objectId], [notes], [addOb], [updateOb], [deleteOb], [showOb], [reportOb], [levelOb], [createDate], [updateDate], [createUserId], [updateUserId], [isActive]) VALUES (1220, 5, 238, N'', 2, 2, 2, 1, 2, 0, CAST(N'2022-03-27T14:17:33.5529365' AS DateTime2), CAST(N'2022-03-27T14:21:48.3107640' AS DateTime2), NULL, NULL, 1)
GO
INSERT [dbo].[groupObject] ([id], [groupId], [objectId], [notes], [addOb], [updateOb], [deleteOb], [showOb], [reportOb], [levelOb], [createDate], [updateDate], [createUserId], [updateUserId], [isActive]) VALUES (1221, 5, 239, N'', 2, 2, 2, 1, 2, 0, CAST(N'2022-03-27T14:17:33.5579239' AS DateTime2), CAST(N'2022-03-27T14:21:49.9344204' AS DateTime2), NULL, NULL, 1)
GO
INSERT [dbo].[groupObject] ([id], [groupId], [objectId], [notes], [addOb], [updateOb], [deleteOb], [showOb], [reportOb], [levelOb], [createDate], [updateDate], [createUserId], [updateUserId], [isActive]) VALUES (1222, 5, 240, N'', 2, 2, 2, 1, 2, 0, CAST(N'2022-03-27T14:17:33.5629110' AS DateTime2), CAST(N'2022-03-27T14:21:51.4433874' AS DateTime2), NULL, NULL, 1)
GO
INSERT [dbo].[groupObject] ([id], [groupId], [objectId], [notes], [addOb], [updateOb], [deleteOb], [showOb], [reportOb], [levelOb], [createDate], [updateDate], [createUserId], [updateUserId], [isActive]) VALUES (1223, 5, 241, N'', 2, 2, 2, 1, 2, 0, CAST(N'2022-03-27T14:17:33.5678970' AS DateTime2), CAST(N'2022-03-27T14:21:52.8446374' AS DateTime2), NULL, NULL, 1)
GO
INSERT [dbo].[groupObject] ([id], [groupId], [objectId], [notes], [addOb], [updateOb], [deleteOb], [showOb], [reportOb], [levelOb], [createDate], [updateDate], [createUserId], [updateUserId], [isActive]) VALUES (1224, 5, 242, N'', 2, 2, 2, 1, 2, 0, CAST(N'2022-03-27T14:17:33.5728837' AS DateTime2), CAST(N'2022-03-27T14:21:56.5796492' AS DateTime2), NULL, NULL, 1)
GO
INSERT [dbo].[groupObject] ([id], [groupId], [objectId], [notes], [addOb], [updateOb], [deleteOb], [showOb], [reportOb], [levelOb], [createDate], [updateDate], [createUserId], [updateUserId], [isActive]) VALUES (1225, 5, 243, N'', 2, 2, 2, 1, 2, 0, CAST(N'2022-03-27T14:17:33.5778708' AS DateTime2), CAST(N'2022-03-27T14:22:49.9309678' AS DateTime2), NULL, NULL, 1)
GO
INSERT [dbo].[groupObject] ([id], [groupId], [objectId], [notes], [addOb], [updateOb], [deleteOb], [showOb], [reportOb], [levelOb], [createDate], [updateDate], [createUserId], [updateUserId], [isActive]) VALUES (1226, 5, 244, N'', 2, 2, 2, 1, 2, 0, CAST(N'2022-03-27T14:17:33.5848515' AS DateTime2), CAST(N'2022-03-27T14:41:16.2330869' AS DateTime2), NULL, NULL, 1)
GO
INSERT [dbo].[groupObject] ([id], [groupId], [objectId], [notes], [addOb], [updateOb], [deleteOb], [showOb], [reportOb], [levelOb], [createDate], [updateDate], [createUserId], [updateUserId], [isActive]) VALUES (1227, 5, 245, N'', 2, 2, 2, 1, 2, 0, CAST(N'2022-03-27T14:17:33.5948249' AS DateTime2), CAST(N'2022-03-27T14:41:18.1180467' AS DateTime2), NULL, NULL, 1)
GO
INSERT [dbo].[groupObject] ([id], [groupId], [objectId], [notes], [addOb], [updateOb], [deleteOb], [showOb], [reportOb], [levelOb], [createDate], [updateDate], [createUserId], [updateUserId], [isActive]) VALUES (1228, 5, 246, N'', 2, 2, 2, 1, 2, 0, CAST(N'2022-03-27T14:17:33.6097858' AS DateTime2), CAST(N'2022-03-27T14:41:19.4335261' AS DateTime2), NULL, NULL, 1)
GO
INSERT [dbo].[groupObject] ([id], [groupId], [objectId], [notes], [addOb], [updateOb], [deleteOb], [showOb], [reportOb], [levelOb], [createDate], [updateDate], [createUserId], [updateUserId], [isActive]) VALUES (1229, 5, 247, N'', 2, 2, 2, 1, 2, 0, CAST(N'2022-03-27T14:17:33.6217536' AS DateTime2), CAST(N'2022-03-27T14:41:20.7859096' AS DateTime2), NULL, NULL, 1)
GO
INSERT [dbo].[groupObject] ([id], [groupId], [objectId], [notes], [addOb], [updateOb], [deleteOb], [showOb], [reportOb], [levelOb], [createDate], [updateDate], [createUserId], [updateUserId], [isActive]) VALUES (1230, 5, 248, N'', 2, 2, 2, 1, 2, 0, CAST(N'2022-03-27T14:17:33.6297319' AS DateTime2), CAST(N'2022-03-27T14:41:22.4065756' AS DateTime2), NULL, NULL, 1)
GO
INSERT [dbo].[groupObject] ([id], [groupId], [objectId], [notes], [addOb], [updateOb], [deleteOb], [showOb], [reportOb], [levelOb], [createDate], [updateDate], [createUserId], [updateUserId], [isActive]) VALUES (1231, 5, 249, N'', 2, 2, 2, 1, 2, 0, CAST(N'2022-03-27T14:17:33.6337214' AS DateTime2), CAST(N'2022-03-27T14:41:23.6642137' AS DateTime2), NULL, NULL, 1)
GO
INSERT [dbo].[groupObject] ([id], [groupId], [objectId], [notes], [addOb], [updateOb], [deleteOb], [showOb], [reportOb], [levelOb], [createDate], [updateDate], [createUserId], [updateUserId], [isActive]) VALUES (1232, 5, 250, N'', 2, 2, 2, 1, 2, 0, CAST(N'2022-03-27T14:17:33.6387081' AS DateTime2), CAST(N'2022-03-27T14:41:25.2409976' AS DateTime2), NULL, NULL, 1)
GO
INSERT [dbo].[groupObject] ([id], [groupId], [objectId], [notes], [addOb], [updateOb], [deleteOb], [showOb], [reportOb], [levelOb], [createDate], [updateDate], [createUserId], [updateUserId], [isActive]) VALUES (1233, 5, 251, N'', 2, 2, 2, 1, 2, 0, CAST(N'2022-03-27T14:17:33.6436945' AS DateTime2), CAST(N'2022-03-27T14:41:28.1901096' AS DateTime2), NULL, NULL, 1)
GO
INSERT [dbo].[groupObject] ([id], [groupId], [objectId], [notes], [addOb], [updateOb], [deleteOb], [showOb], [reportOb], [levelOb], [createDate], [updateDate], [createUserId], [updateUserId], [isActive]) VALUES (1234, 5, 252, N'', 2, 2, 2, 1, 2, 0, CAST(N'2022-03-27T14:17:33.6496784' AS DateTime2), CAST(N'2022-03-27T14:41:30.5019245' AS DateTime2), NULL, NULL, 1)
GO
INSERT [dbo].[groupObject] ([id], [groupId], [objectId], [notes], [addOb], [updateOb], [deleteOb], [showOb], [reportOb], [levelOb], [createDate], [updateDate], [createUserId], [updateUserId], [isActive]) VALUES (1235, 5, 253, N'', 1, 1, 1, 1, 1, 0, CAST(N'2022-03-27T14:17:33.6546651' AS DateTime2), CAST(N'2022-03-27T14:20:14.6362826' AS DateTime2), NULL, NULL, 1)
GO
INSERT [dbo].[groupObject] ([id], [groupId], [objectId], [notes], [addOb], [updateOb], [deleteOb], [showOb], [reportOb], [levelOb], [createDate], [updateDate], [createUserId], [updateUserId], [isActive]) VALUES (1236, 5, 254, N'', 2, 2, 2, 1, 2, 0, CAST(N'2022-03-27T14:17:33.6646378' AS DateTime2), CAST(N'2022-03-27T14:20:14.6801673' AS DateTime2), NULL, NULL, 1)
GO
INSERT [dbo].[groupObject] ([id], [groupId], [objectId], [notes], [addOb], [updateOb], [deleteOb], [showOb], [reportOb], [levelOb], [createDate], [updateDate], [createUserId], [updateUserId], [isActive]) VALUES (1237, 5, 255, N'', 2, 2, 2, 1, 2, 0, CAST(N'2022-03-27T14:17:33.6756106' AS DateTime2), CAST(N'2022-03-27T14:20:18.8101204' AS DateTime2), NULL, NULL, 1)
GO
INSERT [dbo].[groupObject] ([id], [groupId], [objectId], [notes], [addOb], [updateOb], [deleteOb], [showOb], [reportOb], [levelOb], [createDate], [updateDate], [createUserId], [updateUserId], [isActive]) VALUES (1238, 5, 256, N'', 2, 2, 2, 1, 2, 0, CAST(N'2022-03-27T14:17:33.6855822' AS DateTime2), CAST(N'2022-03-27T14:20:18.8789357' AS DateTime2), NULL, NULL, 1)
GO
INSERT [dbo].[groupObject] ([id], [groupId], [objectId], [notes], [addOb], [updateOb], [deleteOb], [showOb], [reportOb], [levelOb], [createDate], [updateDate], [createUserId], [updateUserId], [isActive]) VALUES (1239, 5, 257, N'', 2, 2, 2, 1, 2, 0, CAST(N'2022-03-27T14:17:33.6965535' AS DateTime2), CAST(N'2022-03-27T14:20:18.9467537' AS DateTime2), NULL, NULL, 1)
GO
INSERT [dbo].[groupObject] ([id], [groupId], [objectId], [notes], [addOb], [updateOb], [deleteOb], [showOb], [reportOb], [levelOb], [createDate], [updateDate], [createUserId], [updateUserId], [isActive]) VALUES (1240, 5, 258, N'', 2, 2, 2, 1, 2, 0, CAST(N'2022-03-27T14:17:33.7035346' AS DateTime2), CAST(N'2022-03-27T14:20:18.9976199' AS DateTime2), NULL, NULL, 1)
GO
INSERT [dbo].[groupObject] ([id], [groupId], [objectId], [notes], [addOb], [updateOb], [deleteOb], [showOb], [reportOb], [levelOb], [createDate], [updateDate], [createUserId], [updateUserId], [isActive]) VALUES (1241, 5, 259, N'', 2, 2, 2, 1, 2, 0, CAST(N'2022-03-27T14:17:33.7145045' AS DateTime2), CAST(N'2022-03-27T14:20:19.0365145' AS DateTime2), NULL, NULL, 1)
GO
INSERT [dbo].[groupObject] ([id], [groupId], [objectId], [notes], [addOb], [updateOb], [deleteOb], [showOb], [reportOb], [levelOb], [createDate], [updateDate], [createUserId], [updateUserId], [isActive]) VALUES (1242, 5, 260, N'', 1, 1, 1, 1, 1, 0, CAST(N'2022-03-27T14:17:33.7244821' AS DateTime2), CAST(N'2022-03-27T14:20:28.0543975' AS DateTime2), NULL, NULL, 1)
GO
INSERT [dbo].[groupObject] ([id], [groupId], [objectId], [notes], [addOb], [updateOb], [deleteOb], [showOb], [reportOb], [levelOb], [createDate], [updateDate], [createUserId], [updateUserId], [isActive]) VALUES (1243, 5, 261, N'', 1, 1, 1, 1, 1, 0, CAST(N'2022-03-27T14:17:33.7354504' AS DateTime2), CAST(N'2022-03-27T14:20:36.7002753' AS DateTime2), NULL, NULL, 1)
GO
INSERT [dbo].[groupObject] ([id], [groupId], [objectId], [notes], [addOb], [updateOb], [deleteOb], [showOb], [reportOb], [levelOb], [createDate], [updateDate], [createUserId], [updateUserId], [isActive]) VALUES (1244, 5, 262, N'', 1, 1, 1, 1, 1, 0, CAST(N'2022-03-27T14:17:33.7424296' AS DateTime2), CAST(N'2022-03-27T14:20:36.7631097' AS DateTime2), NULL, NULL, 1)
GO
INSERT [dbo].[groupObject] ([id], [groupId], [objectId], [notes], [addOb], [updateOb], [deleteOb], [showOb], [reportOb], [levelOb], [createDate], [updateDate], [createUserId], [updateUserId], [isActive]) VALUES (1245, 5, 263, N'', 1, 1, 1, 1, 1, 0, CAST(N'2022-03-27T14:17:33.7474212' AS DateTime2), CAST(N'2022-03-27T14:20:42.2105386' AS DateTime2), NULL, NULL, 1)
GO
INSERT [dbo].[groupObject] ([id], [groupId], [objectId], [notes], [addOb], [updateOb], [deleteOb], [showOb], [reportOb], [levelOb], [createDate], [updateDate], [createUserId], [updateUserId], [isActive]) VALUES (1246, 5, 264, N'', 2, 2, 2, 1, 2, 0, CAST(N'2022-03-27T14:17:33.7534048' AS DateTime2), CAST(N'2022-03-27T14:20:49.4491795' AS DateTime2), NULL, NULL, 1)
GO
INSERT [dbo].[groupObject] ([id], [groupId], [objectId], [notes], [addOb], [updateOb], [deleteOb], [showOb], [reportOb], [levelOb], [createDate], [updateDate], [createUserId], [updateUserId], [isActive]) VALUES (1247, 5, 265, N'', 2, 2, 2, 1, 2, 0, CAST(N'2022-03-27T14:17:33.7593868' AS DateTime2), CAST(N'2022-03-27T14:20:51.5974374' AS DateTime2), NULL, NULL, 1)
GO
INSERT [dbo].[groupObject] ([id], [groupId], [objectId], [notes], [addOb], [updateOb], [deleteOb], [showOb], [reportOb], [levelOb], [createDate], [updateDate], [createUserId], [updateUserId], [isActive]) VALUES (1248, 5, 266, N'', 2, 2, 2, 1, 2, 0, CAST(N'2022-03-27T14:17:33.7643716' AS DateTime2), CAST(N'2022-03-27T14:20:51.6453071' AS DateTime2), NULL, NULL, 1)
GO
INSERT [dbo].[groupObject] ([id], [groupId], [objectId], [notes], [addOb], [updateOb], [deleteOb], [showOb], [reportOb], [levelOb], [createDate], [updateDate], [createUserId], [updateUserId], [isActive]) VALUES (1249, 5, 267, N'', 2, 2, 2, 1, 2, 0, CAST(N'2022-03-27T14:17:33.7693587' AS DateTime2), CAST(N'2022-03-27T14:20:55.7802481' AS DateTime2), NULL, NULL, 1)
GO
INSERT [dbo].[groupObject] ([id], [groupId], [objectId], [notes], [addOb], [updateOb], [deleteOb], [showOb], [reportOb], [levelOb], [createDate], [updateDate], [createUserId], [updateUserId], [isActive]) VALUES (1250, 5, 268, N'', 0, 0, 0, 0, 0, 0, CAST(N'2022-03-27T14:17:33.7753422' AS DateTime2), CAST(N'2022-03-27T14:17:33.7753422' AS DateTime2), NULL, NULL, 1)
GO
INSERT [dbo].[groupObject] ([id], [groupId], [objectId], [notes], [addOb], [updateOb], [deleteOb], [showOb], [reportOb], [levelOb], [createDate], [updateDate], [createUserId], [updateUserId], [isActive]) VALUES (1251, 5, 269, N'', 0, 0, 0, 0, 0, 0, CAST(N'2022-03-27T14:17:33.7803289' AS DateTime2), CAST(N'2022-03-27T14:17:33.7803289' AS DateTime2), NULL, NULL, 1)
GO
INSERT [dbo].[groupObject] ([id], [groupId], [objectId], [notes], [addOb], [updateOb], [deleteOb], [showOb], [reportOb], [levelOb], [createDate], [updateDate], [createUserId], [updateUserId], [isActive]) VALUES (1252, 5, 270, N'', 2, 2, 2, 1, 2, 0, CAST(N'2022-03-27T14:17:33.7853156' AS DateTime2), CAST(N'2022-03-27T14:20:58.4570921' AS DateTime2), NULL, NULL, 1)
GO
INSERT [dbo].[groupObject] ([id], [groupId], [objectId], [notes], [addOb], [updateOb], [deleteOb], [showOb], [reportOb], [levelOb], [createDate], [updateDate], [createUserId], [updateUserId], [isActive]) VALUES (1253, 5, 271, N'', 0, 0, 0, 0, 0, 0, CAST(N'2022-03-27T14:17:33.7952891' AS DateTime2), CAST(N'2022-03-27T14:17:33.7952891' AS DateTime2), NULL, NULL, 1)
GO
INSERT [dbo].[groupObject] ([id], [groupId], [objectId], [notes], [addOb], [updateOb], [deleteOb], [showOb], [reportOb], [levelOb], [createDate], [updateDate], [createUserId], [updateUserId], [isActive]) VALUES (1254, 5, 272, N'', 0, 0, 0, 0, 0, 0, CAST(N'2022-03-27T14:17:33.8062593' AS DateTime2), CAST(N'2022-03-27T14:17:33.8062593' AS DateTime2), NULL, NULL, 1)
GO
INSERT [dbo].[groupObject] ([id], [groupId], [objectId], [notes], [addOb], [updateOb], [deleteOb], [showOb], [reportOb], [levelOb], [createDate], [updateDate], [createUserId], [updateUserId], [isActive]) VALUES (1255, 5, 273, N'', 0, 0, 0, 0, 0, 0, CAST(N'2022-03-27T14:17:33.8172299' AS DateTime2), CAST(N'2022-03-27T14:17:33.8172299' AS DateTime2), NULL, NULL, 1)
GO
INSERT [dbo].[groupObject] ([id], [groupId], [objectId], [notes], [addOb], [updateOb], [deleteOb], [showOb], [reportOb], [levelOb], [createDate], [updateDate], [createUserId], [updateUserId], [isActive]) VALUES (1256, 5, 274, N'', 0, 0, 0, 0, 0, 0, CAST(N'2022-03-27T14:17:33.8282020' AS DateTime2), CAST(N'2022-03-27T14:17:33.8282020' AS DateTime2), NULL, NULL, 1)
GO
INSERT [dbo].[groupObject] ([id], [groupId], [objectId], [notes], [addOb], [updateOb], [deleteOb], [showOb], [reportOb], [levelOb], [createDate], [updateDate], [createUserId], [updateUserId], [isActive]) VALUES (1257, 5, 275, N'', 0, 0, 0, 0, 0, 0, CAST(N'2022-03-27T14:17:33.8381754' AS DateTime2), CAST(N'2022-03-27T14:17:33.8381754' AS DateTime2), NULL, NULL, 1)
GO
INSERT [dbo].[groupObject] ([id], [groupId], [objectId], [notes], [addOb], [updateOb], [deleteOb], [showOb], [reportOb], [levelOb], [createDate], [updateDate], [createUserId], [updateUserId], [isActive]) VALUES (1258, 5, 276, N'', 2, 2, 2, 1, 2, 0, CAST(N'2022-03-27T14:17:33.8431614' AS DateTime2), CAST(N'2022-03-27T14:21:01.2396478' AS DateTime2), NULL, NULL, 1)
GO
INSERT [dbo].[groupObject] ([id], [groupId], [objectId], [notes], [addOb], [updateOb], [deleteOb], [showOb], [reportOb], [levelOb], [createDate], [updateDate], [createUserId], [updateUserId], [isActive]) VALUES (1259, 5, 277, N'', 2, 2, 2, 1, 2, 0, CAST(N'2022-03-27T14:17:33.8481481' AS DateTime2), CAST(N'2022-04-04T14:19:12.8923368' AS DateTime2), NULL, NULL, 1)
GO
INSERT [dbo].[groupObject] ([id], [groupId], [objectId], [notes], [addOb], [updateOb], [deleteOb], [showOb], [reportOb], [levelOb], [createDate], [updateDate], [createUserId], [updateUserId], [isActive]) VALUES (1260, 5, 278, N'', 2, 2, 2, 1, 2, 0, CAST(N'2022-03-27T14:17:33.8531344' AS DateTime2), CAST(N'2022-03-27T14:19:59.9984291' AS DateTime2), NULL, NULL, 1)
GO
INSERT [dbo].[groupObject] ([id], [groupId], [objectId], [notes], [addOb], [updateOb], [deleteOb], [showOb], [reportOb], [levelOb], [createDate], [updateDate], [createUserId], [updateUserId], [isActive]) VALUES (1261, 5, 279, N'', 2, 2, 2, 1, 2, 0, CAST(N'2022-03-27T14:17:33.8571243' AS DateTime2), CAST(N'2022-03-27T14:20:00.3554745' AS DateTime2), NULL, NULL, 1)
GO
INSERT [dbo].[groupObject] ([id], [groupId], [objectId], [notes], [addOb], [updateOb], [deleteOb], [showOb], [reportOb], [levelOb], [createDate], [updateDate], [createUserId], [updateUserId], [isActive]) VALUES (1262, 5, 280, N'', 2, 2, 2, 1, 2, 0, CAST(N'2022-03-27T14:17:33.8621111' AS DateTime2), CAST(N'2022-03-27T14:20:02.2174966' AS DateTime2), NULL, NULL, 1)
GO
INSERT [dbo].[groupObject] ([id], [groupId], [objectId], [notes], [addOb], [updateOb], [deleteOb], [showOb], [reportOb], [levelOb], [createDate], [updateDate], [createUserId], [updateUserId], [isActive]) VALUES (1263, 5, 281, N'', 2, 2, 2, 1, 2, 0, CAST(N'2022-03-27T14:17:33.8670978' AS DateTime2), CAST(N'2022-03-27T14:20:02.2613776' AS DateTime2), NULL, NULL, 1)
GO
INSERT [dbo].[groupObject] ([id], [groupId], [objectId], [notes], [addOb], [updateOb], [deleteOb], [showOb], [reportOb], [levelOb], [createDate], [updateDate], [createUserId], [updateUserId], [isActive]) VALUES (1264, 5, 282, N'', 2, 2, 2, 1, 2, 0, CAST(N'2022-03-27T14:17:33.8720849' AS DateTime2), CAST(N'2022-03-27T14:20:03.8321761' AS DateTime2), NULL, NULL, 1)
GO
INSERT [dbo].[groupObject] ([id], [groupId], [objectId], [notes], [addOb], [updateOb], [deleteOb], [showOb], [reportOb], [levelOb], [createDate], [updateDate], [createUserId], [updateUserId], [isActive]) VALUES (1265, 5, 283, N'', 2, 2, 2, 1, 2, 0, CAST(N'2022-03-27T14:17:33.8760732' AS DateTime2), CAST(N'2022-03-27T14:20:06.0801655' AS DateTime2), NULL, NULL, 1)
GO
INSERT [dbo].[groupObject] ([id], [groupId], [objectId], [notes], [addOb], [updateOb], [deleteOb], [showOb], [reportOb], [levelOb], [createDate], [updateDate], [createUserId], [updateUserId], [isActive]) VALUES (1266, 5, 284, N'', 2, 2, 2, 1, 2, 0, CAST(N'2022-03-27T14:17:33.8810607' AS DateTime2), CAST(N'2022-03-27T14:20:06.1609505' AS DateTime2), NULL, NULL, 1)
GO
INSERT [dbo].[groupObject] ([id], [groupId], [objectId], [notes], [addOb], [updateOb], [deleteOb], [showOb], [reportOb], [levelOb], [createDate], [updateDate], [createUserId], [updateUserId], [isActive]) VALUES (1845, 8, 1, N'', 0, 0, 0, 0, 0, 0, CAST(N'2022-04-14T15:56:14.6043952' AS DateTime2), CAST(N'2022-04-14T15:56:14.6043952' AS DateTime2), NULL, NULL, 1)
GO
INSERT [dbo].[groupObject] ([id], [groupId], [objectId], [notes], [addOb], [updateOb], [deleteOb], [showOb], [reportOb], [levelOb], [createDate], [updateDate], [createUserId], [updateUserId], [isActive]) VALUES (1846, 8, 2, N'', 0, 0, 0, 0, 0, 0, CAST(N'2022-04-14T15:56:14.6213471' AS DateTime2), CAST(N'2022-04-14T15:56:14.6213471' AS DateTime2), NULL, NULL, 1)
GO
INSERT [dbo].[groupObject] ([id], [groupId], [objectId], [notes], [addOb], [updateOb], [deleteOb], [showOb], [reportOb], [levelOb], [createDate], [updateDate], [createUserId], [updateUserId], [isActive]) VALUES (1847, 8, 3, N'', 0, 0, 0, 0, 0, 0, CAST(N'2022-04-14T15:56:14.6233438' AS DateTime2), CAST(N'2022-04-14T15:56:14.6233438' AS DateTime2), NULL, NULL, 1)
GO
INSERT [dbo].[groupObject] ([id], [groupId], [objectId], [notes], [addOb], [updateOb], [deleteOb], [showOb], [reportOb], [levelOb], [createDate], [updateDate], [createUserId], [updateUserId], [isActive]) VALUES (1848, 8, 4, N'', 0, 0, 0, 0, 0, 0, CAST(N'2022-04-14T15:56:14.6253393' AS DateTime2), CAST(N'2022-04-14T15:56:14.6253393' AS DateTime2), NULL, NULL, 1)
GO
INSERT [dbo].[groupObject] ([id], [groupId], [objectId], [notes], [addOb], [updateOb], [deleteOb], [showOb], [reportOb], [levelOb], [createDate], [updateDate], [createUserId], [updateUserId], [isActive]) VALUES (1849, 8, 5, N'', 0, 0, 0, 0, 0, 0, CAST(N'2022-04-14T15:56:14.6283286' AS DateTime2), CAST(N'2022-04-14T15:56:14.6283286' AS DateTime2), NULL, NULL, 1)
GO
INSERT [dbo].[groupObject] ([id], [groupId], [objectId], [notes], [addOb], [updateOb], [deleteOb], [showOb], [reportOb], [levelOb], [createDate], [updateDate], [createUserId], [updateUserId], [isActive]) VALUES (1850, 8, 6, N'', 0, 0, 0, 0, 0, 0, CAST(N'2022-04-14T15:56:14.6313205' AS DateTime2), CAST(N'2022-04-14T15:56:14.6313205' AS DateTime2), NULL, NULL, 1)
GO
INSERT [dbo].[groupObject] ([id], [groupId], [objectId], [notes], [addOb], [updateOb], [deleteOb], [showOb], [reportOb], [levelOb], [createDate], [updateDate], [createUserId], [updateUserId], [isActive]) VALUES (1851, 8, 7, N'', 0, 0, 0, 0, 0, 0, CAST(N'2022-04-14T15:56:14.6333157' AS DateTime2), CAST(N'2022-04-14T15:56:14.6333157' AS DateTime2), NULL, NULL, 1)
GO
INSERT [dbo].[groupObject] ([id], [groupId], [objectId], [notes], [addOb], [updateOb], [deleteOb], [showOb], [reportOb], [levelOb], [createDate], [updateDate], [createUserId], [updateUserId], [isActive]) VALUES (1852, 8, 8, N'', 0, 0, 0, 0, 0, 0, CAST(N'2022-04-14T15:56:14.6363099' AS DateTime2), CAST(N'2022-04-14T15:56:14.6363099' AS DateTime2), NULL, NULL, 1)
GO
INSERT [dbo].[groupObject] ([id], [groupId], [objectId], [notes], [addOb], [updateOb], [deleteOb], [showOb], [reportOb], [levelOb], [createDate], [updateDate], [createUserId], [updateUserId], [isActive]) VALUES (1853, 8, 9, N'', 0, 0, 0, 0, 0, 0, CAST(N'2022-04-14T15:56:14.6383032' AS DateTime2), CAST(N'2022-04-14T15:56:14.6383032' AS DateTime2), NULL, NULL, 1)
GO
INSERT [dbo].[groupObject] ([id], [groupId], [objectId], [notes], [addOb], [updateOb], [deleteOb], [showOb], [reportOb], [levelOb], [createDate], [updateDate], [createUserId], [updateUserId], [isActive]) VALUES (1854, 8, 10, N'', 0, 0, 0, 0, 0, 0, CAST(N'2022-04-14T15:56:14.6402968' AS DateTime2), CAST(N'2022-04-14T15:56:14.6402968' AS DateTime2), NULL, NULL, 1)
GO
INSERT [dbo].[groupObject] ([id], [groupId], [objectId], [notes], [addOb], [updateOb], [deleteOb], [showOb], [reportOb], [levelOb], [createDate], [updateDate], [createUserId], [updateUserId], [isActive]) VALUES (1855, 8, 11, N'', 0, 0, 0, 0, 0, 0, CAST(N'2022-04-14T15:56:14.6422942' AS DateTime2), CAST(N'2022-04-14T15:56:14.6422942' AS DateTime2), NULL, NULL, 1)
GO
INSERT [dbo].[groupObject] ([id], [groupId], [objectId], [notes], [addOb], [updateOb], [deleteOb], [showOb], [reportOb], [levelOb], [createDate], [updateDate], [createUserId], [updateUserId], [isActive]) VALUES (1856, 8, 12, N'', 0, 0, 0, 0, 0, 0, CAST(N'2022-04-14T15:56:14.6452846' AS DateTime2), CAST(N'2022-04-14T15:56:14.6452846' AS DateTime2), NULL, NULL, 1)
GO
INSERT [dbo].[groupObject] ([id], [groupId], [objectId], [notes], [addOb], [updateOb], [deleteOb], [showOb], [reportOb], [levelOb], [createDate], [updateDate], [createUserId], [updateUserId], [isActive]) VALUES (1857, 8, 13, N'', 0, 0, 0, 0, 0, 0, CAST(N'2022-04-14T15:56:14.6482758' AS DateTime2), CAST(N'2022-04-14T15:56:14.6482758' AS DateTime2), NULL, NULL, 1)
GO
INSERT [dbo].[groupObject] ([id], [groupId], [objectId], [notes], [addOb], [updateOb], [deleteOb], [showOb], [reportOb], [levelOb], [createDate], [updateDate], [createUserId], [updateUserId], [isActive]) VALUES (1858, 8, 14, N'', 0, 0, 0, 0, 0, 0, CAST(N'2022-04-14T15:56:14.6502706' AS DateTime2), CAST(N'2022-04-14T15:56:14.6502706' AS DateTime2), NULL, NULL, 1)
GO
INSERT [dbo].[groupObject] ([id], [groupId], [objectId], [notes], [addOb], [updateOb], [deleteOb], [showOb], [reportOb], [levelOb], [createDate], [updateDate], [createUserId], [updateUserId], [isActive]) VALUES (1859, 8, 15, N'', 0, 0, 0, 0, 0, 0, CAST(N'2022-04-14T15:56:14.6532618' AS DateTime2), CAST(N'2022-04-14T15:56:14.6532618' AS DateTime2), NULL, NULL, 1)
GO
INSERT [dbo].[groupObject] ([id], [groupId], [objectId], [notes], [addOb], [updateOb], [deleteOb], [showOb], [reportOb], [levelOb], [createDate], [updateDate], [createUserId], [updateUserId], [isActive]) VALUES (1860, 8, 16, N'', 0, 0, 0, 0, 0, 0, CAST(N'2022-04-14T15:56:14.6562538' AS DateTime2), CAST(N'2022-04-14T15:56:14.6562538' AS DateTime2), NULL, NULL, 1)
GO
INSERT [dbo].[groupObject] ([id], [groupId], [objectId], [notes], [addOb], [updateOb], [deleteOb], [showOb], [reportOb], [levelOb], [createDate], [updateDate], [createUserId], [updateUserId], [isActive]) VALUES (1861, 8, 17, N'', 0, 0, 0, 0, 0, 0, CAST(N'2022-04-14T15:56:14.6582504' AS DateTime2), CAST(N'2022-04-14T15:56:14.6582504' AS DateTime2), NULL, NULL, 1)
GO
INSERT [dbo].[groupObject] ([id], [groupId], [objectId], [notes], [addOb], [updateOb], [deleteOb], [showOb], [reportOb], [levelOb], [createDate], [updateDate], [createUserId], [updateUserId], [isActive]) VALUES (1862, 8, 18, N'', 0, 0, 0, 0, 0, 0, CAST(N'2022-04-14T15:56:14.6602437' AS DateTime2), CAST(N'2022-04-14T15:56:14.6602437' AS DateTime2), NULL, NULL, 1)
GO
INSERT [dbo].[groupObject] ([id], [groupId], [objectId], [notes], [addOb], [updateOb], [deleteOb], [showOb], [reportOb], [levelOb], [createDate], [updateDate], [createUserId], [updateUserId], [isActive]) VALUES (1863, 8, 19, N'', 0, 0, 0, 0, 0, 0, CAST(N'2022-04-14T15:56:14.6622380' AS DateTime2), CAST(N'2022-04-14T15:56:14.6622380' AS DateTime2), NULL, NULL, 1)
GO
INSERT [dbo].[groupObject] ([id], [groupId], [objectId], [notes], [addOb], [updateOb], [deleteOb], [showOb], [reportOb], [levelOb], [createDate], [updateDate], [createUserId], [updateUserId], [isActive]) VALUES (1864, 8, 20, N'', 0, 0, 0, 0, 0, 0, CAST(N'2022-04-14T15:56:14.6632424' AS DateTime2), CAST(N'2022-04-14T15:56:14.6632424' AS DateTime2), NULL, NULL, 1)
GO
INSERT [dbo].[groupObject] ([id], [groupId], [objectId], [notes], [addOb], [updateOb], [deleteOb], [showOb], [reportOb], [levelOb], [createDate], [updateDate], [createUserId], [updateUserId], [isActive]) VALUES (1865, 8, 21, N'', 0, 0, 0, 0, 0, 0, CAST(N'2022-04-14T15:56:14.6652304' AS DateTime2), CAST(N'2022-04-14T15:56:14.6652304' AS DateTime2), NULL, NULL, 1)
GO
INSERT [dbo].[groupObject] ([id], [groupId], [objectId], [notes], [addOb], [updateOb], [deleteOb], [showOb], [reportOb], [levelOb], [createDate], [updateDate], [createUserId], [updateUserId], [isActive]) VALUES (1866, 8, 22, N'', 0, 0, 0, 0, 0, 0, CAST(N'2022-04-14T15:56:14.6682231' AS DateTime2), CAST(N'2022-04-14T15:56:14.6682231' AS DateTime2), NULL, NULL, 1)
GO
INSERT [dbo].[groupObject] ([id], [groupId], [objectId], [notes], [addOb], [updateOb], [deleteOb], [showOb], [reportOb], [levelOb], [createDate], [updateDate], [createUserId], [updateUserId], [isActive]) VALUES (1867, 8, 23, N'', 0, 0, 0, 0, 0, 0, CAST(N'2022-04-14T15:56:14.6712150' AS DateTime2), CAST(N'2022-04-14T15:56:14.6712150' AS DateTime2), NULL, NULL, 1)
GO
INSERT [dbo].[groupObject] ([id], [groupId], [objectId], [notes], [addOb], [updateOb], [deleteOb], [showOb], [reportOb], [levelOb], [createDate], [updateDate], [createUserId], [updateUserId], [isActive]) VALUES (1868, 8, 24, N'', 0, 0, 0, 0, 0, 0, CAST(N'2022-04-14T15:56:14.6742077' AS DateTime2), CAST(N'2022-04-14T15:56:14.6742077' AS DateTime2), NULL, NULL, 1)
GO
INSERT [dbo].[groupObject] ([id], [groupId], [objectId], [notes], [addOb], [updateOb], [deleteOb], [showOb], [reportOb], [levelOb], [createDate], [updateDate], [createUserId], [updateUserId], [isActive]) VALUES (1869, 8, 25, N'', 0, 0, 0, 0, 0, 0, CAST(N'2022-04-14T15:56:14.6771993' AS DateTime2), CAST(N'2022-04-14T15:56:14.6781958' AS DateTime2), NULL, NULL, 1)
GO
INSERT [dbo].[groupObject] ([id], [groupId], [objectId], [notes], [addOb], [updateOb], [deleteOb], [showOb], [reportOb], [levelOb], [createDate], [updateDate], [createUserId], [updateUserId], [isActive]) VALUES (1870, 8, 26, N'', 0, 0, 0, 0, 0, 0, CAST(N'2022-04-14T15:56:14.6801928' AS DateTime2), CAST(N'2022-04-14T15:56:14.6801928' AS DateTime2), NULL, NULL, 1)
GO
INSERT [dbo].[groupObject] ([id], [groupId], [objectId], [notes], [addOb], [updateOb], [deleteOb], [showOb], [reportOb], [levelOb], [createDate], [updateDate], [createUserId], [updateUserId], [isActive]) VALUES (1871, 8, 27, N'', 0, 0, 0, 0, 0, 0, CAST(N'2022-04-14T15:56:14.6821864' AS DateTime2), CAST(N'2022-04-14T15:56:14.6821864' AS DateTime2), NULL, NULL, 1)
GO
INSERT [dbo].[groupObject] ([id], [groupId], [objectId], [notes], [addOb], [updateOb], [deleteOb], [showOb], [reportOb], [levelOb], [createDate], [updateDate], [createUserId], [updateUserId], [isActive]) VALUES (1872, 8, 28, N'', 0, 0, 0, 0, 0, 0, CAST(N'2022-04-14T15:56:14.6841816' AS DateTime2), CAST(N'2022-04-14T15:56:14.6841816' AS DateTime2), NULL, NULL, 1)
GO
INSERT [dbo].[groupObject] ([id], [groupId], [objectId], [notes], [addOb], [updateOb], [deleteOb], [showOb], [reportOb], [levelOb], [createDate], [updateDate], [createUserId], [updateUserId], [isActive]) VALUES (1873, 8, 29, N'', 0, 0, 0, 0, 0, 0, CAST(N'2022-04-14T15:56:14.6872067' AS DateTime2), CAST(N'2022-04-14T15:56:14.6872067' AS DateTime2), NULL, NULL, 1)
GO
INSERT [dbo].[groupObject] ([id], [groupId], [objectId], [notes], [addOb], [updateOb], [deleteOb], [showOb], [reportOb], [levelOb], [createDate], [updateDate], [createUserId], [updateUserId], [isActive]) VALUES (1874, 8, 30, N'', 0, 0, 0, 0, 0, 0, CAST(N'2022-04-14T15:56:14.6901643' AS DateTime2), CAST(N'2022-04-14T15:56:14.6901643' AS DateTime2), NULL, NULL, 1)
GO
INSERT [dbo].[groupObject] ([id], [groupId], [objectId], [notes], [addOb], [updateOb], [deleteOb], [showOb], [reportOb], [levelOb], [createDate], [updateDate], [createUserId], [updateUserId], [isActive]) VALUES (1875, 8, 31, N'', 0, 0, 0, 0, 0, 0, CAST(N'2022-04-14T15:56:14.6921598' AS DateTime2), CAST(N'2022-04-14T15:56:14.6921598' AS DateTime2), NULL, NULL, 1)
GO
INSERT [dbo].[groupObject] ([id], [groupId], [objectId], [notes], [addOb], [updateOb], [deleteOb], [showOb], [reportOb], [levelOb], [createDate], [updateDate], [createUserId], [updateUserId], [isActive]) VALUES (1876, 8, 32, N'', 0, 0, 0, 0, 0, 0, CAST(N'2022-04-14T15:56:14.7006464' AS DateTime2), CAST(N'2022-04-14T15:56:14.7006464' AS DateTime2), NULL, NULL, 1)
GO
INSERT [dbo].[groupObject] ([id], [groupId], [objectId], [notes], [addOb], [updateOb], [deleteOb], [showOb], [reportOb], [levelOb], [createDate], [updateDate], [createUserId], [updateUserId], [isActive]) VALUES (1877, 8, 33, N'', 0, 0, 0, 0, 0, 0, CAST(N'2022-04-14T15:56:14.7046355' AS DateTime2), CAST(N'2022-04-14T15:56:14.7046355' AS DateTime2), NULL, NULL, 1)
GO
INSERT [dbo].[groupObject] ([id], [groupId], [objectId], [notes], [addOb], [updateOb], [deleteOb], [showOb], [reportOb], [levelOb], [createDate], [updateDate], [createUserId], [updateUserId], [isActive]) VALUES (1878, 8, 34, N'', 0, 0, 0, 0, 0, 0, CAST(N'2022-04-14T15:56:14.7066291' AS DateTime2), CAST(N'2022-04-14T15:56:14.7066291' AS DateTime2), NULL, NULL, 1)
GO
INSERT [dbo].[groupObject] ([id], [groupId], [objectId], [notes], [addOb], [updateOb], [deleteOb], [showOb], [reportOb], [levelOb], [createDate], [updateDate], [createUserId], [updateUserId], [isActive]) VALUES (1879, 8, 35, N'', 0, 0, 0, 0, 0, 0, CAST(N'2022-04-14T15:56:14.7086235' AS DateTime2), CAST(N'2022-04-14T15:56:14.7086235' AS DateTime2), NULL, NULL, 1)
GO
INSERT [dbo].[groupObject] ([id], [groupId], [objectId], [notes], [addOb], [updateOb], [deleteOb], [showOb], [reportOb], [levelOb], [createDate], [updateDate], [createUserId], [updateUserId], [isActive]) VALUES (1880, 8, 36, N'', 0, 0, 0, 0, 0, 0, CAST(N'2022-04-14T15:56:14.7106175' AS DateTime2), CAST(N'2022-04-14T15:56:14.7106175' AS DateTime2), NULL, NULL, 1)
GO
INSERT [dbo].[groupObject] ([id], [groupId], [objectId], [notes], [addOb], [updateOb], [deleteOb], [showOb], [reportOb], [levelOb], [createDate], [updateDate], [createUserId], [updateUserId], [isActive]) VALUES (1881, 8, 37, N'', 0, 0, 0, 0, 0, 0, CAST(N'2022-04-14T15:56:14.7126115' AS DateTime2), CAST(N'2022-04-14T15:56:14.7126115' AS DateTime2), NULL, NULL, 1)
GO
INSERT [dbo].[groupObject] ([id], [groupId], [objectId], [notes], [addOb], [updateOb], [deleteOb], [showOb], [reportOb], [levelOb], [createDate], [updateDate], [createUserId], [updateUserId], [isActive]) VALUES (1882, 8, 38, N'', 0, 0, 0, 0, 0, 0, CAST(N'2022-04-14T15:56:14.7146067' AS DateTime2), CAST(N'2022-04-14T15:56:14.7146067' AS DateTime2), NULL, NULL, 1)
GO
INSERT [dbo].[groupObject] ([id], [groupId], [objectId], [notes], [addOb], [updateOb], [deleteOb], [showOb], [reportOb], [levelOb], [createDate], [updateDate], [createUserId], [updateUserId], [isActive]) VALUES (1883, 8, 39, N'', 0, 0, 0, 0, 0, 0, CAST(N'2022-04-14T15:56:14.7166007' AS DateTime2), CAST(N'2022-04-14T15:56:14.7166007' AS DateTime2), NULL, NULL, 1)
GO
INSERT [dbo].[groupObject] ([id], [groupId], [objectId], [notes], [addOb], [updateOb], [deleteOb], [showOb], [reportOb], [levelOb], [createDate], [updateDate], [createUserId], [updateUserId], [isActive]) VALUES (1884, 8, 40, N'', 0, 0, 0, 0, 0, 0, CAST(N'2022-04-14T15:56:14.7185962' AS DateTime2), CAST(N'2022-04-14T15:56:14.7185962' AS DateTime2), NULL, NULL, 1)
GO
INSERT [dbo].[groupObject] ([id], [groupId], [objectId], [notes], [addOb], [updateOb], [deleteOb], [showOb], [reportOb], [levelOb], [createDate], [updateDate], [createUserId], [updateUserId], [isActive]) VALUES (1885, 8, 41, N'', 0, 0, 0, 0, 0, 0, CAST(N'2022-04-14T15:56:14.7215889' AS DateTime2), CAST(N'2022-04-14T15:56:14.7215889' AS DateTime2), NULL, NULL, 1)
GO
INSERT [dbo].[groupObject] ([id], [groupId], [objectId], [notes], [addOb], [updateOb], [deleteOb], [showOb], [reportOb], [levelOb], [createDate], [updateDate], [createUserId], [updateUserId], [isActive]) VALUES (1886, 8, 42, N'', 0, 0, 0, 0, 0, 0, CAST(N'2022-04-14T15:56:14.7235833' AS DateTime2), CAST(N'2022-04-14T15:56:14.7235833' AS DateTime2), NULL, NULL, 1)
GO
INSERT [dbo].[groupObject] ([id], [groupId], [objectId], [notes], [addOb], [updateOb], [deleteOb], [showOb], [reportOb], [levelOb], [createDate], [updateDate], [createUserId], [updateUserId], [isActive]) VALUES (1887, 8, 43, N'', 0, 0, 0, 0, 0, 0, CAST(N'2022-04-14T15:56:14.7255781' AS DateTime2), CAST(N'2022-04-14T15:56:14.7255781' AS DateTime2), NULL, NULL, 1)
GO
INSERT [dbo].[groupObject] ([id], [groupId], [objectId], [notes], [addOb], [updateOb], [deleteOb], [showOb], [reportOb], [levelOb], [createDate], [updateDate], [createUserId], [updateUserId], [isActive]) VALUES (1888, 8, 44, N'', 0, 0, 0, 0, 0, 0, CAST(N'2022-04-14T15:56:14.7295661' AS DateTime2), CAST(N'2022-04-14T15:56:14.7295661' AS DateTime2), NULL, NULL, 1)
GO
INSERT [dbo].[groupObject] ([id], [groupId], [objectId], [notes], [addOb], [updateOb], [deleteOb], [showOb], [reportOb], [levelOb], [createDate], [updateDate], [createUserId], [updateUserId], [isActive]) VALUES (1889, 8, 45, N'', 0, 0, 0, 0, 0, 0, CAST(N'2022-04-14T15:56:14.7315605' AS DateTime2), CAST(N'2022-04-14T15:56:14.7315605' AS DateTime2), NULL, NULL, 1)
GO
INSERT [dbo].[groupObject] ([id], [groupId], [objectId], [notes], [addOb], [updateOb], [deleteOb], [showOb], [reportOb], [levelOb], [createDate], [updateDate], [createUserId], [updateUserId], [isActive]) VALUES (1890, 8, 46, N'', 0, 0, 0, 0, 0, 0, CAST(N'2022-04-14T15:56:14.7345539' AS DateTime2), CAST(N'2022-04-14T15:56:14.7345539' AS DateTime2), NULL, NULL, 1)
GO
INSERT [dbo].[groupObject] ([id], [groupId], [objectId], [notes], [addOb], [updateOb], [deleteOb], [showOb], [reportOb], [levelOb], [createDate], [updateDate], [createUserId], [updateUserId], [isActive]) VALUES (1891, 8, 47, N'', 0, 0, 0, 0, 0, 0, CAST(N'2022-04-14T15:56:14.7435294' AS DateTime2), CAST(N'2022-04-14T15:56:14.7435294' AS DateTime2), NULL, NULL, 1)
GO
INSERT [dbo].[groupObject] ([id], [groupId], [objectId], [notes], [addOb], [updateOb], [deleteOb], [showOb], [reportOb], [levelOb], [createDate], [updateDate], [createUserId], [updateUserId], [isActive]) VALUES (1892, 8, 48, N'', 0, 0, 0, 0, 0, 0, CAST(N'2022-04-14T15:56:14.7455253' AS DateTime2), CAST(N'2022-04-14T15:56:14.7455253' AS DateTime2), NULL, NULL, 1)
GO
INSERT [dbo].[groupObject] ([id], [groupId], [objectId], [notes], [addOb], [updateOb], [deleteOb], [showOb], [reportOb], [levelOb], [createDate], [updateDate], [createUserId], [updateUserId], [isActive]) VALUES (1893, 8, 49, N'', 0, 0, 0, 0, 0, 0, CAST(N'2022-04-14T15:56:14.7485199' AS DateTime2), CAST(N'2022-04-14T15:56:14.7485199' AS DateTime2), NULL, NULL, 1)
GO
INSERT [dbo].[groupObject] ([id], [groupId], [objectId], [notes], [addOb], [updateOb], [deleteOb], [showOb], [reportOb], [levelOb], [createDate], [updateDate], [createUserId], [updateUserId], [isActive]) VALUES (1894, 8, 50, N'', 0, 0, 0, 0, 0, 0, CAST(N'2022-04-14T15:56:14.7515077' AS DateTime2), CAST(N'2022-04-14T15:56:14.7515077' AS DateTime2), NULL, NULL, 1)
GO
INSERT [dbo].[groupObject] ([id], [groupId], [objectId], [notes], [addOb], [updateOb], [deleteOb], [showOb], [reportOb], [levelOb], [createDate], [updateDate], [createUserId], [updateUserId], [isActive]) VALUES (1895, 8, 51, N'', 0, 0, 0, 0, 0, 0, CAST(N'2022-04-14T15:56:14.7545015' AS DateTime2), CAST(N'2022-04-14T15:56:14.7545015' AS DateTime2), NULL, NULL, 1)
GO
INSERT [dbo].[groupObject] ([id], [groupId], [objectId], [notes], [addOb], [updateOb], [deleteOb], [showOb], [reportOb], [levelOb], [createDate], [updateDate], [createUserId], [updateUserId], [isActive]) VALUES (1896, 8, 52, N'', 0, 0, 0, 0, 0, 0, CAST(N'2022-04-14T15:56:14.7584884' AS DateTime2), CAST(N'2022-04-14T15:56:14.7584884' AS DateTime2), NULL, NULL, 1)
GO
INSERT [dbo].[groupObject] ([id], [groupId], [objectId], [notes], [addOb], [updateOb], [deleteOb], [showOb], [reportOb], [levelOb], [createDate], [updateDate], [createUserId], [updateUserId], [isActive]) VALUES (1897, 8, 53, N'', 0, 0, 0, 0, 0, 0, CAST(N'2022-04-14T15:56:14.7604873' AS DateTime2), CAST(N'2022-04-14T15:56:14.7604873' AS DateTime2), NULL, NULL, 1)
GO
INSERT [dbo].[groupObject] ([id], [groupId], [objectId], [notes], [addOb], [updateOb], [deleteOb], [showOb], [reportOb], [levelOb], [createDate], [updateDate], [createUserId], [updateUserId], [isActive]) VALUES (1898, 8, 54, N'', 0, 0, 0, 0, 0, 0, CAST(N'2022-04-14T15:56:14.7634774' AS DateTime2), CAST(N'2022-04-14T15:56:14.7634774' AS DateTime2), NULL, NULL, 1)
GO
INSERT [dbo].[groupObject] ([id], [groupId], [objectId], [notes], [addOb], [updateOb], [deleteOb], [showOb], [reportOb], [levelOb], [createDate], [updateDate], [createUserId], [updateUserId], [isActive]) VALUES (1899, 8, 55, N'', 0, 0, 0, 0, 0, 0, CAST(N'2022-04-14T15:56:14.7674647' AS DateTime2), CAST(N'2022-04-14T15:56:14.7674647' AS DateTime2), NULL, NULL, 1)
GO
INSERT [dbo].[groupObject] ([id], [groupId], [objectId], [notes], [addOb], [updateOb], [deleteOb], [showOb], [reportOb], [levelOb], [createDate], [updateDate], [createUserId], [updateUserId], [isActive]) VALUES (1900, 8, 56, N'', 0, 0, 0, 0, 0, 0, CAST(N'2022-04-14T15:56:14.7704578' AS DateTime2), CAST(N'2022-04-14T15:56:14.7704578' AS DateTime2), NULL, NULL, 1)
GO
INSERT [dbo].[groupObject] ([id], [groupId], [objectId], [notes], [addOb], [updateOb], [deleteOb], [showOb], [reportOb], [levelOb], [createDate], [updateDate], [createUserId], [updateUserId], [isActive]) VALUES (1901, 8, 57, N'', 0, 0, 0, 0, 0, 0, CAST(N'2022-04-14T15:56:14.7744492' AS DateTime2), CAST(N'2022-04-14T15:56:14.7744492' AS DateTime2), NULL, NULL, 1)
GO
INSERT [dbo].[groupObject] ([id], [groupId], [objectId], [notes], [addOb], [updateOb], [deleteOb], [showOb], [reportOb], [levelOb], [createDate], [updateDate], [createUserId], [updateUserId], [isActive]) VALUES (1902, 8, 58, N'', 0, 0, 0, 0, 0, 0, CAST(N'2022-04-14T15:56:14.7794355' AS DateTime2), CAST(N'2022-04-14T15:56:14.7794355' AS DateTime2), NULL, NULL, 1)
GO
INSERT [dbo].[groupObject] ([id], [groupId], [objectId], [notes], [addOb], [updateOb], [deleteOb], [showOb], [reportOb], [levelOb], [createDate], [updateDate], [createUserId], [updateUserId], [isActive]) VALUES (1903, 8, 59, N'', 0, 0, 0, 0, 0, 0, CAST(N'2022-04-14T15:56:14.7834231' AS DateTime2), CAST(N'2022-04-14T15:56:14.7834231' AS DateTime2), NULL, NULL, 1)
GO
INSERT [dbo].[groupObject] ([id], [groupId], [objectId], [notes], [addOb], [updateOb], [deleteOb], [showOb], [reportOb], [levelOb], [createDate], [updateDate], [createUserId], [updateUserId], [isActive]) VALUES (1904, 8, 60, N'', 0, 0, 0, 0, 0, 0, CAST(N'2022-04-14T15:56:14.7874127' AS DateTime2), CAST(N'2022-04-14T15:56:14.7874127' AS DateTime2), NULL, NULL, 1)
GO
INSERT [dbo].[groupObject] ([id], [groupId], [objectId], [notes], [addOb], [updateOb], [deleteOb], [showOb], [reportOb], [levelOb], [createDate], [updateDate], [createUserId], [updateUserId], [isActive]) VALUES (1905, 8, 61, N'', 0, 0, 0, 0, 0, 0, CAST(N'2022-04-14T15:56:14.7894074' AS DateTime2), CAST(N'2022-04-14T15:56:14.7894074' AS DateTime2), NULL, NULL, 1)
GO
INSERT [dbo].[groupObject] ([id], [groupId], [objectId], [notes], [addOb], [updateOb], [deleteOb], [showOb], [reportOb], [levelOb], [createDate], [updateDate], [createUserId], [updateUserId], [isActive]) VALUES (1906, 8, 62, N'', 0, 0, 0, 0, 0, 0, CAST(N'2022-04-14T15:56:14.7914011' AS DateTime2), CAST(N'2022-04-14T15:56:14.7914011' AS DateTime2), NULL, NULL, 1)
GO
INSERT [dbo].[groupObject] ([id], [groupId], [objectId], [notes], [addOb], [updateOb], [deleteOb], [showOb], [reportOb], [levelOb], [createDate], [updateDate], [createUserId], [updateUserId], [isActive]) VALUES (1907, 8, 63, N'', 0, 0, 0, 0, 0, 0, CAST(N'2022-04-14T15:56:14.7943926' AS DateTime2), CAST(N'2022-04-14T15:56:14.7943926' AS DateTime2), NULL, NULL, 1)
GO
INSERT [dbo].[groupObject] ([id], [groupId], [objectId], [notes], [addOb], [updateOb], [deleteOb], [showOb], [reportOb], [levelOb], [createDate], [updateDate], [createUserId], [updateUserId], [isActive]) VALUES (1908, 8, 64, N'', 0, 0, 0, 0, 0, 0, CAST(N'2022-04-14T15:56:14.7963885' AS DateTime2), CAST(N'2022-04-14T15:56:14.7963885' AS DateTime2), NULL, NULL, 1)
GO
INSERT [dbo].[groupObject] ([id], [groupId], [objectId], [notes], [addOb], [updateOb], [deleteOb], [showOb], [reportOb], [levelOb], [createDate], [updateDate], [createUserId], [updateUserId], [isActive]) VALUES (1909, 8, 65, N'', 0, 0, 0, 0, 0, 0, CAST(N'2022-04-14T15:56:14.7983844' AS DateTime2), CAST(N'2022-04-14T15:56:14.7983844' AS DateTime2), NULL, NULL, 1)
GO
INSERT [dbo].[groupObject] ([id], [groupId], [objectId], [notes], [addOb], [updateOb], [deleteOb], [showOb], [reportOb], [levelOb], [createDate], [updateDate], [createUserId], [updateUserId], [isActive]) VALUES (1910, 8, 66, N'', 0, 0, 0, 0, 0, 0, CAST(N'2022-04-14T15:56:14.8003784' AS DateTime2), CAST(N'2022-04-14T15:56:14.8003784' AS DateTime2), NULL, NULL, 1)
GO
INSERT [dbo].[groupObject] ([id], [groupId], [objectId], [notes], [addOb], [updateOb], [deleteOb], [showOb], [reportOb], [levelOb], [createDate], [updateDate], [createUserId], [updateUserId], [isActive]) VALUES (1911, 8, 67, N'', 0, 0, 0, 0, 0, 0, CAST(N'2022-04-14T15:56:14.8043668' AS DateTime2), CAST(N'2022-04-14T15:56:14.8043668' AS DateTime2), NULL, NULL, 1)
GO
INSERT [dbo].[groupObject] ([id], [groupId], [objectId], [notes], [addOb], [updateOb], [deleteOb], [showOb], [reportOb], [levelOb], [createDate], [updateDate], [createUserId], [updateUserId], [isActive]) VALUES (1912, 8, 68, N'', 0, 0, 0, 0, 0, 0, CAST(N'2022-04-14T15:56:14.8073595' AS DateTime2), CAST(N'2022-04-14T15:56:14.8073595' AS DateTime2), NULL, NULL, 1)
GO
INSERT [dbo].[groupObject] ([id], [groupId], [objectId], [notes], [addOb], [updateOb], [deleteOb], [showOb], [reportOb], [levelOb], [createDate], [updateDate], [createUserId], [updateUserId], [isActive]) VALUES (1913, 8, 69, N'', 0, 0, 0, 0, 0, 0, CAST(N'2022-04-14T15:56:14.8093532' AS DateTime2), CAST(N'2022-04-14T15:56:14.8093532' AS DateTime2), NULL, NULL, 1)
GO
INSERT [dbo].[groupObject] ([id], [groupId], [objectId], [notes], [addOb], [updateOb], [deleteOb], [showOb], [reportOb], [levelOb], [createDate], [updateDate], [createUserId], [updateUserId], [isActive]) VALUES (1914, 8, 70, N'', 0, 0, 0, 0, 0, 0, CAST(N'2022-04-14T15:56:14.8113494' AS DateTime2), CAST(N'2022-04-14T15:56:14.8113494' AS DateTime2), NULL, NULL, 1)
GO
INSERT [dbo].[groupObject] ([id], [groupId], [objectId], [notes], [addOb], [updateOb], [deleteOb], [showOb], [reportOb], [levelOb], [createDate], [updateDate], [createUserId], [updateUserId], [isActive]) VALUES (1915, 8, 71, N'', 0, 0, 0, 0, 0, 0, CAST(N'2022-04-14T15:56:14.8143410' AS DateTime2), CAST(N'2022-04-14T15:56:14.8143410' AS DateTime2), NULL, NULL, 1)
GO
INSERT [dbo].[groupObject] ([id], [groupId], [objectId], [notes], [addOb], [updateOb], [deleteOb], [showOb], [reportOb], [levelOb], [createDate], [updateDate], [createUserId], [updateUserId], [isActive]) VALUES (1916, 8, 72, N'', 0, 0, 0, 0, 0, 0, CAST(N'2022-04-14T15:56:14.8163354' AS DateTime2), CAST(N'2022-04-14T15:56:14.8163354' AS DateTime2), NULL, NULL, 1)
GO
INSERT [dbo].[groupObject] ([id], [groupId], [objectId], [notes], [addOb], [updateOb], [deleteOb], [showOb], [reportOb], [levelOb], [createDate], [updateDate], [createUserId], [updateUserId], [isActive]) VALUES (1917, 8, 73, N'', 0, 0, 0, 0, 0, 0, CAST(N'2022-04-14T15:56:14.8203257' AS DateTime2), CAST(N'2022-04-14T15:56:14.8203257' AS DateTime2), NULL, NULL, 1)
GO
INSERT [dbo].[groupObject] ([id], [groupId], [objectId], [notes], [addOb], [updateOb], [deleteOb], [showOb], [reportOb], [levelOb], [createDate], [updateDate], [createUserId], [updateUserId], [isActive]) VALUES (1918, 8, 74, N'', 0, 0, 0, 0, 0, 0, CAST(N'2022-04-14T15:56:14.8223204' AS DateTime2), CAST(N'2022-04-14T15:56:14.8223204' AS DateTime2), NULL, NULL, 1)
GO
INSERT [dbo].[groupObject] ([id], [groupId], [objectId], [notes], [addOb], [updateOb], [deleteOb], [showOb], [reportOb], [levelOb], [createDate], [updateDate], [createUserId], [updateUserId], [isActive]) VALUES (1919, 8, 75, N'', 0, 0, 0, 0, 0, 0, CAST(N'2022-04-14T15:56:14.8253109' AS DateTime2), CAST(N'2022-04-14T15:56:14.8253109' AS DateTime2), NULL, NULL, 1)
GO
INSERT [dbo].[groupObject] ([id], [groupId], [objectId], [notes], [addOb], [updateOb], [deleteOb], [showOb], [reportOb], [levelOb], [createDate], [updateDate], [createUserId], [updateUserId], [isActive]) VALUES (1920, 8, 76, N'', 0, 0, 0, 0, 0, 0, CAST(N'2022-04-14T15:56:14.8273068' AS DateTime2), CAST(N'2022-04-14T15:56:14.8273068' AS DateTime2), NULL, NULL, 1)
GO
INSERT [dbo].[groupObject] ([id], [groupId], [objectId], [notes], [addOb], [updateOb], [deleteOb], [showOb], [reportOb], [levelOb], [createDate], [updateDate], [createUserId], [updateUserId], [isActive]) VALUES (1921, 8, 77, N'', 0, 0, 0, 0, 0, 0, CAST(N'2022-04-14T15:56:14.8292993' AS DateTime2), CAST(N'2022-04-14T15:56:14.8292993' AS DateTime2), NULL, NULL, 1)
GO
INSERT [dbo].[groupObject] ([id], [groupId], [objectId], [notes], [addOb], [updateOb], [deleteOb], [showOb], [reportOb], [levelOb], [createDate], [updateDate], [createUserId], [updateUserId], [isActive]) VALUES (1922, 8, 78, N'', 0, 0, 0, 0, 0, 0, CAST(N'2022-04-14T15:56:14.8322920' AS DateTime2), CAST(N'2022-04-14T15:56:14.8322920' AS DateTime2), NULL, NULL, 1)
GO
INSERT [dbo].[groupObject] ([id], [groupId], [objectId], [notes], [addOb], [updateOb], [deleteOb], [showOb], [reportOb], [levelOb], [createDate], [updateDate], [createUserId], [updateUserId], [isActive]) VALUES (1923, 8, 79, N'', 0, 0, 0, 0, 0, 0, CAST(N'2022-04-14T15:56:14.8342871' AS DateTime2), CAST(N'2022-04-14T15:56:14.8342871' AS DateTime2), NULL, NULL, 1)
GO
INSERT [dbo].[groupObject] ([id], [groupId], [objectId], [notes], [addOb], [updateOb], [deleteOb], [showOb], [reportOb], [levelOb], [createDate], [updateDate], [createUserId], [updateUserId], [isActive]) VALUES (1924, 8, 80, N'', 0, 0, 0, 0, 0, 0, CAST(N'2022-04-14T15:56:14.8412682' AS DateTime2), CAST(N'2022-04-14T15:56:14.8412682' AS DateTime2), NULL, NULL, 1)
GO
INSERT [dbo].[groupObject] ([id], [groupId], [objectId], [notes], [addOb], [updateOb], [deleteOb], [showOb], [reportOb], [levelOb], [createDate], [updateDate], [createUserId], [updateUserId], [isActive]) VALUES (1925, 8, 81, N'', 0, 0, 0, 0, 0, 0, CAST(N'2022-04-14T15:56:14.8442606' AS DateTime2), CAST(N'2022-04-14T15:56:14.8442606' AS DateTime2), NULL, NULL, 1)
GO
INSERT [dbo].[groupObject] ([id], [groupId], [objectId], [notes], [addOb], [updateOb], [deleteOb], [showOb], [reportOb], [levelOb], [createDate], [updateDate], [createUserId], [updateUserId], [isActive]) VALUES (1926, 8, 82, N'', 0, 0, 0, 0, 0, 0, CAST(N'2022-04-14T15:56:14.8462561' AS DateTime2), CAST(N'2022-04-14T15:56:14.8462561' AS DateTime2), NULL, NULL, 1)
GO
INSERT [dbo].[groupObject] ([id], [groupId], [objectId], [notes], [addOb], [updateOb], [deleteOb], [showOb], [reportOb], [levelOb], [createDate], [updateDate], [createUserId], [updateUserId], [isActive]) VALUES (1927, 8, 83, N'', 0, 0, 0, 0, 0, 0, CAST(N'2022-04-14T15:56:14.8492469' AS DateTime2), CAST(N'2022-04-14T15:56:14.8492469' AS DateTime2), NULL, NULL, 1)
GO
INSERT [dbo].[groupObject] ([id], [groupId], [objectId], [notes], [addOb], [updateOb], [deleteOb], [showOb], [reportOb], [levelOb], [createDate], [updateDate], [createUserId], [updateUserId], [isActive]) VALUES (1928, 8, 84, N'', 0, 0, 0, 0, 0, 0, CAST(N'2022-04-14T15:56:14.8522426' AS DateTime2), CAST(N'2022-04-14T15:56:14.8522426' AS DateTime2), NULL, NULL, 1)
GO
INSERT [dbo].[groupObject] ([id], [groupId], [objectId], [notes], [addOb], [updateOb], [deleteOb], [showOb], [reportOb], [levelOb], [createDate], [updateDate], [createUserId], [updateUserId], [isActive]) VALUES (1929, 8, 85, N'', 0, 0, 0, 0, 0, 0, CAST(N'2022-04-14T15:56:14.8582231' AS DateTime2), CAST(N'2022-04-14T15:56:14.8582231' AS DateTime2), NULL, NULL, 1)
GO
INSERT [dbo].[groupObject] ([id], [groupId], [objectId], [notes], [addOb], [updateOb], [deleteOb], [showOb], [reportOb], [levelOb], [createDate], [updateDate], [createUserId], [updateUserId], [isActive]) VALUES (1930, 8, 86, N'', 0, 0, 0, 0, 0, 0, CAST(N'2022-04-14T15:56:14.8622130' AS DateTime2), CAST(N'2022-04-14T15:56:14.8622130' AS DateTime2), NULL, NULL, 1)
GO
INSERT [dbo].[groupObject] ([id], [groupId], [objectId], [notes], [addOb], [updateOb], [deleteOb], [showOb], [reportOb], [levelOb], [createDate], [updateDate], [createUserId], [updateUserId], [isActive]) VALUES (1931, 8, 87, N'', 0, 0, 0, 0, 0, 0, CAST(N'2022-04-14T15:56:14.8662018' AS DateTime2), CAST(N'2022-04-14T15:56:14.8662018' AS DateTime2), NULL, NULL, 1)
GO
INSERT [dbo].[groupObject] ([id], [groupId], [objectId], [notes], [addOb], [updateOb], [deleteOb], [showOb], [reportOb], [levelOb], [createDate], [updateDate], [createUserId], [updateUserId], [isActive]) VALUES (1932, 8, 88, N'', 0, 0, 0, 0, 0, 0, CAST(N'2022-04-14T15:56:14.8691938' AS DateTime2), CAST(N'2022-04-14T15:56:14.8691938' AS DateTime2), NULL, NULL, 1)
GO
INSERT [dbo].[groupObject] ([id], [groupId], [objectId], [notes], [addOb], [updateOb], [deleteOb], [showOb], [reportOb], [levelOb], [createDate], [updateDate], [createUserId], [updateUserId], [isActive]) VALUES (1933, 8, 89, N'', 0, 0, 0, 0, 0, 0, CAST(N'2022-04-14T15:56:14.8721861' AS DateTime2), CAST(N'2022-04-14T15:56:14.8721861' AS DateTime2), NULL, NULL, 1)
GO
INSERT [dbo].[groupObject] ([id], [groupId], [objectId], [notes], [addOb], [updateOb], [deleteOb], [showOb], [reportOb], [levelOb], [createDate], [updateDate], [createUserId], [updateUserId], [isActive]) VALUES (1934, 8, 90, N'', 0, 0, 0, 0, 0, 0, CAST(N'2022-04-14T15:56:14.8741816' AS DateTime2), CAST(N'2022-04-14T15:56:14.8741816' AS DateTime2), NULL, NULL, 1)
GO
INSERT [dbo].[groupObject] ([id], [groupId], [objectId], [notes], [addOb], [updateOb], [deleteOb], [showOb], [reportOb], [levelOb], [createDate], [updateDate], [createUserId], [updateUserId], [isActive]) VALUES (1935, 8, 91, N'', 0, 0, 0, 0, 0, 0, CAST(N'2022-04-14T15:56:14.8771736' AS DateTime2), CAST(N'2022-04-14T15:56:14.8771736' AS DateTime2), NULL, NULL, 1)
GO
INSERT [dbo].[groupObject] ([id], [groupId], [objectId], [notes], [addOb], [updateOb], [deleteOb], [showOb], [reportOb], [levelOb], [createDate], [updateDate], [createUserId], [updateUserId], [isActive]) VALUES (1936, 8, 92, N'', 0, 0, 0, 0, 0, 0, CAST(N'2022-04-14T15:56:14.8851515' AS DateTime2), CAST(N'2022-04-14T15:56:14.8851515' AS DateTime2), NULL, NULL, 1)
GO
INSERT [dbo].[groupObject] ([id], [groupId], [objectId], [notes], [addOb], [updateOb], [deleteOb], [showOb], [reportOb], [levelOb], [createDate], [updateDate], [createUserId], [updateUserId], [isActive]) VALUES (1937, 8, 93, N'', 0, 0, 0, 0, 0, 0, CAST(N'2022-04-14T15:56:14.8881446' AS DateTime2), CAST(N'2022-04-14T15:56:14.8881446' AS DateTime2), NULL, NULL, 1)
GO
INSERT [dbo].[groupObject] ([id], [groupId], [objectId], [notes], [addOb], [updateOb], [deleteOb], [showOb], [reportOb], [levelOb], [createDate], [updateDate], [createUserId], [updateUserId], [isActive]) VALUES (1938, 8, 94, N'', 0, 0, 0, 0, 0, 0, CAST(N'2022-04-14T15:56:14.8901390' AS DateTime2), CAST(N'2022-04-14T15:56:14.8901390' AS DateTime2), NULL, NULL, 1)
GO
INSERT [dbo].[groupObject] ([id], [groupId], [objectId], [notes], [addOb], [updateOb], [deleteOb], [showOb], [reportOb], [levelOb], [createDate], [updateDate], [createUserId], [updateUserId], [isActive]) VALUES (1939, 8, 95, N'', 0, 0, 0, 0, 0, 0, CAST(N'2022-04-14T15:56:14.8931305' AS DateTime2), CAST(N'2022-04-14T15:56:14.8931305' AS DateTime2), NULL, NULL, 1)
GO
INSERT [dbo].[groupObject] ([id], [groupId], [objectId], [notes], [addOb], [updateOb], [deleteOb], [showOb], [reportOb], [levelOb], [createDate], [updateDate], [createUserId], [updateUserId], [isActive]) VALUES (1940, 8, 96, N'', 2, 2, 2, 0, 2, 0, CAST(N'2022-04-14T15:56:14.8961225' AS DateTime2), CAST(N'2022-04-14T15:56:14.8961225' AS DateTime2), NULL, NULL, 1)
GO
INSERT [dbo].[groupObject] ([id], [groupId], [objectId], [notes], [addOb], [updateOb], [deleteOb], [showOb], [reportOb], [levelOb], [createDate], [updateDate], [createUserId], [updateUserId], [isActive]) VALUES (1941, 8, 97, N'', 2, 2, 2, 0, 2, 0, CAST(N'2022-04-14T15:56:14.8991137' AS DateTime2), CAST(N'2022-04-14T15:56:14.8991137' AS DateTime2), NULL, NULL, 1)
GO
INSERT [dbo].[groupObject] ([id], [groupId], [objectId], [notes], [addOb], [updateOb], [deleteOb], [showOb], [reportOb], [levelOb], [createDate], [updateDate], [createUserId], [updateUserId], [isActive]) VALUES (1942, 8, 98, N'', 2, 2, 2, 0, 2, 0, CAST(N'2022-04-14T15:56:14.9021072' AS DateTime2), CAST(N'2022-04-14T15:56:14.9021072' AS DateTime2), NULL, NULL, 1)
GO
INSERT [dbo].[groupObject] ([id], [groupId], [objectId], [notes], [addOb], [updateOb], [deleteOb], [showOb], [reportOb], [levelOb], [createDate], [updateDate], [createUserId], [updateUserId], [isActive]) VALUES (1943, 8, 99, N'', 2, 2, 2, 0, 2, 0, CAST(N'2022-04-14T15:56:14.9050968' AS DateTime2), CAST(N'2022-04-14T15:56:14.9050968' AS DateTime2), NULL, NULL, 1)
GO
INSERT [dbo].[groupObject] ([id], [groupId], [objectId], [notes], [addOb], [updateOb], [deleteOb], [showOb], [reportOb], [levelOb], [createDate], [updateDate], [createUserId], [updateUserId], [isActive]) VALUES (1944, 8, 100, N'', 2, 2, 2, 0, 2, 0, CAST(N'2022-04-14T15:56:14.9080888' AS DateTime2), CAST(N'2022-04-14T15:56:14.9080888' AS DateTime2), NULL, NULL, 1)
GO
INSERT [dbo].[groupObject] ([id], [groupId], [objectId], [notes], [addOb], [updateOb], [deleteOb], [showOb], [reportOb], [levelOb], [createDate], [updateDate], [createUserId], [updateUserId], [isActive]) VALUES (1945, 8, 101, N'', 2, 2, 2, 0, 2, 0, CAST(N'2022-04-14T15:56:14.9100836' AS DateTime2), CAST(N'2022-04-14T15:56:14.9110808' AS DateTime2), NULL, NULL, 1)
GO
INSERT [dbo].[groupObject] ([id], [groupId], [objectId], [notes], [addOb], [updateOb], [deleteOb], [showOb], [reportOb], [levelOb], [createDate], [updateDate], [createUserId], [updateUserId], [isActive]) VALUES (1946, 8, 102, N'', 2, 2, 2, 0, 2, 0, CAST(N'2022-04-14T15:56:14.9130774' AS DateTime2), CAST(N'2022-04-14T15:56:14.9130774' AS DateTime2), NULL, NULL, 1)
GO
INSERT [dbo].[groupObject] ([id], [groupId], [objectId], [notes], [addOb], [updateOb], [deleteOb], [showOb], [reportOb], [levelOb], [createDate], [updateDate], [createUserId], [updateUserId], [isActive]) VALUES (1947, 8, 103, N'', 0, 0, 0, 0, 0, 0, CAST(N'2022-04-14T15:56:14.9160671' AS DateTime2), CAST(N'2022-04-14T15:56:14.9160671' AS DateTime2), NULL, NULL, 1)
GO
INSERT [dbo].[groupObject] ([id], [groupId], [objectId], [notes], [addOb], [updateOb], [deleteOb], [showOb], [reportOb], [levelOb], [createDate], [updateDate], [createUserId], [updateUserId], [isActive]) VALUES (1948, 8, 104, N'', 0, 0, 0, 0, 0, 0, CAST(N'2022-04-14T15:56:14.9190598' AS DateTime2), CAST(N'2022-04-14T15:56:14.9190598' AS DateTime2), NULL, NULL, 1)
GO
INSERT [dbo].[groupObject] ([id], [groupId], [objectId], [notes], [addOb], [updateOb], [deleteOb], [showOb], [reportOb], [levelOb], [createDate], [updateDate], [createUserId], [updateUserId], [isActive]) VALUES (1949, 8, 105, N'', 0, 0, 0, 0, 0, 0, CAST(N'2022-04-14T15:56:14.9220533' AS DateTime2), CAST(N'2022-04-14T15:56:14.9220533' AS DateTime2), NULL, NULL, 1)
GO
INSERT [dbo].[groupObject] ([id], [groupId], [objectId], [notes], [addOb], [updateOb], [deleteOb], [showOb], [reportOb], [levelOb], [createDate], [updateDate], [createUserId], [updateUserId], [isActive]) VALUES (1950, 8, 106, N'', 0, 0, 0, 0, 0, 0, CAST(N'2022-04-14T15:56:14.9250448' AS DateTime2), CAST(N'2022-04-14T15:56:14.9250448' AS DateTime2), NULL, NULL, 1)
GO
INSERT [dbo].[groupObject] ([id], [groupId], [objectId], [notes], [addOb], [updateOb], [deleteOb], [showOb], [reportOb], [levelOb], [createDate], [updateDate], [createUserId], [updateUserId], [isActive]) VALUES (1951, 8, 107, N'', 0, 0, 0, 0, 0, 0, CAST(N'2022-04-14T15:56:14.9280357' AS DateTime2), CAST(N'2022-04-14T15:56:14.9280357' AS DateTime2), NULL, NULL, 1)
GO
INSERT [dbo].[groupObject] ([id], [groupId], [objectId], [notes], [addOb], [updateOb], [deleteOb], [showOb], [reportOb], [levelOb], [createDate], [updateDate], [createUserId], [updateUserId], [isActive]) VALUES (1952, 8, 108, N'', 0, 0, 0, 0, 0, 0, CAST(N'2022-04-14T15:56:14.9300323' AS DateTime2), CAST(N'2022-04-14T15:56:14.9300323' AS DateTime2), NULL, NULL, 1)
GO
INSERT [dbo].[groupObject] ([id], [groupId], [objectId], [notes], [addOb], [updateOb], [deleteOb], [showOb], [reportOb], [levelOb], [createDate], [updateDate], [createUserId], [updateUserId], [isActive]) VALUES (1953, 8, 109, N'', 0, 0, 0, 0, 0, 0, CAST(N'2022-04-14T15:56:14.9330243' AS DateTime2), CAST(N'2022-04-14T15:56:14.9330243' AS DateTime2), NULL, NULL, 1)
GO
INSERT [dbo].[groupObject] ([id], [groupId], [objectId], [notes], [addOb], [updateOb], [deleteOb], [showOb], [reportOb], [levelOb], [createDate], [updateDate], [createUserId], [updateUserId], [isActive]) VALUES (1954, 8, 110, N'', 0, 0, 0, 0, 0, 0, CAST(N'2022-04-14T15:56:14.9390063' AS DateTime2), CAST(N'2022-04-14T15:56:14.9390063' AS DateTime2), NULL, NULL, 1)
GO
INSERT [dbo].[groupObject] ([id], [groupId], [objectId], [notes], [addOb], [updateOb], [deleteOb], [showOb], [reportOb], [levelOb], [createDate], [updateDate], [createUserId], [updateUserId], [isActive]) VALUES (1955, 8, 111, N'', 0, 0, 0, 0, 0, 0, CAST(N'2022-04-14T15:56:14.9429947' AS DateTime2), CAST(N'2022-04-14T15:56:14.9429947' AS DateTime2), NULL, NULL, 1)
GO
INSERT [dbo].[groupObject] ([id], [groupId], [objectId], [notes], [addOb], [updateOb], [deleteOb], [showOb], [reportOb], [levelOb], [createDate], [updateDate], [createUserId], [updateUserId], [isActive]) VALUES (1956, 8, 112, N'', 0, 0, 0, 0, 0, 0, CAST(N'2022-04-14T15:56:14.9489812' AS DateTime2), CAST(N'2022-04-14T15:56:14.9489812' AS DateTime2), NULL, NULL, 1)
GO
INSERT [dbo].[groupObject] ([id], [groupId], [objectId], [notes], [addOb], [updateOb], [deleteOb], [showOb], [reportOb], [levelOb], [createDate], [updateDate], [createUserId], [updateUserId], [isActive]) VALUES (1957, 8, 113, N'', 0, 0, 0, 0, 0, 0, CAST(N'2022-04-14T15:56:14.9559601' AS DateTime2), CAST(N'2022-04-14T15:56:14.9559601' AS DateTime2), NULL, NULL, 1)
GO
INSERT [dbo].[groupObject] ([id], [groupId], [objectId], [notes], [addOb], [updateOb], [deleteOb], [showOb], [reportOb], [levelOb], [createDate], [updateDate], [createUserId], [updateUserId], [isActive]) VALUES (1958, 8, 114, N'', 0, 0, 0, 0, 0, 0, CAST(N'2022-04-14T15:56:14.9639387' AS DateTime2), CAST(N'2022-04-14T15:56:14.9639387' AS DateTime2), NULL, NULL, 1)
GO
INSERT [dbo].[groupObject] ([id], [groupId], [objectId], [notes], [addOb], [updateOb], [deleteOb], [showOb], [reportOb], [levelOb], [createDate], [updateDate], [createUserId], [updateUserId], [isActive]) VALUES (1959, 8, 115, N'', 0, 0, 0, 0, 0, 0, CAST(N'2022-04-14T15:56:14.9699230' AS DateTime2), CAST(N'2022-04-14T15:56:14.9699230' AS DateTime2), NULL, NULL, 1)
GO
INSERT [dbo].[groupObject] ([id], [groupId], [objectId], [notes], [addOb], [updateOb], [deleteOb], [showOb], [reportOb], [levelOb], [createDate], [updateDate], [createUserId], [updateUserId], [isActive]) VALUES (1960, 8, 116, N'', 0, 0, 0, 0, 0, 0, CAST(N'2022-04-14T15:56:14.9788993' AS DateTime2), CAST(N'2022-04-14T15:56:14.9788993' AS DateTime2), NULL, NULL, 1)
GO
INSERT [dbo].[groupObject] ([id], [groupId], [objectId], [notes], [addOb], [updateOb], [deleteOb], [showOb], [reportOb], [levelOb], [createDate], [updateDate], [createUserId], [updateUserId], [isActive]) VALUES (1961, 8, 117, N'', 0, 0, 0, 0, 0, 0, CAST(N'2022-04-14T15:56:14.9818916' AS DateTime2), CAST(N'2022-04-14T15:56:14.9818916' AS DateTime2), NULL, NULL, 1)
GO
INSERT [dbo].[groupObject] ([id], [groupId], [objectId], [notes], [addOb], [updateOb], [deleteOb], [showOb], [reportOb], [levelOb], [createDate], [updateDate], [createUserId], [updateUserId], [isActive]) VALUES (1962, 8, 118, N'', 0, 0, 0, 0, 0, 0, CAST(N'2022-04-14T15:56:14.9878778' AS DateTime2), CAST(N'2022-04-14T15:56:14.9878778' AS DateTime2), NULL, NULL, 1)
GO
INSERT [dbo].[groupObject] ([id], [groupId], [objectId], [notes], [addOb], [updateOb], [deleteOb], [showOb], [reportOb], [levelOb], [createDate], [updateDate], [createUserId], [updateUserId], [isActive]) VALUES (1963, 8, 119, N'', 0, 0, 0, 0, 0, 0, CAST(N'2022-04-14T15:56:14.9908675' AS DateTime2), CAST(N'2022-04-14T15:56:14.9908675' AS DateTime2), NULL, NULL, 1)
GO
INSERT [dbo].[groupObject] ([id], [groupId], [objectId], [notes], [addOb], [updateOb], [deleteOb], [showOb], [reportOb], [levelOb], [createDate], [updateDate], [createUserId], [updateUserId], [isActive]) VALUES (1964, 8, 120, N'', 0, 0, 0, 0, 0, 0, CAST(N'2022-04-14T15:56:14.9948581' AS DateTime2), CAST(N'2022-04-14T15:56:14.9948581' AS DateTime2), NULL, NULL, 1)
GO
INSERT [dbo].[groupObject] ([id], [groupId], [objectId], [notes], [addOb], [updateOb], [deleteOb], [showOb], [reportOb], [levelOb], [createDate], [updateDate], [createUserId], [updateUserId], [isActive]) VALUES (1965, 8, 121, N'', 0, 0, 0, 0, 0, 0, CAST(N'2022-04-14T15:56:14.9978493' AS DateTime2), CAST(N'2022-04-14T15:56:14.9978493' AS DateTime2), NULL, NULL, 1)
GO
INSERT [dbo].[groupObject] ([id], [groupId], [objectId], [notes], [addOb], [updateOb], [deleteOb], [showOb], [reportOb], [levelOb], [createDate], [updateDate], [createUserId], [updateUserId], [isActive]) VALUES (1966, 8, 122, N'', 0, 0, 0, 0, 0, 0, CAST(N'2022-04-14T15:56:15.0018385' AS DateTime2), CAST(N'2022-04-14T15:56:15.0018385' AS DateTime2), NULL, NULL, 1)
GO
INSERT [dbo].[groupObject] ([id], [groupId], [objectId], [notes], [addOb], [updateOb], [deleteOb], [showOb], [reportOb], [levelOb], [createDate], [updateDate], [createUserId], [updateUserId], [isActive]) VALUES (1967, 8, 123, N'', 0, 0, 0, 0, 0, 0, CAST(N'2022-04-14T15:56:15.0098186' AS DateTime2), CAST(N'2022-04-14T15:56:15.0098186' AS DateTime2), NULL, NULL, 1)
GO
INSERT [dbo].[groupObject] ([id], [groupId], [objectId], [notes], [addOb], [updateOb], [deleteOb], [showOb], [reportOb], [levelOb], [createDate], [updateDate], [createUserId], [updateUserId], [isActive]) VALUES (1968, 8, 124, N'', 0, 0, 0, 0, 0, 0, CAST(N'2022-04-14T15:56:15.0167994' AS DateTime2), CAST(N'2022-04-14T15:56:15.0167994' AS DateTime2), NULL, NULL, 1)
GO
INSERT [dbo].[groupObject] ([id], [groupId], [objectId], [notes], [addOb], [updateOb], [deleteOb], [showOb], [reportOb], [levelOb], [createDate], [updateDate], [createUserId], [updateUserId], [isActive]) VALUES (1969, 8, 125, N'', 0, 0, 0, 0, 0, 0, CAST(N'2022-04-14T15:56:15.0207893' AS DateTime2), CAST(N'2022-04-14T15:56:15.0207893' AS DateTime2), NULL, NULL, 1)
GO
INSERT [dbo].[groupObject] ([id], [groupId], [objectId], [notes], [addOb], [updateOb], [deleteOb], [showOb], [reportOb], [levelOb], [createDate], [updateDate], [createUserId], [updateUserId], [isActive]) VALUES (1970, 8, 126, N'', 0, 0, 0, 0, 0, 0, CAST(N'2022-04-14T15:56:15.0237797' AS DateTime2), CAST(N'2022-04-14T15:56:15.0237797' AS DateTime2), NULL, NULL, 1)
GO
INSERT [dbo].[groupObject] ([id], [groupId], [objectId], [notes], [addOb], [updateOb], [deleteOb], [showOb], [reportOb], [levelOb], [createDate], [updateDate], [createUserId], [updateUserId], [isActive]) VALUES (1971, 8, 127, N'', 0, 0, 0, 0, 0, 0, CAST(N'2022-04-14T15:56:15.0267717' AS DateTime2), CAST(N'2022-04-14T15:56:15.0267717' AS DateTime2), NULL, NULL, 1)
GO
INSERT [dbo].[groupObject] ([id], [groupId], [objectId], [notes], [addOb], [updateOb], [deleteOb], [showOb], [reportOb], [levelOb], [createDate], [updateDate], [createUserId], [updateUserId], [isActive]) VALUES (1972, 8, 128, N'', 0, 0, 0, 0, 0, 0, CAST(N'2022-04-14T15:56:15.0297644' AS DateTime2), CAST(N'2022-04-14T15:56:15.0297644' AS DateTime2), NULL, NULL, 1)
GO
INSERT [dbo].[groupObject] ([id], [groupId], [objectId], [notes], [addOb], [updateOb], [deleteOb], [showOb], [reportOb], [levelOb], [createDate], [updateDate], [createUserId], [updateUserId], [isActive]) VALUES (1973, 8, 129, N'', 0, 0, 0, 0, 0, 0, CAST(N'2022-04-14T15:56:15.0337550' AS DateTime2), CAST(N'2022-04-14T15:56:15.0337550' AS DateTime2), NULL, NULL, 1)
GO
INSERT [dbo].[groupObject] ([id], [groupId], [objectId], [notes], [addOb], [updateOb], [deleteOb], [showOb], [reportOb], [levelOb], [createDate], [updateDate], [createUserId], [updateUserId], [isActive]) VALUES (1974, 8, 130, N'', 0, 0, 0, 0, 0, 0, CAST(N'2022-04-14T15:56:15.0407358' AS DateTime2), CAST(N'2022-04-14T15:56:15.0407358' AS DateTime2), NULL, NULL, 1)
GO
INSERT [dbo].[groupObject] ([id], [groupId], [objectId], [notes], [addOb], [updateOb], [deleteOb], [showOb], [reportOb], [levelOb], [createDate], [updateDate], [createUserId], [updateUserId], [isActive]) VALUES (1975, 8, 131, N'', 2, 2, 2, 0, 2, 0, CAST(N'2022-04-14T15:56:15.0447257' AS DateTime2), CAST(N'2022-04-14T15:56:15.0447257' AS DateTime2), NULL, NULL, 1)
GO
INSERT [dbo].[groupObject] ([id], [groupId], [objectId], [notes], [addOb], [updateOb], [deleteOb], [showOb], [reportOb], [levelOb], [createDate], [updateDate], [createUserId], [updateUserId], [isActive]) VALUES (1976, 8, 132, N'', 0, 0, 0, 0, 0, 0, CAST(N'2022-04-14T15:56:15.0546965' AS DateTime2), CAST(N'2022-04-14T15:56:15.0546965' AS DateTime2), NULL, NULL, 1)
GO
INSERT [dbo].[groupObject] ([id], [groupId], [objectId], [notes], [addOb], [updateOb], [deleteOb], [showOb], [reportOb], [levelOb], [createDate], [updateDate], [createUserId], [updateUserId], [isActive]) VALUES (1977, 8, 133, N'', 0, 0, 0, 0, 0, 0, CAST(N'2022-04-14T15:56:15.0586916' AS DateTime2), CAST(N'2022-04-14T15:56:15.0586916' AS DateTime2), NULL, NULL, 1)
GO
INSERT [dbo].[groupObject] ([id], [groupId], [objectId], [notes], [addOb], [updateOb], [deleteOb], [showOb], [reportOb], [levelOb], [createDate], [updateDate], [createUserId], [updateUserId], [isActive]) VALUES (1978, 8, 134, N'', 2, 2, 2, 0, 2, 0, CAST(N'2022-04-14T15:56:15.0656712' AS DateTime2), CAST(N'2022-04-14T15:56:15.0656712' AS DateTime2), NULL, NULL, 1)
GO
INSERT [dbo].[groupObject] ([id], [groupId], [objectId], [notes], [addOb], [updateOb], [deleteOb], [showOb], [reportOb], [levelOb], [createDate], [updateDate], [createUserId], [updateUserId], [isActive]) VALUES (1979, 8, 135, N'', 0, 0, 0, 0, 0, 0, CAST(N'2022-04-14T15:56:15.0716514' AS DateTime2), CAST(N'2022-04-14T15:56:15.0716514' AS DateTime2), NULL, NULL, 1)
GO
INSERT [dbo].[groupObject] ([id], [groupId], [objectId], [notes], [addOb], [updateOb], [deleteOb], [showOb], [reportOb], [levelOb], [createDate], [updateDate], [createUserId], [updateUserId], [isActive]) VALUES (1980, 8, 136, N'', 2, 2, 2, 0, 2, 0, CAST(N'2022-04-14T15:56:15.0746456' AS DateTime2), CAST(N'2022-04-14T15:56:15.0746456' AS DateTime2), NULL, NULL, 1)
GO
INSERT [dbo].[groupObject] ([id], [groupId], [objectId], [notes], [addOb], [updateOb], [deleteOb], [showOb], [reportOb], [levelOb], [createDate], [updateDate], [createUserId], [updateUserId], [isActive]) VALUES (1981, 8, 137, N'', 0, 0, 0, 0, 0, 0, CAST(N'2022-04-14T15:56:15.0776353' AS DateTime2), CAST(N'2022-04-14T15:56:15.0776353' AS DateTime2), NULL, NULL, 1)
GO
INSERT [dbo].[groupObject] ([id], [groupId], [objectId], [notes], [addOb], [updateOb], [deleteOb], [showOb], [reportOb], [levelOb], [createDate], [updateDate], [createUserId], [updateUserId], [isActive]) VALUES (1982, 8, 138, N'', 2, 2, 2, 0, 2, 0, CAST(N'2022-04-14T15:56:15.0816271' AS DateTime2), CAST(N'2022-04-14T15:56:15.0816271' AS DateTime2), NULL, NULL, 1)
GO
INSERT [dbo].[groupObject] ([id], [groupId], [objectId], [notes], [addOb], [updateOb], [deleteOb], [showOb], [reportOb], [levelOb], [createDate], [updateDate], [createUserId], [updateUserId], [isActive]) VALUES (1983, 8, 139, N'', 0, 0, 0, 0, 0, 0, CAST(N'2022-04-14T15:56:15.0856158' AS DateTime2), CAST(N'2022-04-14T15:56:15.0856158' AS DateTime2), NULL, NULL, 1)
GO
INSERT [dbo].[groupObject] ([id], [groupId], [objectId], [notes], [addOb], [updateOb], [deleteOb], [showOb], [reportOb], [levelOb], [createDate], [updateDate], [createUserId], [updateUserId], [isActive]) VALUES (1984, 8, 140, N'', 2, 2, 2, 0, 2, 0, CAST(N'2022-04-14T15:56:15.0906026' AS DateTime2), CAST(N'2022-04-14T15:56:15.0906026' AS DateTime2), NULL, NULL, 1)
GO
INSERT [dbo].[groupObject] ([id], [groupId], [objectId], [notes], [addOb], [updateOb], [deleteOb], [showOb], [reportOb], [levelOb], [createDate], [updateDate], [createUserId], [updateUserId], [isActive]) VALUES (1985, 8, 141, N'', 0, 0, 0, 0, 0, 0, CAST(N'2022-04-14T15:56:15.0935930' AS DateTime2), CAST(N'2022-04-14T15:56:15.0935930' AS DateTime2), NULL, NULL, 1)
GO
INSERT [dbo].[groupObject] ([id], [groupId], [objectId], [notes], [addOb], [updateOb], [deleteOb], [showOb], [reportOb], [levelOb], [createDate], [updateDate], [createUserId], [updateUserId], [isActive]) VALUES (1986, 8, 142, N'', 2, 2, 2, 0, 2, 0, CAST(N'2022-04-14T15:56:15.0975825' AS DateTime2), CAST(N'2022-04-14T15:56:15.0975825' AS DateTime2), NULL, NULL, 1)
GO
INSERT [dbo].[groupObject] ([id], [groupId], [objectId], [notes], [addOb], [updateOb], [deleteOb], [showOb], [reportOb], [levelOb], [createDate], [updateDate], [createUserId], [updateUserId], [isActive]) VALUES (1987, 8, 143, N'', 0, 0, 0, 0, 0, 0, CAST(N'2022-04-14T15:56:15.1025692' AS DateTime2), CAST(N'2022-04-14T15:56:15.1025692' AS DateTime2), NULL, NULL, 1)
GO
INSERT [dbo].[groupObject] ([id], [groupId], [objectId], [notes], [addOb], [updateOb], [deleteOb], [showOb], [reportOb], [levelOb], [createDate], [updateDate], [createUserId], [updateUserId], [isActive]) VALUES (1988, 8, 144, N'', 2, 2, 2, 0, 2, 0, CAST(N'2022-04-14T15:56:15.1065580' AS DateTime2), CAST(N'2022-04-14T15:56:15.1065580' AS DateTime2), NULL, NULL, 1)
GO
INSERT [dbo].[groupObject] ([id], [groupId], [objectId], [notes], [addOb], [updateOb], [deleteOb], [showOb], [reportOb], [levelOb], [createDate], [updateDate], [createUserId], [updateUserId], [isActive]) VALUES (1989, 8, 145, N'', 2, 2, 2, 0, 2, 0, CAST(N'2022-04-14T15:56:15.1095503' AS DateTime2), CAST(N'2022-04-14T15:56:15.1095503' AS DateTime2), NULL, NULL, 1)
GO
INSERT [dbo].[groupObject] ([id], [groupId], [objectId], [notes], [addOb], [updateOb], [deleteOb], [showOb], [reportOb], [levelOb], [createDate], [updateDate], [createUserId], [updateUserId], [isActive]) VALUES (1990, 8, 146, N'', 2, 2, 2, 0, 2, 0, CAST(N'2022-04-14T15:56:15.1135410' AS DateTime2), CAST(N'2022-04-14T15:56:15.1135410' AS DateTime2), NULL, NULL, 1)
GO
INSERT [dbo].[groupObject] ([id], [groupId], [objectId], [notes], [addOb], [updateOb], [deleteOb], [showOb], [reportOb], [levelOb], [createDate], [updateDate], [createUserId], [updateUserId], [isActive]) VALUES (1991, 8, 147, N'', 2, 2, 2, 0, 2, 0, CAST(N'2022-04-14T15:56:15.1175286' AS DateTime2), CAST(N'2022-04-14T15:56:15.1175286' AS DateTime2), NULL, NULL, 1)
GO
INSERT [dbo].[groupObject] ([id], [groupId], [objectId], [notes], [addOb], [updateOb], [deleteOb], [showOb], [reportOb], [levelOb], [createDate], [updateDate], [createUserId], [updateUserId], [isActive]) VALUES (1992, 8, 148, N'', 2, 2, 2, 0, 2, 0, CAST(N'2022-04-14T15:56:15.1225157' AS DateTime2), CAST(N'2022-04-14T15:56:15.1225157' AS DateTime2), NULL, NULL, 1)
GO
INSERT [dbo].[groupObject] ([id], [groupId], [objectId], [notes], [addOb], [updateOb], [deleteOb], [showOb], [reportOb], [levelOb], [createDate], [updateDate], [createUserId], [updateUserId], [isActive]) VALUES (1993, 8, 149, N'', 2, 2, 2, 0, 2, 0, CAST(N'2022-04-14T15:56:15.1285011' AS DateTime2), CAST(N'2022-04-14T15:56:15.1285011' AS DateTime2), NULL, NULL, 1)
GO
INSERT [dbo].[groupObject] ([id], [groupId], [objectId], [notes], [addOb], [updateOb], [deleteOb], [showOb], [reportOb], [levelOb], [createDate], [updateDate], [createUserId], [updateUserId], [isActive]) VALUES (1994, 8, 150, N'', 2, 2, 2, 0, 2, 0, CAST(N'2022-04-14T15:56:15.1344835' AS DateTime2), CAST(N'2022-04-14T15:56:15.1344835' AS DateTime2), NULL, NULL, 1)
GO
INSERT [dbo].[groupObject] ([id], [groupId], [objectId], [notes], [addOb], [updateOb], [deleteOb], [showOb], [reportOb], [levelOb], [createDate], [updateDate], [createUserId], [updateUserId], [isActive]) VALUES (1995, 8, 151, N'', 2, 2, 2, 0, 2, 0, CAST(N'2022-04-14T15:56:15.1384750' AS DateTime2), CAST(N'2022-04-14T15:56:15.1384750' AS DateTime2), NULL, NULL, 1)
GO
INSERT [dbo].[groupObject] ([id], [groupId], [objectId], [notes], [addOb], [updateOb], [deleteOb], [showOb], [reportOb], [levelOb], [createDate], [updateDate], [createUserId], [updateUserId], [isActive]) VALUES (1996, 8, 152, N'', 2, 2, 2, 0, 2, 0, CAST(N'2022-04-14T15:56:15.1424633' AS DateTime2), CAST(N'2022-04-14T15:56:15.1424633' AS DateTime2), NULL, NULL, 1)
GO
INSERT [dbo].[groupObject] ([id], [groupId], [objectId], [notes], [addOb], [updateOb], [deleteOb], [showOb], [reportOb], [levelOb], [createDate], [updateDate], [createUserId], [updateUserId], [isActive]) VALUES (1997, 8, 153, N'', 2, 2, 2, 0, 2, 0, CAST(N'2022-04-14T15:56:15.1454561' AS DateTime2), CAST(N'2022-04-14T15:56:15.1454561' AS DateTime2), NULL, NULL, 1)
GO
INSERT [dbo].[groupObject] ([id], [groupId], [objectId], [notes], [addOb], [updateOb], [deleteOb], [showOb], [reportOb], [levelOb], [createDate], [updateDate], [createUserId], [updateUserId], [isActive]) VALUES (1998, 8, 154, N'', 2, 2, 2, 0, 2, 0, CAST(N'2022-04-14T15:56:15.1484488' AS DateTime2), CAST(N'2022-04-14T15:56:15.1484488' AS DateTime2), NULL, NULL, 1)
GO
INSERT [dbo].[groupObject] ([id], [groupId], [objectId], [notes], [addOb], [updateOb], [deleteOb], [showOb], [reportOb], [levelOb], [createDate], [updateDate], [createUserId], [updateUserId], [isActive]) VALUES (1999, 8, 155, N'', 2, 2, 2, 0, 2, 0, CAST(N'2022-04-14T15:56:15.1534332' AS DateTime2), CAST(N'2022-04-14T15:56:15.1534332' AS DateTime2), NULL, NULL, 1)
GO
INSERT [dbo].[groupObject] ([id], [groupId], [objectId], [notes], [addOb], [updateOb], [deleteOb], [showOb], [reportOb], [levelOb], [createDate], [updateDate], [createUserId], [updateUserId], [isActive]) VALUES (2000, 8, 156, N'', 0, 0, 0, 0, 0, 0, CAST(N'2022-04-14T15:56:15.1564282' AS DateTime2), CAST(N'2022-04-14T15:56:15.1564282' AS DateTime2), NULL, NULL, 1)
GO
INSERT [dbo].[groupObject] ([id], [groupId], [objectId], [notes], [addOb], [updateOb], [deleteOb], [showOb], [reportOb], [levelOb], [createDate], [updateDate], [createUserId], [updateUserId], [isActive]) VALUES (2001, 8, 157, N'', 2, 2, 2, 0, 2, 0, CAST(N'2022-04-14T15:56:15.1604139' AS DateTime2), CAST(N'2022-04-14T15:56:15.1604139' AS DateTime2), NULL, NULL, 1)
GO
INSERT [dbo].[groupObject] ([id], [groupId], [objectId], [notes], [addOb], [updateOb], [deleteOb], [showOb], [reportOb], [levelOb], [createDate], [updateDate], [createUserId], [updateUserId], [isActive]) VALUES (2002, 8, 158, N'', 0, 0, 0, 0, 0, 0, CAST(N'2022-04-14T15:56:15.1634078' AS DateTime2), CAST(N'2022-04-14T15:56:15.1634078' AS DateTime2), NULL, NULL, 1)
GO
INSERT [dbo].[groupObject] ([id], [groupId], [objectId], [notes], [addOb], [updateOb], [deleteOb], [showOb], [reportOb], [levelOb], [createDate], [updateDate], [createUserId], [updateUserId], [isActive]) VALUES (2003, 8, 159, N'', 2, 2, 2, 0, 2, 0, CAST(N'2022-04-14T15:56:15.1663979' AS DateTime2), CAST(N'2022-04-14T15:56:15.1663979' AS DateTime2), NULL, NULL, 1)
GO
INSERT [dbo].[groupObject] ([id], [groupId], [objectId], [notes], [addOb], [updateOb], [deleteOb], [showOb], [reportOb], [levelOb], [createDate], [updateDate], [createUserId], [updateUserId], [isActive]) VALUES (2004, 8, 160, N'', 0, 0, 0, 0, 0, 0, CAST(N'2022-04-14T15:56:15.1733801' AS DateTime2), CAST(N'2022-04-14T15:56:15.1733801' AS DateTime2), NULL, NULL, 1)
GO
INSERT [dbo].[groupObject] ([id], [groupId], [objectId], [notes], [addOb], [updateOb], [deleteOb], [showOb], [reportOb], [levelOb], [createDate], [updateDate], [createUserId], [updateUserId], [isActive]) VALUES (2005, 8, 161, N'', 2, 2, 2, 0, 2, 0, CAST(N'2022-04-14T15:56:15.1773734' AS DateTime2), CAST(N'2022-04-14T15:56:15.1773734' AS DateTime2), NULL, NULL, 1)
GO
INSERT [dbo].[groupObject] ([id], [groupId], [objectId], [notes], [addOb], [updateOb], [deleteOb], [showOb], [reportOb], [levelOb], [createDate], [updateDate], [createUserId], [updateUserId], [isActive]) VALUES (2006, 8, 162, N'', 2, 2, 2, 0, 2, 0, CAST(N'2022-04-14T15:56:15.1823567' AS DateTime2), CAST(N'2022-04-14T15:56:15.1823567' AS DateTime2), NULL, NULL, 1)
GO
INSERT [dbo].[groupObject] ([id], [groupId], [objectId], [notes], [addOb], [updateOb], [deleteOb], [showOb], [reportOb], [levelOb], [createDate], [updateDate], [createUserId], [updateUserId], [isActive]) VALUES (2007, 8, 163, N'', 2, 2, 2, 0, 2, 0, CAST(N'2022-04-14T15:56:15.1873434' AS DateTime2), CAST(N'2022-04-14T15:56:15.1873434' AS DateTime2), NULL, NULL, 1)
GO
INSERT [dbo].[groupObject] ([id], [groupId], [objectId], [notes], [addOb], [updateOb], [deleteOb], [showOb], [reportOb], [levelOb], [createDate], [updateDate], [createUserId], [updateUserId], [isActive]) VALUES (2008, 8, 164, N'', 2, 2, 2, 0, 2, 0, CAST(N'2022-04-14T15:56:15.1933258' AS DateTime2), CAST(N'2022-04-14T15:56:15.1933258' AS DateTime2), NULL, NULL, 1)
GO
INSERT [dbo].[groupObject] ([id], [groupId], [objectId], [notes], [addOb], [updateOb], [deleteOb], [showOb], [reportOb], [levelOb], [createDate], [updateDate], [createUserId], [updateUserId], [isActive]) VALUES (2009, 8, 165, N'', 2, 2, 2, 0, 2, 0, CAST(N'2022-04-14T15:56:15.1973153' AS DateTime2), CAST(N'2022-04-14T15:56:15.1973153' AS DateTime2), NULL, NULL, 1)
GO
INSERT [dbo].[groupObject] ([id], [groupId], [objectId], [notes], [addOb], [updateOb], [deleteOb], [showOb], [reportOb], [levelOb], [createDate], [updateDate], [createUserId], [updateUserId], [isActive]) VALUES (2010, 8, 166, N'', 2, 2, 2, 0, 2, 0, CAST(N'2022-04-14T15:56:15.2003073' AS DateTime2), CAST(N'2022-04-14T15:56:15.2003073' AS DateTime2), NULL, NULL, 1)
GO
INSERT [dbo].[groupObject] ([id], [groupId], [objectId], [notes], [addOb], [updateOb], [deleteOb], [showOb], [reportOb], [levelOb], [createDate], [updateDate], [createUserId], [updateUserId], [isActive]) VALUES (2011, 8, 167, N'', 2, 2, 2, 0, 2, 0, CAST(N'2022-04-14T15:56:15.2052959' AS DateTime2), CAST(N'2022-04-14T15:56:15.2052959' AS DateTime2), NULL, NULL, 1)
GO
INSERT [dbo].[groupObject] ([id], [groupId], [objectId], [notes], [addOb], [updateOb], [deleteOb], [showOb], [reportOb], [levelOb], [createDate], [updateDate], [createUserId], [updateUserId], [isActive]) VALUES (2012, 8, 168, N'', 2, 2, 2, 0, 2, 0, CAST(N'2022-04-14T15:56:15.2092847' AS DateTime2), CAST(N'2022-04-14T15:56:15.2092847' AS DateTime2), NULL, NULL, 1)
GO
INSERT [dbo].[groupObject] ([id], [groupId], [objectId], [notes], [addOb], [updateOb], [deleteOb], [showOb], [reportOb], [levelOb], [createDate], [updateDate], [createUserId], [updateUserId], [isActive]) VALUES (2013, 8, 169, N'', 2, 2, 2, 0, 2, 0, CAST(N'2022-04-14T15:56:15.2132814' AS DateTime2), CAST(N'2022-04-14T15:56:15.2132814' AS DateTime2), NULL, NULL, 1)
GO
INSERT [dbo].[groupObject] ([id], [groupId], [objectId], [notes], [addOb], [updateOb], [deleteOb], [showOb], [reportOb], [levelOb], [createDate], [updateDate], [createUserId], [updateUserId], [isActive]) VALUES (2014, 8, 170, N'', 2, 2, 2, 0, 2, 0, CAST(N'2022-04-14T15:56:15.2192589' AS DateTime2), CAST(N'2022-04-14T15:56:15.2192589' AS DateTime2), NULL, NULL, 1)
GO
INSERT [dbo].[groupObject] ([id], [groupId], [objectId], [notes], [addOb], [updateOb], [deleteOb], [showOb], [reportOb], [levelOb], [createDate], [updateDate], [createUserId], [updateUserId], [isActive]) VALUES (2015, 8, 171, N'', 2, 2, 2, 0, 2, 0, CAST(N'2022-04-14T15:56:15.2272356' AS DateTime2), CAST(N'2022-04-14T15:56:15.2272356' AS DateTime2), NULL, NULL, 1)
GO
INSERT [dbo].[groupObject] ([id], [groupId], [objectId], [notes], [addOb], [updateOb], [deleteOb], [showOb], [reportOb], [levelOb], [createDate], [updateDate], [createUserId], [updateUserId], [isActive]) VALUES (2016, 8, 172, N'', 2, 2, 2, 0, 2, 0, CAST(N'2022-04-14T15:56:15.2332207' AS DateTime2), CAST(N'2022-04-14T15:56:15.2332207' AS DateTime2), NULL, NULL, 1)
GO
INSERT [dbo].[groupObject] ([id], [groupId], [objectId], [notes], [addOb], [updateOb], [deleteOb], [showOb], [reportOb], [levelOb], [createDate], [updateDate], [createUserId], [updateUserId], [isActive]) VALUES (2017, 8, 173, N'', 2, 2, 2, 0, 2, 0, CAST(N'2022-04-14T15:56:15.2402025' AS DateTime2), CAST(N'2022-04-14T15:56:15.2402025' AS DateTime2), NULL, NULL, 1)
GO
INSERT [dbo].[groupObject] ([id], [groupId], [objectId], [notes], [addOb], [updateOb], [deleteOb], [showOb], [reportOb], [levelOb], [createDate], [updateDate], [createUserId], [updateUserId], [isActive]) VALUES (2018, 8, 174, N'', 2, 2, 2, 0, 2, 0, CAST(N'2022-04-14T15:56:15.2441917' AS DateTime2), CAST(N'2022-04-14T15:56:15.2441917' AS DateTime2), NULL, NULL, 1)
GO
INSERT [dbo].[groupObject] ([id], [groupId], [objectId], [notes], [addOb], [updateOb], [deleteOb], [showOb], [reportOb], [levelOb], [createDate], [updateDate], [createUserId], [updateUserId], [isActive]) VALUES (2019, 8, 175, N'', 2, 2, 2, 0, 2, 0, CAST(N'2022-04-14T15:56:15.2481823' AS DateTime2), CAST(N'2022-04-14T15:56:15.2481823' AS DateTime2), NULL, NULL, 1)
GO
INSERT [dbo].[groupObject] ([id], [groupId], [objectId], [notes], [addOb], [updateOb], [deleteOb], [showOb], [reportOb], [levelOb], [createDate], [updateDate], [createUserId], [updateUserId], [isActive]) VALUES (2020, 8, 176, N'', 2, 2, 2, 0, 2, 0, CAST(N'2022-04-14T15:56:15.2521711' AS DateTime2), CAST(N'2022-04-14T15:56:15.2521711' AS DateTime2), NULL, NULL, 1)
GO
INSERT [dbo].[groupObject] ([id], [groupId], [objectId], [notes], [addOb], [updateOb], [deleteOb], [showOb], [reportOb], [levelOb], [createDate], [updateDate], [createUserId], [updateUserId], [isActive]) VALUES (2021, 8, 177, N'', 2, 2, 2, 0, 2, 0, CAST(N'2022-04-14T15:56:15.2561595' AS DateTime2), CAST(N'2022-04-14T15:56:15.2561595' AS DateTime2), NULL, NULL, 1)
GO
INSERT [dbo].[groupObject] ([id], [groupId], [objectId], [notes], [addOb], [updateOb], [deleteOb], [showOb], [reportOb], [levelOb], [createDate], [updateDate], [createUserId], [updateUserId], [isActive]) VALUES (2022, 8, 178, N'', 2, 2, 2, 0, 2, 0, CAST(N'2022-04-14T15:56:15.2601498' AS DateTime2), CAST(N'2022-04-14T15:56:15.2601498' AS DateTime2), NULL, NULL, 1)
GO
INSERT [dbo].[groupObject] ([id], [groupId], [objectId], [notes], [addOb], [updateOb], [deleteOb], [showOb], [reportOb], [levelOb], [createDate], [updateDate], [createUserId], [updateUserId], [isActive]) VALUES (2023, 8, 179, N'', 2, 2, 2, 0, 2, 0, CAST(N'2022-04-14T15:56:15.2631406' AS DateTime2), CAST(N'2022-04-14T15:56:15.2631406' AS DateTime2), NULL, NULL, 1)
GO
INSERT [dbo].[groupObject] ([id], [groupId], [objectId], [notes], [addOb], [updateOb], [deleteOb], [showOb], [reportOb], [levelOb], [createDate], [updateDate], [createUserId], [updateUserId], [isActive]) VALUES (2024, 8, 180, N'', 2, 2, 2, 0, 2, 0, CAST(N'2022-04-14T15:56:15.2671305' AS DateTime2), CAST(N'2022-04-14T15:56:15.2671305' AS DateTime2), NULL, NULL, 1)
GO
INSERT [dbo].[groupObject] ([id], [groupId], [objectId], [notes], [addOb], [updateOb], [deleteOb], [showOb], [reportOb], [levelOb], [createDate], [updateDate], [createUserId], [updateUserId], [isActive]) VALUES (2025, 8, 181, N'', 2, 2, 2, 0, 2, 0, CAST(N'2022-04-14T15:56:15.2731140' AS DateTime2), CAST(N'2022-04-14T15:56:15.2731140' AS DateTime2), NULL, NULL, 1)
GO
INSERT [dbo].[groupObject] ([id], [groupId], [objectId], [notes], [addOb], [updateOb], [deleteOb], [showOb], [reportOb], [levelOb], [createDate], [updateDate], [createUserId], [updateUserId], [isActive]) VALUES (2026, 8, 182, N'', 2, 2, 2, 0, 2, 0, CAST(N'2022-04-14T15:56:15.2771043' AS DateTime2), CAST(N'2022-04-14T15:56:15.2771043' AS DateTime2), NULL, NULL, 1)
GO
INSERT [dbo].[groupObject] ([id], [groupId], [objectId], [notes], [addOb], [updateOb], [deleteOb], [showOb], [reportOb], [levelOb], [createDate], [updateDate], [createUserId], [updateUserId], [isActive]) VALUES (2027, 8, 183, N'', 0, 0, 0, 0, 0, 0, CAST(N'2022-04-14T15:56:15.2830875' AS DateTime2), CAST(N'2022-04-14T15:56:15.2830875' AS DateTime2), NULL, NULL, 1)
GO
INSERT [dbo].[groupObject] ([id], [groupId], [objectId], [notes], [addOb], [updateOb], [deleteOb], [showOb], [reportOb], [levelOb], [createDate], [updateDate], [createUserId], [updateUserId], [isActive]) VALUES (2028, 8, 184, N'', 0, 0, 0, 0, 0, 0, CAST(N'2022-04-14T15:56:15.2870781' AS DateTime2), CAST(N'2022-04-14T15:56:15.2870781' AS DateTime2), NULL, NULL, 1)
GO
INSERT [dbo].[groupObject] ([id], [groupId], [objectId], [notes], [addOb], [updateOb], [deleteOb], [showOb], [reportOb], [levelOb], [createDate], [updateDate], [createUserId], [updateUserId], [isActive]) VALUES (2029, 8, 185, N'', 0, 0, 0, 0, 0, 0, CAST(N'2022-04-14T15:56:15.2910673' AS DateTime2), CAST(N'2022-04-14T15:56:15.2910673' AS DateTime2), NULL, NULL, 1)
GO
INSERT [dbo].[groupObject] ([id], [groupId], [objectId], [notes], [addOb], [updateOb], [deleteOb], [showOb], [reportOb], [levelOb], [createDate], [updateDate], [createUserId], [updateUserId], [isActive]) VALUES (2030, 8, 186, N'', 0, 0, 0, 0, 0, 0, CAST(N'2022-04-14T15:56:15.2960525' AS DateTime2), CAST(N'2022-04-14T15:56:15.2960525' AS DateTime2), NULL, NULL, 1)
GO
INSERT [dbo].[groupObject] ([id], [groupId], [objectId], [notes], [addOb], [updateOb], [deleteOb], [showOb], [reportOb], [levelOb], [createDate], [updateDate], [createUserId], [updateUserId], [isActive]) VALUES (2031, 8, 187, N'', 2, 2, 2, 0, 2, 0, CAST(N'2022-04-14T15:56:15.3000424' AS DateTime2), CAST(N'2022-04-14T15:56:15.3000424' AS DateTime2), NULL, NULL, 1)
GO
INSERT [dbo].[groupObject] ([id], [groupId], [objectId], [notes], [addOb], [updateOb], [deleteOb], [showOb], [reportOb], [levelOb], [createDate], [updateDate], [createUserId], [updateUserId], [isActive]) VALUES (2032, 8, 188, N'', 0, 0, 0, 0, 0, 0, CAST(N'2022-04-14T15:56:15.3050306' AS DateTime2), CAST(N'2022-04-14T15:56:15.3050306' AS DateTime2), NULL, NULL, 1)
GO
INSERT [dbo].[groupObject] ([id], [groupId], [objectId], [notes], [addOb], [updateOb], [deleteOb], [showOb], [reportOb], [levelOb], [createDate], [updateDate], [createUserId], [updateUserId], [isActive]) VALUES (2033, 8, 189, N'', 0, 0, 0, 0, 0, 0, CAST(N'2022-04-14T15:56:15.3090186' AS DateTime2), CAST(N'2022-04-14T15:56:15.3090186' AS DateTime2), NULL, NULL, 1)
GO
INSERT [dbo].[groupObject] ([id], [groupId], [objectId], [notes], [addOb], [updateOb], [deleteOb], [showOb], [reportOb], [levelOb], [createDate], [updateDate], [createUserId], [updateUserId], [isActive]) VALUES (2034, 8, 190, N'', 0, 0, 0, 0, 0, 0, CAST(N'2022-04-14T15:56:15.3130063' AS DateTime2), CAST(N'2022-04-14T15:56:15.3130063' AS DateTime2), NULL, NULL, 1)
GO
INSERT [dbo].[groupObject] ([id], [groupId], [objectId], [notes], [addOb], [updateOb], [deleteOb], [showOb], [reportOb], [levelOb], [createDate], [updateDate], [createUserId], [updateUserId], [isActive]) VALUES (2035, 8, 191, N'', 2, 2, 2, 0, 2, 0, CAST(N'2022-04-14T15:56:15.3169954' AS DateTime2), CAST(N'2022-04-14T15:56:15.3169954' AS DateTime2), NULL, NULL, 1)
GO
INSERT [dbo].[groupObject] ([id], [groupId], [objectId], [notes], [addOb], [updateOb], [deleteOb], [showOb], [reportOb], [levelOb], [createDate], [updateDate], [createUserId], [updateUserId], [isActive]) VALUES (2036, 8, 192, N'', 0, 0, 0, 0, 0, 0, CAST(N'2022-04-14T15:56:15.3249752' AS DateTime2), CAST(N'2022-04-14T15:56:15.3249752' AS DateTime2), NULL, NULL, 1)
GO
INSERT [dbo].[groupObject] ([id], [groupId], [objectId], [notes], [addOb], [updateOb], [deleteOb], [showOb], [reportOb], [levelOb], [createDate], [updateDate], [createUserId], [updateUserId], [isActive]) VALUES (2037, 8, 193, N'', 2, 2, 2, 0, 2, 0, CAST(N'2022-04-14T15:56:15.3309599' AS DateTime2), CAST(N'2022-04-14T15:56:15.3309599' AS DateTime2), NULL, NULL, 1)
GO
INSERT [dbo].[groupObject] ([id], [groupId], [objectId], [notes], [addOb], [updateOb], [deleteOb], [showOb], [reportOb], [levelOb], [createDate], [updateDate], [createUserId], [updateUserId], [isActive]) VALUES (2038, 8, 194, N'', 0, 0, 0, 0, 0, 0, CAST(N'2022-04-14T15:56:15.3359455' AS DateTime2), CAST(N'2022-04-14T15:56:15.3359455' AS DateTime2), NULL, NULL, 1)
GO
INSERT [dbo].[groupObject] ([id], [groupId], [objectId], [notes], [addOb], [updateOb], [deleteOb], [showOb], [reportOb], [levelOb], [createDate], [updateDate], [createUserId], [updateUserId], [isActive]) VALUES (2039, 8, 195, N'', 2, 2, 2, 0, 2, 0, CAST(N'2022-04-14T15:56:15.3389389' AS DateTime2), CAST(N'2022-04-14T15:56:15.3389389' AS DateTime2), NULL, NULL, 1)
GO
INSERT [dbo].[groupObject] ([id], [groupId], [objectId], [notes], [addOb], [updateOb], [deleteOb], [showOb], [reportOb], [levelOb], [createDate], [updateDate], [createUserId], [updateUserId], [isActive]) VALUES (2040, 8, 196, N'', 0, 0, 0, 0, 0, 0, CAST(N'2022-04-14T15:56:15.3439256' AS DateTime2), CAST(N'2022-04-14T15:56:15.3439256' AS DateTime2), NULL, NULL, 1)
GO
INSERT [dbo].[groupObject] ([id], [groupId], [objectId], [notes], [addOb], [updateOb], [deleteOb], [showOb], [reportOb], [levelOb], [createDate], [updateDate], [createUserId], [updateUserId], [isActive]) VALUES (2041, 8, 197, N'', 0, 0, 0, 0, 0, 0, CAST(N'2022-04-14T15:56:15.3469184' AS DateTime2), CAST(N'2022-04-14T15:56:15.3469184' AS DateTime2), NULL, NULL, 1)
GO
INSERT [dbo].[groupObject] ([id], [groupId], [objectId], [notes], [addOb], [updateOb], [deleteOb], [showOb], [reportOb], [levelOb], [createDate], [updateDate], [createUserId], [updateUserId], [isActive]) VALUES (2042, 8, 198, N'', 0, 0, 0, 0, 0, 0, CAST(N'2022-04-14T15:56:15.3519028' AS DateTime2), CAST(N'2022-04-14T15:56:15.3519028' AS DateTime2), NULL, NULL, 1)
GO
INSERT [dbo].[groupObject] ([id], [groupId], [objectId], [notes], [addOb], [updateOb], [deleteOb], [showOb], [reportOb], [levelOb], [createDate], [updateDate], [createUserId], [updateUserId], [isActive]) VALUES (2043, 8, 199, N'', 0, 0, 0, 0, 0, 0, CAST(N'2022-04-14T15:56:15.3618766' AS DateTime2), CAST(N'2022-04-14T15:56:15.3618766' AS DateTime2), NULL, NULL, 1)
GO
INSERT [dbo].[groupObject] ([id], [groupId], [objectId], [notes], [addOb], [updateOb], [deleteOb], [showOb], [reportOb], [levelOb], [createDate], [updateDate], [createUserId], [updateUserId], [isActive]) VALUES (2044, 8, 200, N'', 0, 0, 0, 0, 0, 0, CAST(N'2022-04-14T15:56:15.3688592' AS DateTime2), CAST(N'2022-04-14T15:56:15.3688592' AS DateTime2), NULL, NULL, 1)
GO
INSERT [dbo].[groupObject] ([id], [groupId], [objectId], [notes], [addOb], [updateOb], [deleteOb], [showOb], [reportOb], [levelOb], [createDate], [updateDate], [createUserId], [updateUserId], [isActive]) VALUES (2045, 8, 201, N'', 0, 0, 0, 0, 0, 0, CAST(N'2022-04-14T15:56:15.3778340' AS DateTime2), CAST(N'2022-04-14T15:56:15.3778340' AS DateTime2), NULL, NULL, 1)
GO
INSERT [dbo].[groupObject] ([id], [groupId], [objectId], [notes], [addOb], [updateOb], [deleteOb], [showOb], [reportOb], [levelOb], [createDate], [updateDate], [createUserId], [updateUserId], [isActive]) VALUES (2046, 8, 202, N'', 0, 0, 0, 0, 0, 0, CAST(N'2022-04-14T15:56:15.3868110' AS DateTime2), CAST(N'2022-04-14T15:56:15.3868110' AS DateTime2), NULL, NULL, 1)
GO
INSERT [dbo].[groupObject] ([id], [groupId], [objectId], [notes], [addOb], [updateOb], [deleteOb], [showOb], [reportOb], [levelOb], [createDate], [updateDate], [createUserId], [updateUserId], [isActive]) VALUES (2047, 8, 203, N'', 0, 0, 0, 0, 0, 0, CAST(N'2022-04-14T15:56:15.3907997' AS DateTime2), CAST(N'2022-04-14T15:56:15.3907997' AS DateTime2), NULL, NULL, 1)
GO
INSERT [dbo].[groupObject] ([id], [groupId], [objectId], [notes], [addOb], [updateOb], [deleteOb], [showOb], [reportOb], [levelOb], [createDate], [updateDate], [createUserId], [updateUserId], [isActive]) VALUES (2048, 8, 204, N'', 2, 2, 2, 0, 2, 0, CAST(N'2022-04-14T15:56:15.3947893' AS DateTime2), CAST(N'2022-04-14T15:56:15.3947893' AS DateTime2), NULL, NULL, 1)
GO
INSERT [dbo].[groupObject] ([id], [groupId], [objectId], [notes], [addOb], [updateOb], [deleteOb], [showOb], [reportOb], [levelOb], [createDate], [updateDate], [createUserId], [updateUserId], [isActive]) VALUES (2049, 8, 205, N'', 2, 2, 2, 0, 2, 0, CAST(N'2022-04-14T15:56:15.3987788' AS DateTime2), CAST(N'2022-04-14T15:56:15.3987788' AS DateTime2), NULL, NULL, 1)
GO
INSERT [dbo].[groupObject] ([id], [groupId], [objectId], [notes], [addOb], [updateOb], [deleteOb], [showOb], [reportOb], [levelOb], [createDate], [updateDate], [createUserId], [updateUserId], [isActive]) VALUES (2050, 8, 206, N'', 2, 2, 2, 0, 2, 0, CAST(N'2022-04-14T15:56:15.4047608' AS DateTime2), CAST(N'2022-04-14T15:56:15.4047608' AS DateTime2), NULL, NULL, 1)
GO
INSERT [dbo].[groupObject] ([id], [groupId], [objectId], [notes], [addOb], [updateOb], [deleteOb], [showOb], [reportOb], [levelOb], [createDate], [updateDate], [createUserId], [updateUserId], [isActive]) VALUES (2051, 8, 207, N'', 2, 2, 2, 0, 2, 0, CAST(N'2022-04-14T15:56:15.4087518' AS DateTime2), CAST(N'2022-04-14T15:56:15.4087518' AS DateTime2), NULL, NULL, 1)
GO
INSERT [dbo].[groupObject] ([id], [groupId], [objectId], [notes], [addOb], [updateOb], [deleteOb], [showOb], [reportOb], [levelOb], [createDate], [updateDate], [createUserId], [updateUserId], [isActive]) VALUES (2052, 8, 208, N'', 2, 2, 2, 0, 2, 0, CAST(N'2022-04-14T15:56:15.4127414' AS DateTime2), CAST(N'2022-04-14T15:56:15.4127414' AS DateTime2), NULL, NULL, 1)
GO
INSERT [dbo].[groupObject] ([id], [groupId], [objectId], [notes], [addOb], [updateOb], [deleteOb], [showOb], [reportOb], [levelOb], [createDate], [updateDate], [createUserId], [updateUserId], [isActive]) VALUES (2053, 8, 209, N'', 2, 2, 2, 0, 2, 0, CAST(N'2022-04-14T15:56:15.4167301' AS DateTime2), CAST(N'2022-04-14T15:56:15.4167301' AS DateTime2), NULL, NULL, 1)
GO
INSERT [dbo].[groupObject] ([id], [groupId], [objectId], [notes], [addOb], [updateOb], [deleteOb], [showOb], [reportOb], [levelOb], [createDate], [updateDate], [createUserId], [updateUserId], [isActive]) VALUES (2054, 8, 210, N'', 2, 2, 2, 0, 2, 0, CAST(N'2022-04-14T15:56:15.4217184' AS DateTime2), CAST(N'2022-04-14T15:56:15.4217184' AS DateTime2), NULL, NULL, 1)
GO
INSERT [dbo].[groupObject] ([id], [groupId], [objectId], [notes], [addOb], [updateOb], [deleteOb], [showOb], [reportOb], [levelOb], [createDate], [updateDate], [createUserId], [updateUserId], [isActive]) VALUES (2055, 8, 211, N'', 2, 2, 2, 0, 2, 0, CAST(N'2022-04-14T15:56:15.4257071' AS DateTime2), CAST(N'2022-04-14T15:56:15.4257071' AS DateTime2), NULL, NULL, 1)
GO
INSERT [dbo].[groupObject] ([id], [groupId], [objectId], [notes], [addOb], [updateOb], [deleteOb], [showOb], [reportOb], [levelOb], [createDate], [updateDate], [createUserId], [updateUserId], [isActive]) VALUES (2056, 8, 212, N'', 2, 2, 2, 0, 2, 0, CAST(N'2022-04-14T15:56:15.4306938' AS DateTime2), CAST(N'2022-04-14T15:56:15.4306938' AS DateTime2), NULL, NULL, 1)
GO
INSERT [dbo].[groupObject] ([id], [groupId], [objectId], [notes], [addOb], [updateOb], [deleteOb], [showOb], [reportOb], [levelOb], [createDate], [updateDate], [createUserId], [updateUserId], [isActive]) VALUES (2057, 8, 213, N'', 2, 2, 2, 0, 2, 0, CAST(N'2022-04-14T15:56:15.4356783' AS DateTime2), CAST(N'2022-04-14T15:56:15.4356783' AS DateTime2), NULL, NULL, 1)
GO
INSERT [dbo].[groupObject] ([id], [groupId], [objectId], [notes], [addOb], [updateOb], [deleteOb], [showOb], [reportOb], [levelOb], [createDate], [updateDate], [createUserId], [updateUserId], [isActive]) VALUES (2058, 8, 214, N'', 2, 2, 2, 0, 2, 0, CAST(N'2022-04-14T15:56:15.4416648' AS DateTime2), CAST(N'2022-04-14T15:56:15.4416648' AS DateTime2), NULL, NULL, 1)
GO
INSERT [dbo].[groupObject] ([id], [groupId], [objectId], [notes], [addOb], [updateOb], [deleteOb], [showOb], [reportOb], [levelOb], [createDate], [updateDate], [createUserId], [updateUserId], [isActive]) VALUES (2059, 8, 215, N'', 2, 2, 2, 0, 2, 0, CAST(N'2022-04-14T15:56:15.4496424' AS DateTime2), CAST(N'2022-04-14T15:56:15.4496424' AS DateTime2), NULL, NULL, 1)
GO
INSERT [dbo].[groupObject] ([id], [groupId], [objectId], [notes], [addOb], [updateOb], [deleteOb], [showOb], [reportOb], [levelOb], [createDate], [updateDate], [createUserId], [updateUserId], [isActive]) VALUES (2060, 8, 216, N'', 0, 0, 0, 0, 0, 0, CAST(N'2022-04-14T15:56:15.4546299' AS DateTime2), CAST(N'2022-04-14T15:56:15.4546299' AS DateTime2), NULL, NULL, 1)
GO
INSERT [dbo].[groupObject] ([id], [groupId], [objectId], [notes], [addOb], [updateOb], [deleteOb], [showOb], [reportOb], [levelOb], [createDate], [updateDate], [createUserId], [updateUserId], [isActive]) VALUES (2061, 8, 217, N'', 2, 2, 2, 0, 2, 0, CAST(N'2022-04-14T15:56:15.4596177' AS DateTime2), CAST(N'2022-04-14T15:56:15.4596177' AS DateTime2), NULL, NULL, 1)
GO
INSERT [dbo].[groupObject] ([id], [groupId], [objectId], [notes], [addOb], [updateOb], [deleteOb], [showOb], [reportOb], [levelOb], [createDate], [updateDate], [createUserId], [updateUserId], [isActive]) VALUES (2062, 8, 218, N'', 2, 2, 2, 0, 2, 0, CAST(N'2022-04-14T15:56:15.4636053' AS DateTime2), CAST(N'2022-04-14T15:56:15.4636053' AS DateTime2), NULL, NULL, 1)
GO
INSERT [dbo].[groupObject] ([id], [groupId], [objectId], [notes], [addOb], [updateOb], [deleteOb], [showOb], [reportOb], [levelOb], [createDate], [updateDate], [createUserId], [updateUserId], [isActive]) VALUES (2063, 8, 219, N'', 2, 2, 2, 0, 2, 0, CAST(N'2022-04-14T15:56:15.4695877' AS DateTime2), CAST(N'2022-04-14T15:56:15.4695877' AS DateTime2), NULL, NULL, 1)
GO
INSERT [dbo].[groupObject] ([id], [groupId], [objectId], [notes], [addOb], [updateOb], [deleteOb], [showOb], [reportOb], [levelOb], [createDate], [updateDate], [createUserId], [updateUserId], [isActive]) VALUES (2064, 8, 220, N'', 2, 2, 2, 0, 2, 0, CAST(N'2022-04-14T15:56:15.4755720' AS DateTime2), CAST(N'2022-04-14T15:56:15.4755720' AS DateTime2), NULL, NULL, 1)
GO
INSERT [dbo].[groupObject] ([id], [groupId], [objectId], [notes], [addOb], [updateOb], [deleteOb], [showOb], [reportOb], [levelOb], [createDate], [updateDate], [createUserId], [updateUserId], [isActive]) VALUES (2065, 8, 221, N'', 0, 0, 0, 0, 0, 0, CAST(N'2022-04-14T15:56:15.4805580' AS DateTime2), CAST(N'2022-04-14T15:56:15.4805580' AS DateTime2), NULL, NULL, 1)
GO
INSERT [dbo].[groupObject] ([id], [groupId], [objectId], [notes], [addOb], [updateOb], [deleteOb], [showOb], [reportOb], [levelOb], [createDate], [updateDate], [createUserId], [updateUserId], [isActive]) VALUES (2066, 8, 222, N'', 2, 2, 2, 0, 2, 0, CAST(N'2022-04-14T15:56:15.4845490' AS DateTime2), CAST(N'2022-04-14T15:56:15.4845490' AS DateTime2), NULL, NULL, 1)
GO
INSERT [dbo].[groupObject] ([id], [groupId], [objectId], [notes], [addOb], [updateOb], [deleteOb], [showOb], [reportOb], [levelOb], [createDate], [updateDate], [createUserId], [updateUserId], [isActive]) VALUES (2067, 8, 223, N'', 0, 0, 0, 0, 0, 0, CAST(N'2022-04-14T15:56:15.4905318' AS DateTime2), CAST(N'2022-04-14T15:56:15.4905318' AS DateTime2), NULL, NULL, 1)
GO
INSERT [dbo].[groupObject] ([id], [groupId], [objectId], [notes], [addOb], [updateOb], [deleteOb], [showOb], [reportOb], [levelOb], [createDate], [updateDate], [createUserId], [updateUserId], [isActive]) VALUES (2068, 8, 224, N'', 2, 2, 2, 0, 2, 0, CAST(N'2022-04-14T15:56:15.4955196' AS DateTime2), CAST(N'2022-04-14T15:56:15.4955196' AS DateTime2), NULL, NULL, 1)
GO
INSERT [dbo].[groupObject] ([id], [groupId], [objectId], [notes], [addOb], [updateOb], [deleteOb], [showOb], [reportOb], [levelOb], [createDate], [updateDate], [createUserId], [updateUserId], [isActive]) VALUES (2069, 8, 225, N'', 0, 0, 0, 0, 0, 0, CAST(N'2022-04-14T15:56:15.5005049' AS DateTime2), CAST(N'2022-04-14T15:56:15.5005049' AS DateTime2), NULL, NULL, 1)
GO
INSERT [dbo].[groupObject] ([id], [groupId], [objectId], [notes], [addOb], [updateOb], [deleteOb], [showOb], [reportOb], [levelOb], [createDate], [updateDate], [createUserId], [updateUserId], [isActive]) VALUES (2070, 8, 226, N'', 2, 2, 2, 0, 2, 0, CAST(N'2022-04-14T15:56:15.5089963' AS DateTime2), CAST(N'2022-04-14T15:56:15.5089963' AS DateTime2), NULL, NULL, 1)
GO
INSERT [dbo].[groupObject] ([id], [groupId], [objectId], [notes], [addOb], [updateOb], [deleteOb], [showOb], [reportOb], [levelOb], [createDate], [updateDate], [createUserId], [updateUserId], [isActive]) VALUES (2071, 8, 227, N'', 0, 0, 0, 0, 0, 0, CAST(N'2022-04-14T15:56:15.5149802' AS DateTime2), CAST(N'2022-04-14T15:56:15.5149802' AS DateTime2), NULL, NULL, 1)
GO
INSERT [dbo].[groupObject] ([id], [groupId], [objectId], [notes], [addOb], [updateOb], [deleteOb], [showOb], [reportOb], [levelOb], [createDate], [updateDate], [createUserId], [updateUserId], [isActive]) VALUES (2072, 8, 228, N'', 2, 2, 2, 0, 2, 0, CAST(N'2022-04-14T15:56:15.5199665' AS DateTime2), CAST(N'2022-04-14T15:56:15.5199665' AS DateTime2), NULL, NULL, 1)
GO
INSERT [dbo].[groupObject] ([id], [groupId], [objectId], [notes], [addOb], [updateOb], [deleteOb], [showOb], [reportOb], [levelOb], [createDate], [updateDate], [createUserId], [updateUserId], [isActive]) VALUES (2073, 8, 229, N'', 2, 2, 2, 0, 2, 0, CAST(N'2022-04-14T15:56:15.5249532' AS DateTime2), CAST(N'2022-04-14T15:56:15.5249532' AS DateTime2), NULL, NULL, 1)
GO
INSERT [dbo].[groupObject] ([id], [groupId], [objectId], [notes], [addOb], [updateOb], [deleteOb], [showOb], [reportOb], [levelOb], [createDate], [updateDate], [createUserId], [updateUserId], [isActive]) VALUES (2074, 8, 230, N'', 2, 2, 2, 0, 2, 0, CAST(N'2022-04-14T15:56:15.5299400' AS DateTime2), CAST(N'2022-04-14T15:56:15.5299400' AS DateTime2), NULL, NULL, 1)
GO
INSERT [dbo].[groupObject] ([id], [groupId], [objectId], [notes], [addOb], [updateOb], [deleteOb], [showOb], [reportOb], [levelOb], [createDate], [updateDate], [createUserId], [updateUserId], [isActive]) VALUES (2075, 8, 231, N'', 2, 2, 2, 0, 2, 0, CAST(N'2022-04-14T15:56:15.5339306' AS DateTime2), CAST(N'2022-04-14T15:56:15.5339306' AS DateTime2), NULL, NULL, 1)
GO
INSERT [dbo].[groupObject] ([id], [groupId], [objectId], [notes], [addOb], [updateOb], [deleteOb], [showOb], [reportOb], [levelOb], [createDate], [updateDate], [createUserId], [updateUserId], [isActive]) VALUES (2076, 8, 232, N'', 2, 2, 2, 0, 2, 0, CAST(N'2022-04-14T15:56:15.5449012' AS DateTime2), CAST(N'2022-04-14T15:56:15.5449012' AS DateTime2), NULL, NULL, 1)
GO
INSERT [dbo].[groupObject] ([id], [groupId], [objectId], [notes], [addOb], [updateOb], [deleteOb], [showOb], [reportOb], [levelOb], [createDate], [updateDate], [createUserId], [updateUserId], [isActive]) VALUES (2077, 8, 233, N'', 2, 2, 2, 0, 2, 0, CAST(N'2022-04-14T15:56:15.5558734' AS DateTime2), CAST(N'2022-04-14T15:56:15.5558734' AS DateTime2), NULL, NULL, 1)
GO
INSERT [dbo].[groupObject] ([id], [groupId], [objectId], [notes], [addOb], [updateOb], [deleteOb], [showOb], [reportOb], [levelOb], [createDate], [updateDate], [createUserId], [updateUserId], [isActive]) VALUES (2078, 8, 234, N'', 2, 2, 2, 0, 2, 0, CAST(N'2022-04-14T15:56:15.5608624' AS DateTime2), CAST(N'2022-04-14T15:56:15.5608624' AS DateTime2), NULL, NULL, 1)
GO
INSERT [dbo].[groupObject] ([id], [groupId], [objectId], [notes], [addOb], [updateOb], [deleteOb], [showOb], [reportOb], [levelOb], [createDate], [updateDate], [createUserId], [updateUserId], [isActive]) VALUES (2079, 8, 235, N'', 2, 2, 2, 0, 2, 0, CAST(N'2022-04-14T15:56:15.5658479' AS DateTime2), CAST(N'2022-04-14T15:56:15.5658479' AS DateTime2), NULL, NULL, 1)
GO
INSERT [dbo].[groupObject] ([id], [groupId], [objectId], [notes], [addOb], [updateOb], [deleteOb], [showOb], [reportOb], [levelOb], [createDate], [updateDate], [createUserId], [updateUserId], [isActive]) VALUES (2080, 8, 236, N'', 2, 2, 2, 0, 2, 0, CAST(N'2022-04-14T15:56:15.5718296' AS DateTime2), CAST(N'2022-04-14T15:56:15.5718296' AS DateTime2), NULL, NULL, 1)
GO
INSERT [dbo].[groupObject] ([id], [groupId], [objectId], [notes], [addOb], [updateOb], [deleteOb], [showOb], [reportOb], [levelOb], [createDate], [updateDate], [createUserId], [updateUserId], [isActive]) VALUES (2081, 8, 237, N'', 2, 2, 2, 0, 2, 0, CAST(N'2022-04-14T15:56:15.5758187' AS DateTime2), CAST(N'2022-04-14T15:56:15.5758187' AS DateTime2), NULL, NULL, 1)
GO
INSERT [dbo].[groupObject] ([id], [groupId], [objectId], [notes], [addOb], [updateOb], [deleteOb], [showOb], [reportOb], [levelOb], [createDate], [updateDate], [createUserId], [updateUserId], [isActive]) VALUES (2082, 8, 238, N'', 2, 2, 2, 0, 2, 0, CAST(N'2022-04-14T15:56:15.5798067' AS DateTime2), CAST(N'2022-04-14T15:56:15.5798067' AS DateTime2), NULL, NULL, 1)
GO
INSERT [dbo].[groupObject] ([id], [groupId], [objectId], [notes], [addOb], [updateOb], [deleteOb], [showOb], [reportOb], [levelOb], [createDate], [updateDate], [createUserId], [updateUserId], [isActive]) VALUES (2083, 8, 239, N'', 2, 2, 2, 0, 2, 0, CAST(N'2022-04-14T15:56:15.5857918' AS DateTime2), CAST(N'2022-04-14T15:56:15.5857918' AS DateTime2), NULL, NULL, 1)
GO
INSERT [dbo].[groupObject] ([id], [groupId], [objectId], [notes], [addOb], [updateOb], [deleteOb], [showOb], [reportOb], [levelOb], [createDate], [updateDate], [createUserId], [updateUserId], [isActive]) VALUES (2084, 8, 240, N'', 2, 2, 2, 0, 2, 0, CAST(N'2022-04-14T15:56:15.5927718' AS DateTime2), CAST(N'2022-04-14T15:56:15.5927718' AS DateTime2), NULL, NULL, 1)
GO
INSERT [dbo].[groupObject] ([id], [groupId], [objectId], [notes], [addOb], [updateOb], [deleteOb], [showOb], [reportOb], [levelOb], [createDate], [updateDate], [createUserId], [updateUserId], [isActive]) VALUES (2085, 8, 241, N'', 2, 2, 2, 0, 2, 0, CAST(N'2022-04-14T15:56:15.5967617' AS DateTime2), CAST(N'2022-04-14T15:56:15.5967617' AS DateTime2), NULL, NULL, 1)
GO
INSERT [dbo].[groupObject] ([id], [groupId], [objectId], [notes], [addOb], [updateOb], [deleteOb], [showOb], [reportOb], [levelOb], [createDate], [updateDate], [createUserId], [updateUserId], [isActive]) VALUES (2086, 8, 242, N'', 2, 2, 2, 0, 2, 0, CAST(N'2022-04-14T15:56:15.6017499' AS DateTime2), CAST(N'2022-04-14T15:56:15.6017499' AS DateTime2), NULL, NULL, 1)
GO
INSERT [dbo].[groupObject] ([id], [groupId], [objectId], [notes], [addOb], [updateOb], [deleteOb], [showOb], [reportOb], [levelOb], [createDate], [updateDate], [createUserId], [updateUserId], [isActive]) VALUES (2087, 8, 243, N'', 2, 2, 2, 0, 2, 0, CAST(N'2022-04-14T15:56:15.6132284' AS DateTime2), CAST(N'2022-04-14T15:56:15.6132284' AS DateTime2), NULL, NULL, 1)
GO
INSERT [dbo].[groupObject] ([id], [groupId], [objectId], [notes], [addOb], [updateOb], [deleteOb], [showOb], [reportOb], [levelOb], [createDate], [updateDate], [createUserId], [updateUserId], [isActive]) VALUES (2088, 8, 244, N'', 2, 2, 2, 0, 2, 0, CAST(N'2022-04-14T15:56:15.6222031' AS DateTime2), CAST(N'2022-04-14T15:56:15.6222031' AS DateTime2), NULL, NULL, 1)
GO
INSERT [dbo].[groupObject] ([id], [groupId], [objectId], [notes], [addOb], [updateOb], [deleteOb], [showOb], [reportOb], [levelOb], [createDate], [updateDate], [createUserId], [updateUserId], [isActive]) VALUES (2089, 8, 245, N'', 2, 2, 2, 0, 2, 0, CAST(N'2022-04-14T15:56:15.6271928' AS DateTime2), CAST(N'2022-04-14T15:56:15.6271928' AS DateTime2), NULL, NULL, 1)
GO
INSERT [dbo].[groupObject] ([id], [groupId], [objectId], [notes], [addOb], [updateOb], [deleteOb], [showOb], [reportOb], [levelOb], [createDate], [updateDate], [createUserId], [updateUserId], [isActive]) VALUES (2090, 8, 246, N'', 2, 2, 2, 0, 2, 0, CAST(N'2022-04-14T15:56:15.6331748' AS DateTime2), CAST(N'2022-04-14T15:56:15.6331748' AS DateTime2), NULL, NULL, 1)
GO
INSERT [dbo].[groupObject] ([id], [groupId], [objectId], [notes], [addOb], [updateOb], [deleteOb], [showOb], [reportOb], [levelOb], [createDate], [updateDate], [createUserId], [updateUserId], [isActive]) VALUES (2091, 8, 247, N'', 2, 2, 2, 0, 2, 0, CAST(N'2022-04-14T15:56:15.6401552' AS DateTime2), CAST(N'2022-04-14T15:56:15.6401552' AS DateTime2), NULL, NULL, 1)
GO
INSERT [dbo].[groupObject] ([id], [groupId], [objectId], [notes], [addOb], [updateOb], [deleteOb], [showOb], [reportOb], [levelOb], [createDate], [updateDate], [createUserId], [updateUserId], [isActive]) VALUES (2092, 8, 248, N'', 2, 2, 2, 0, 2, 0, CAST(N'2022-04-14T15:56:15.6451438' AS DateTime2), CAST(N'2022-04-14T15:56:15.6451438' AS DateTime2), NULL, NULL, 1)
GO
INSERT [dbo].[groupObject] ([id], [groupId], [objectId], [notes], [addOb], [updateOb], [deleteOb], [showOb], [reportOb], [levelOb], [createDate], [updateDate], [createUserId], [updateUserId], [isActive]) VALUES (2093, 8, 249, N'', 2, 2, 2, 0, 2, 0, CAST(N'2022-04-14T15:56:15.6491345' AS DateTime2), CAST(N'2022-04-14T15:56:15.6491345' AS DateTime2), NULL, NULL, 1)
GO
INSERT [dbo].[groupObject] ([id], [groupId], [objectId], [notes], [addOb], [updateOb], [deleteOb], [showOb], [reportOb], [levelOb], [createDate], [updateDate], [createUserId], [updateUserId], [isActive]) VALUES (2094, 8, 250, N'', 2, 2, 2, 0, 2, 0, CAST(N'2022-04-14T15:56:15.6541189' AS DateTime2), CAST(N'2022-04-14T15:56:15.6541189' AS DateTime2), NULL, NULL, 1)
GO
INSERT [dbo].[groupObject] ([id], [groupId], [objectId], [notes], [addOb], [updateOb], [deleteOb], [showOb], [reportOb], [levelOb], [createDate], [updateDate], [createUserId], [updateUserId], [isActive]) VALUES (2095, 8, 251, N'', 2, 2, 2, 0, 2, 0, CAST(N'2022-04-14T15:56:15.6591068' AS DateTime2), CAST(N'2022-04-14T15:56:15.6591068' AS DateTime2), NULL, NULL, 1)
GO
INSERT [dbo].[groupObject] ([id], [groupId], [objectId], [notes], [addOb], [updateOb], [deleteOb], [showOb], [reportOb], [levelOb], [createDate], [updateDate], [createUserId], [updateUserId], [isActive]) VALUES (2096, 8, 252, N'', 2, 2, 2, 0, 2, 0, CAST(N'2022-04-14T15:56:15.6640927' AS DateTime2), CAST(N'2022-04-14T15:56:15.6640927' AS DateTime2), NULL, NULL, 1)
GO
INSERT [dbo].[groupObject] ([id], [groupId], [objectId], [notes], [addOb], [updateOb], [deleteOb], [showOb], [reportOb], [levelOb], [createDate], [updateDate], [createUserId], [updateUserId], [isActive]) VALUES (2097, 8, 253, N'', 0, 0, 0, 0, 0, 0, CAST(N'2022-04-14T15:56:15.6730690' AS DateTime2), CAST(N'2022-04-14T15:56:15.6730690' AS DateTime2), NULL, NULL, 1)
GO
INSERT [dbo].[groupObject] ([id], [groupId], [objectId], [notes], [addOb], [updateOb], [deleteOb], [showOb], [reportOb], [levelOb], [createDate], [updateDate], [createUserId], [updateUserId], [isActive]) VALUES (2098, 8, 254, N'', 2, 2, 2, 0, 2, 0, CAST(N'2022-04-14T15:56:15.6790536' AS DateTime2), CAST(N'2022-04-14T15:56:15.6790536' AS DateTime2), NULL, NULL, 1)
GO
INSERT [dbo].[groupObject] ([id], [groupId], [objectId], [notes], [addOb], [updateOb], [deleteOb], [showOb], [reportOb], [levelOb], [createDate], [updateDate], [createUserId], [updateUserId], [isActive]) VALUES (2099, 8, 255, N'', 2, 2, 2, 0, 2, 0, CAST(N'2022-04-14T15:56:15.6910203' AS DateTime2), CAST(N'2022-04-14T15:56:15.6910203' AS DateTime2), NULL, NULL, 1)
GO
INSERT [dbo].[groupObject] ([id], [groupId], [objectId], [notes], [addOb], [updateOb], [deleteOb], [showOb], [reportOb], [levelOb], [createDate], [updateDate], [createUserId], [updateUserId], [isActive]) VALUES (2100, 8, 256, N'', 2, 2, 2, 0, 2, 0, CAST(N'2022-04-14T15:56:15.6980022' AS DateTime2), CAST(N'2022-04-14T15:56:15.6980022' AS DateTime2), NULL, NULL, 1)
GO
INSERT [dbo].[groupObject] ([id], [groupId], [objectId], [notes], [addOb], [updateOb], [deleteOb], [showOb], [reportOb], [levelOb], [createDate], [updateDate], [createUserId], [updateUserId], [isActive]) VALUES (2101, 8, 257, N'', 2, 2, 2, 0, 2, 0, CAST(N'2022-04-14T15:56:15.7064275' AS DateTime2), CAST(N'2022-04-14T15:56:15.7064275' AS DateTime2), NULL, NULL, 1)
GO
INSERT [dbo].[groupObject] ([id], [groupId], [objectId], [notes], [addOb], [updateOb], [deleteOb], [showOb], [reportOb], [levelOb], [createDate], [updateDate], [createUserId], [updateUserId], [isActive]) VALUES (2102, 8, 258, N'', 2, 2, 2, 0, 2, 0, CAST(N'2022-04-14T15:56:15.7124065' AS DateTime2), CAST(N'2022-04-14T15:56:15.7124065' AS DateTime2), NULL, NULL, 1)
GO
INSERT [dbo].[groupObject] ([id], [groupId], [objectId], [notes], [addOb], [updateOb], [deleteOb], [showOb], [reportOb], [levelOb], [createDate], [updateDate], [createUserId], [updateUserId], [isActive]) VALUES (2103, 8, 259, N'', 2, 2, 2, 0, 2, 0, CAST(N'2022-04-14T15:56:15.7173929' AS DateTime2), CAST(N'2022-04-14T15:56:15.7173929' AS DateTime2), NULL, NULL, 1)
GO
INSERT [dbo].[groupObject] ([id], [groupId], [objectId], [notes], [addOb], [updateOb], [deleteOb], [showOb], [reportOb], [levelOb], [createDate], [updateDate], [createUserId], [updateUserId], [isActive]) VALUES (2104, 8, 260, N'', 0, 0, 0, 0, 0, 0, CAST(N'2022-04-14T15:56:15.7233779' AS DateTime2), CAST(N'2022-04-14T15:56:15.7233779' AS DateTime2), NULL, NULL, 1)
GO
INSERT [dbo].[groupObject] ([id], [groupId], [objectId], [notes], [addOb], [updateOb], [deleteOb], [showOb], [reportOb], [levelOb], [createDate], [updateDate], [createUserId], [updateUserId], [isActive]) VALUES (2105, 8, 261, N'', 0, 0, 0, 0, 0, 0, CAST(N'2022-04-14T15:56:15.7323507' AS DateTime2), CAST(N'2022-04-14T15:56:15.7323507' AS DateTime2), NULL, NULL, 1)
GO
INSERT [dbo].[groupObject] ([id], [groupId], [objectId], [notes], [addOb], [updateOb], [deleteOb], [showOb], [reportOb], [levelOb], [createDate], [updateDate], [createUserId], [updateUserId], [isActive]) VALUES (2106, 8, 262, N'', 0, 0, 0, 0, 0, 0, CAST(N'2022-04-14T15:56:15.7403309' AS DateTime2), CAST(N'2022-04-14T15:56:15.7403309' AS DateTime2), NULL, NULL, 1)
GO
INSERT [dbo].[groupObject] ([id], [groupId], [objectId], [notes], [addOb], [updateOb], [deleteOb], [showOb], [reportOb], [levelOb], [createDate], [updateDate], [createUserId], [updateUserId], [isActive]) VALUES (2107, 8, 263, N'', 0, 0, 0, 0, 0, 0, CAST(N'2022-04-14T15:56:15.7463141' AS DateTime2), CAST(N'2022-04-14T15:56:15.7463141' AS DateTime2), NULL, NULL, 1)
GO
INSERT [dbo].[groupObject] ([id], [groupId], [objectId], [notes], [addOb], [updateOb], [deleteOb], [showOb], [reportOb], [levelOb], [createDate], [updateDate], [createUserId], [updateUserId], [isActive]) VALUES (2108, 8, 264, N'', 2, 2, 2, 0, 2, 0, CAST(N'2022-04-14T15:56:15.7562871' AS DateTime2), CAST(N'2022-04-14T15:56:15.7562871' AS DateTime2), NULL, NULL, 1)
GO
INSERT [dbo].[groupObject] ([id], [groupId], [objectId], [notes], [addOb], [updateOb], [deleteOb], [showOb], [reportOb], [levelOb], [createDate], [updateDate], [createUserId], [updateUserId], [isActive]) VALUES (2109, 8, 265, N'', 2, 2, 2, 0, 2, 0, CAST(N'2022-04-14T15:56:15.7612727' AS DateTime2), CAST(N'2022-04-14T15:56:15.7612727' AS DateTime2), NULL, NULL, 1)
GO
INSERT [dbo].[groupObject] ([id], [groupId], [objectId], [notes], [addOb], [updateOb], [deleteOb], [showOb], [reportOb], [levelOb], [createDate], [updateDate], [createUserId], [updateUserId], [isActive]) VALUES (2110, 8, 266, N'', 2, 2, 2, 0, 2, 0, CAST(N'2022-04-14T15:56:15.7662609' AS DateTime2), CAST(N'2022-04-14T15:56:15.7662609' AS DateTime2), NULL, NULL, 1)
GO
INSERT [dbo].[groupObject] ([id], [groupId], [objectId], [notes], [addOb], [updateOb], [deleteOb], [showOb], [reportOb], [levelOb], [createDate], [updateDate], [createUserId], [updateUserId], [isActive]) VALUES (2111, 8, 267, N'', 2, 2, 2, 0, 2, 0, CAST(N'2022-04-14T15:56:15.7722433' AS DateTime2), CAST(N'2022-04-14T15:56:15.7722433' AS DateTime2), NULL, NULL, 1)
GO
INSERT [dbo].[groupObject] ([id], [groupId], [objectId], [notes], [addOb], [updateOb], [deleteOb], [showOb], [reportOb], [levelOb], [createDate], [updateDate], [createUserId], [updateUserId], [isActive]) VALUES (2112, 8, 268, N'', 0, 0, 0, 0, 0, 0, CAST(N'2022-04-14T15:56:15.7782272' AS DateTime2), CAST(N'2022-04-14T15:56:15.7782272' AS DateTime2), NULL, NULL, 1)
GO
INSERT [dbo].[groupObject] ([id], [groupId], [objectId], [notes], [addOb], [updateOb], [deleteOb], [showOb], [reportOb], [levelOb], [createDate], [updateDate], [createUserId], [updateUserId], [isActive]) VALUES (2113, 8, 269, N'', 0, 0, 0, 0, 0, 0, CAST(N'2022-04-14T15:56:15.7832151' AS DateTime2), CAST(N'2022-04-14T15:56:15.7832151' AS DateTime2), NULL, NULL, 1)
GO
INSERT [dbo].[groupObject] ([id], [groupId], [objectId], [notes], [addOb], [updateOb], [deleteOb], [showOb], [reportOb], [levelOb], [createDate], [updateDate], [createUserId], [updateUserId], [isActive]) VALUES (2114, 8, 270, N'', 2, 2, 2, 0, 2, 0, CAST(N'2022-04-14T15:56:15.7921932' AS DateTime2), CAST(N'2022-04-14T15:56:15.7921932' AS DateTime2), NULL, NULL, 1)
GO
INSERT [dbo].[groupObject] ([id], [groupId], [objectId], [notes], [addOb], [updateOb], [deleteOb], [showOb], [reportOb], [levelOb], [createDate], [updateDate], [createUserId], [updateUserId], [isActive]) VALUES (2115, 8, 271, N'', 0, 0, 0, 0, 0, 0, CAST(N'2022-04-14T15:56:15.7991728' AS DateTime2), CAST(N'2022-04-14T15:56:15.7991728' AS DateTime2), NULL, NULL, 1)
GO
INSERT [dbo].[groupObject] ([id], [groupId], [objectId], [notes], [addOb], [updateOb], [deleteOb], [showOb], [reportOb], [levelOb], [createDate], [updateDate], [createUserId], [updateUserId], [isActive]) VALUES (2116, 8, 272, N'', 0, 0, 0, 0, 0, 0, CAST(N'2022-04-14T15:56:15.8121382' AS DateTime2), CAST(N'2022-04-14T15:56:15.8121382' AS DateTime2), NULL, NULL, 1)
GO
INSERT [dbo].[groupObject] ([id], [groupId], [objectId], [notes], [addOb], [updateOb], [deleteOb], [showOb], [reportOb], [levelOb], [createDate], [updateDate], [createUserId], [updateUserId], [isActive]) VALUES (2117, 8, 273, N'', 0, 0, 0, 0, 0, 0, CAST(N'2022-04-14T15:56:15.8201165' AS DateTime2), CAST(N'2022-04-14T15:56:15.8201165' AS DateTime2), NULL, NULL, 1)
GO
INSERT [dbo].[groupObject] ([id], [groupId], [objectId], [notes], [addOb], [updateOb], [deleteOb], [showOb], [reportOb], [levelOb], [createDate], [updateDate], [createUserId], [updateUserId], [isActive]) VALUES (2118, 8, 274, N'', 0, 0, 0, 0, 0, 0, CAST(N'2022-04-14T15:56:15.8251036' AS DateTime2), CAST(N'2022-04-14T15:56:15.8251036' AS DateTime2), NULL, NULL, 1)
GO
INSERT [dbo].[groupObject] ([id], [groupId], [objectId], [notes], [addOb], [updateOb], [deleteOb], [showOb], [reportOb], [levelOb], [createDate], [updateDate], [createUserId], [updateUserId], [isActive]) VALUES (2119, 8, 275, N'', 0, 0, 0, 0, 0, 0, CAST(N'2022-04-14T15:56:15.8300914' AS DateTime2), CAST(N'2022-04-14T15:56:15.8300914' AS DateTime2), NULL, NULL, 1)
GO
INSERT [dbo].[groupObject] ([id], [groupId], [objectId], [notes], [addOb], [updateOb], [deleteOb], [showOb], [reportOb], [levelOb], [createDate], [updateDate], [createUserId], [updateUserId], [isActive]) VALUES (2120, 8, 276, N'', 2, 2, 2, 0, 2, 0, CAST(N'2022-04-14T15:56:15.8360738' AS DateTime2), CAST(N'2022-04-14T15:56:15.8360738' AS DateTime2), NULL, NULL, 1)
GO
INSERT [dbo].[groupObject] ([id], [groupId], [objectId], [notes], [addOb], [updateOb], [deleteOb], [showOb], [reportOb], [levelOb], [createDate], [updateDate], [createUserId], [updateUserId], [isActive]) VALUES (2121, 8, 277, N'', 2, 2, 2, 0, 2, 0, CAST(N'2022-04-14T15:56:15.8410598' AS DateTime2), CAST(N'2022-04-14T15:56:15.8410598' AS DateTime2), NULL, NULL, 1)
GO
INSERT [dbo].[groupObject] ([id], [groupId], [objectId], [notes], [addOb], [updateOb], [deleteOb], [showOb], [reportOb], [levelOb], [createDate], [updateDate], [createUserId], [updateUserId], [isActive]) VALUES (2122, 8, 278, N'', 2, 2, 2, 0, 2, 0, CAST(N'2022-04-14T15:56:15.8480420' AS DateTime2), CAST(N'2022-04-14T15:56:15.8480420' AS DateTime2), NULL, NULL, 1)
GO
INSERT [dbo].[groupObject] ([id], [groupId], [objectId], [notes], [addOb], [updateOb], [deleteOb], [showOb], [reportOb], [levelOb], [createDate], [updateDate], [createUserId], [updateUserId], [isActive]) VALUES (2123, 8, 279, N'', 2, 2, 2, 0, 2, 0, CAST(N'2022-04-14T15:56:15.8540248' AS DateTime2), CAST(N'2022-04-14T15:56:15.8540248' AS DateTime2), NULL, NULL, 1)
GO
INSERT [dbo].[groupObject] ([id], [groupId], [objectId], [notes], [addOb], [updateOb], [deleteOb], [showOb], [reportOb], [levelOb], [createDate], [updateDate], [createUserId], [updateUserId], [isActive]) VALUES (2124, 8, 280, N'', 2, 2, 2, 0, 2, 0, CAST(N'2022-04-14T15:56:15.8590134' AS DateTime2), CAST(N'2022-04-14T15:56:15.8590134' AS DateTime2), NULL, NULL, 1)
GO
INSERT [dbo].[groupObject] ([id], [groupId], [objectId], [notes], [addOb], [updateOb], [deleteOb], [showOb], [reportOb], [levelOb], [createDate], [updateDate], [createUserId], [updateUserId], [isActive]) VALUES (2125, 8, 281, N'', 2, 2, 2, 0, 2, 0, CAST(N'2022-04-14T15:56:15.8640016' AS DateTime2), CAST(N'2022-04-14T15:56:15.8640016' AS DateTime2), NULL, NULL, 1)
GO
INSERT [dbo].[groupObject] ([id], [groupId], [objectId], [notes], [addOb], [updateOb], [deleteOb], [showOb], [reportOb], [levelOb], [createDate], [updateDate], [createUserId], [updateUserId], [isActive]) VALUES (2126, 8, 282, N'', 2, 2, 2, 0, 2, 0, CAST(N'2022-04-14T15:56:15.8719788' AS DateTime2), CAST(N'2022-04-14T15:56:15.8719788' AS DateTime2), NULL, NULL, 1)
GO
INSERT [dbo].[groupObject] ([id], [groupId], [objectId], [notes], [addOb], [updateOb], [deleteOb], [showOb], [reportOb], [levelOb], [createDate], [updateDate], [createUserId], [updateUserId], [isActive]) VALUES (2127, 8, 283, N'', 2, 2, 2, 0, 2, 0, CAST(N'2022-04-14T15:56:15.8769651' AS DateTime2), CAST(N'2022-04-14T15:56:15.8769651' AS DateTime2), NULL, NULL, 1)
GO
INSERT [dbo].[groupObject] ([id], [groupId], [objectId], [notes], [addOb], [updateOb], [deleteOb], [showOb], [reportOb], [levelOb], [createDate], [updateDate], [createUserId], [updateUserId], [isActive]) VALUES (2128, 8, 284, N'', 2, 2, 2, 0, 2, 0, CAST(N'2022-04-14T15:56:15.8819500' AS DateTime2), CAST(N'2022-04-14T15:56:15.8819500' AS DateTime2), NULL, NULL, 1)
GO
INSERT [dbo].[groupObject] ([id], [groupId], [objectId], [notes], [addOb], [updateOb], [deleteOb], [showOb], [reportOb], [levelOb], [createDate], [updateDate], [createUserId], [updateUserId], [isActive]) VALUES (2129, 8, 285, N'', 2, 2, 2, 0, 2, 0, CAST(N'2022-04-14T15:56:15.8909300' AS DateTime2), CAST(N'2022-04-14T15:56:15.8909300' AS DateTime2), NULL, NULL, 1)
GO
INSERT [dbo].[groupObject] ([id], [groupId], [objectId], [notes], [addOb], [updateOb], [deleteOb], [showOb], [reportOb], [levelOb], [createDate], [updateDate], [createUserId], [updateUserId], [isActive]) VALUES (2130, 8, 286, N'', 2, 2, 2, 0, 2, 0, CAST(N'2022-04-14T15:56:15.9008996' AS DateTime2), CAST(N'2022-04-14T15:56:15.9008996' AS DateTime2), NULL, NULL, 1)
GO
INSERT [dbo].[groupObject] ([id], [groupId], [objectId], [notes], [addOb], [updateOb], [deleteOb], [showOb], [reportOb], [levelOb], [createDate], [updateDate], [createUserId], [updateUserId], [isActive]) VALUES (2131, 8, 287, N'', 2, 2, 2, 0, 2, 0, CAST(N'2022-04-14T15:56:15.9078815' AS DateTime2), CAST(N'2022-04-14T15:56:15.9078815' AS DateTime2), NULL, NULL, 1)
GO
INSERT [dbo].[groupObject] ([id], [groupId], [objectId], [notes], [addOb], [updateOb], [deleteOb], [showOb], [reportOb], [levelOb], [createDate], [updateDate], [createUserId], [updateUserId], [isActive]) VALUES (2132, 8, 288, N'', 2, 2, 2, 0, 2, 0, CAST(N'2022-04-14T15:56:15.9158598' AS DateTime2), CAST(N'2022-04-14T15:56:15.9158598' AS DateTime2), NULL, NULL, 1)
GO
INSERT [dbo].[groupObject] ([id], [groupId], [objectId], [notes], [addOb], [updateOb], [deleteOb], [showOb], [reportOb], [levelOb], [createDate], [updateDate], [createUserId], [updateUserId], [isActive]) VALUES (2133, 8, 289, N'', 0, 0, 0, 0, 0, 0, CAST(N'2022-04-14T15:56:15.9258351' AS DateTime2), CAST(N'2022-04-14T15:56:15.9258351' AS DateTime2), NULL, NULL, 1)
GO
INSERT [dbo].[groupObject] ([id], [groupId], [objectId], [notes], [addOb], [updateOb], [deleteOb], [showOb], [reportOb], [levelOb], [createDate], [updateDate], [createUserId], [updateUserId], [isActive]) VALUES (2134, 9, 1, N'', 0, 0, 0, 0, 0, 0, CAST(N'2022-04-14T15:57:03.8792136' AS DateTime2), CAST(N'2022-04-14T15:57:03.8792136' AS DateTime2), NULL, NULL, 1)
GO
INSERT [dbo].[groupObject] ([id], [groupId], [objectId], [notes], [addOb], [updateOb], [deleteOb], [showOb], [reportOb], [levelOb], [createDate], [updateDate], [createUserId], [updateUserId], [isActive]) VALUES (2135, 9, 2, N'', 0, 0, 0, 0, 0, 0, CAST(N'2022-04-14T15:57:03.8842022' AS DateTime2), CAST(N'2022-04-14T15:57:03.8842022' AS DateTime2), NULL, NULL, 1)
GO
INSERT [dbo].[groupObject] ([id], [groupId], [objectId], [notes], [addOb], [updateOb], [deleteOb], [showOb], [reportOb], [levelOb], [createDate], [updateDate], [createUserId], [updateUserId], [isActive]) VALUES (2136, 9, 3, N'', 0, 0, 0, 0, 0, 0, CAST(N'2022-04-14T15:57:03.8861951' AS DateTime2), CAST(N'2022-04-14T15:57:03.8861951' AS DateTime2), NULL, NULL, 1)
GO
INSERT [dbo].[groupObject] ([id], [groupId], [objectId], [notes], [addOb], [updateOb], [deleteOb], [showOb], [reportOb], [levelOb], [createDate], [updateDate], [createUserId], [updateUserId], [isActive]) VALUES (2137, 9, 4, N'', 0, 0, 0, 0, 0, 0, CAST(N'2022-04-14T15:57:03.8881888' AS DateTime2), CAST(N'2022-04-14T15:57:03.8881888' AS DateTime2), NULL, NULL, 1)
GO
INSERT [dbo].[groupObject] ([id], [groupId], [objectId], [notes], [addOb], [updateOb], [deleteOb], [showOb], [reportOb], [levelOb], [createDate], [updateDate], [createUserId], [updateUserId], [isActive]) VALUES (2138, 9, 5, N'', 0, 0, 0, 0, 0, 0, CAST(N'2022-04-14T15:57:03.8901828' AS DateTime2), CAST(N'2022-04-14T15:57:03.8901828' AS DateTime2), NULL, NULL, 1)
GO
INSERT [dbo].[groupObject] ([id], [groupId], [objectId], [notes], [addOb], [updateOb], [deleteOb], [showOb], [reportOb], [levelOb], [createDate], [updateDate], [createUserId], [updateUserId], [isActive]) VALUES (2139, 9, 6, N'', 0, 0, 0, 0, 0, 0, CAST(N'2022-04-14T15:57:03.8911811' AS DateTime2), CAST(N'2022-04-14T15:57:03.8911811' AS DateTime2), NULL, NULL, 1)
GO
INSERT [dbo].[groupObject] ([id], [groupId], [objectId], [notes], [addOb], [updateOb], [deleteOb], [showOb], [reportOb], [levelOb], [createDate], [updateDate], [createUserId], [updateUserId], [isActive]) VALUES (2140, 9, 7, N'', 0, 0, 0, 0, 0, 0, CAST(N'2022-04-14T15:57:03.8931751' AS DateTime2), CAST(N'2022-04-14T15:57:03.8931751' AS DateTime2), NULL, NULL, 1)
GO
INSERT [dbo].[groupObject] ([id], [groupId], [objectId], [notes], [addOb], [updateOb], [deleteOb], [showOb], [reportOb], [levelOb], [createDate], [updateDate], [createUserId], [updateUserId], [isActive]) VALUES (2141, 9, 8, N'', 0, 0, 0, 0, 0, 0, CAST(N'2022-04-14T15:57:03.8951699' AS DateTime2), CAST(N'2022-04-14T15:57:03.8951699' AS DateTime2), NULL, NULL, 1)
GO
INSERT [dbo].[groupObject] ([id], [groupId], [objectId], [notes], [addOb], [updateOb], [deleteOb], [showOb], [reportOb], [levelOb], [createDate], [updateDate], [createUserId], [updateUserId], [isActive]) VALUES (2142, 9, 9, N'', 0, 0, 0, 0, 0, 0, CAST(N'2022-04-14T15:57:03.8971642' AS DateTime2), CAST(N'2022-04-14T15:57:03.8971642' AS DateTime2), NULL, NULL, 1)
GO
INSERT [dbo].[groupObject] ([id], [groupId], [objectId], [notes], [addOb], [updateOb], [deleteOb], [showOb], [reportOb], [levelOb], [createDate], [updateDate], [createUserId], [updateUserId], [isActive]) VALUES (2143, 9, 10, N'', 0, 0, 0, 0, 0, 0, CAST(N'2022-04-14T15:57:03.9011560' AS DateTime2), CAST(N'2022-04-14T15:57:03.9011560' AS DateTime2), NULL, NULL, 1)
GO
INSERT [dbo].[groupObject] ([id], [groupId], [objectId], [notes], [addOb], [updateOb], [deleteOb], [showOb], [reportOb], [levelOb], [createDate], [updateDate], [createUserId], [updateUserId], [isActive]) VALUES (2144, 9, 11, N'', 0, 0, 0, 0, 0, 0, CAST(N'2022-04-14T15:57:03.9021540' AS DateTime2), CAST(N'2022-04-14T15:57:03.9021540' AS DateTime2), NULL, NULL, 1)
GO
INSERT [dbo].[groupObject] ([id], [groupId], [objectId], [notes], [addOb], [updateOb], [deleteOb], [showOb], [reportOb], [levelOb], [createDate], [updateDate], [createUserId], [updateUserId], [isActive]) VALUES (2145, 9, 12, N'', 0, 0, 0, 0, 0, 0, CAST(N'2022-04-14T15:57:03.9041461' AS DateTime2), CAST(N'2022-04-14T15:57:03.9041461' AS DateTime2), NULL, NULL, 1)
GO
INSERT [dbo].[groupObject] ([id], [groupId], [objectId], [notes], [addOb], [updateOb], [deleteOb], [showOb], [reportOb], [levelOb], [createDate], [updateDate], [createUserId], [updateUserId], [isActive]) VALUES (2146, 9, 13, N'', 0, 0, 0, 0, 0, 0, CAST(N'2022-04-14T15:57:03.9061405' AS DateTime2), CAST(N'2022-04-14T15:57:03.9061405' AS DateTime2), NULL, NULL, 1)
GO
INSERT [dbo].[groupObject] ([id], [groupId], [objectId], [notes], [addOb], [updateOb], [deleteOb], [showOb], [reportOb], [levelOb], [createDate], [updateDate], [createUserId], [updateUserId], [isActive]) VALUES (2147, 9, 14, N'', 0, 0, 0, 0, 0, 0, CAST(N'2022-04-14T15:57:03.9081360' AS DateTime2), CAST(N'2022-04-14T15:57:03.9081360' AS DateTime2), NULL, NULL, 1)
GO
INSERT [dbo].[groupObject] ([id], [groupId], [objectId], [notes], [addOb], [updateOb], [deleteOb], [showOb], [reportOb], [levelOb], [createDate], [updateDate], [createUserId], [updateUserId], [isActive]) VALUES (2148, 9, 15, N'', 0, 0, 0, 0, 0, 0, CAST(N'2022-04-14T15:57:03.9091351' AS DateTime2), CAST(N'2022-04-14T15:57:03.9091351' AS DateTime2), NULL, NULL, 1)
GO
INSERT [dbo].[groupObject] ([id], [groupId], [objectId], [notes], [addOb], [updateOb], [deleteOb], [showOb], [reportOb], [levelOb], [createDate], [updateDate], [createUserId], [updateUserId], [isActive]) VALUES (2149, 9, 16, N'', 0, 0, 0, 0, 0, 0, CAST(N'2022-04-14T15:57:03.9111295' AS DateTime2), CAST(N'2022-04-14T15:57:03.9111295' AS DateTime2), NULL, NULL, 1)
GO
INSERT [dbo].[groupObject] ([id], [groupId], [objectId], [notes], [addOb], [updateOb], [deleteOb], [showOb], [reportOb], [levelOb], [createDate], [updateDate], [createUserId], [updateUserId], [isActive]) VALUES (2150, 9, 17, N'', 0, 0, 0, 0, 0, 0, CAST(N'2022-04-14T15:57:03.9131238' AS DateTime2), CAST(N'2022-04-14T15:57:03.9131238' AS DateTime2), NULL, NULL, 1)
GO
INSERT [dbo].[groupObject] ([id], [groupId], [objectId], [notes], [addOb], [updateOb], [deleteOb], [showOb], [reportOb], [levelOb], [createDate], [updateDate], [createUserId], [updateUserId], [isActive]) VALUES (2151, 9, 18, N'', 0, 0, 0, 0, 0, 0, CAST(N'2022-04-14T15:57:03.9161143' AS DateTime2), CAST(N'2022-04-14T15:57:03.9161143' AS DateTime2), NULL, NULL, 1)
GO
INSERT [dbo].[groupObject] ([id], [groupId], [objectId], [notes], [addOb], [updateOb], [deleteOb], [showOb], [reportOb], [levelOb], [createDate], [updateDate], [createUserId], [updateUserId], [isActive]) VALUES (2152, 9, 19, N'', 0, 0, 0, 0, 0, 0, CAST(N'2022-04-14T15:57:03.9181098' AS DateTime2), CAST(N'2022-04-14T15:57:03.9181098' AS DateTime2), NULL, NULL, 1)
GO
INSERT [dbo].[groupObject] ([id], [groupId], [objectId], [notes], [addOb], [updateOb], [deleteOb], [showOb], [reportOb], [levelOb], [createDate], [updateDate], [createUserId], [updateUserId], [isActive]) VALUES (2153, 9, 20, N'', 0, 0, 0, 0, 0, 0, CAST(N'2022-04-14T15:57:03.9191078' AS DateTime2), CAST(N'2022-04-14T15:57:03.9191078' AS DateTime2), NULL, NULL, 1)
GO
INSERT [dbo].[groupObject] ([id], [groupId], [objectId], [notes], [addOb], [updateOb], [deleteOb], [showOb], [reportOb], [levelOb], [createDate], [updateDate], [createUserId], [updateUserId], [isActive]) VALUES (2154, 9, 21, N'', 0, 0, 0, 0, 0, 0, CAST(N'2022-04-14T15:57:03.9211029' AS DateTime2), CAST(N'2022-04-14T15:57:03.9211029' AS DateTime2), NULL, NULL, 1)
GO
INSERT [dbo].[groupObject] ([id], [groupId], [objectId], [notes], [addOb], [updateOb], [deleteOb], [showOb], [reportOb], [levelOb], [createDate], [updateDate], [createUserId], [updateUserId], [isActive]) VALUES (2155, 9, 22, N'', 0, 0, 0, 0, 0, 0, CAST(N'2022-04-14T15:57:03.9230973' AS DateTime2), CAST(N'2022-04-14T15:57:03.9230973' AS DateTime2), NULL, NULL, 1)
GO
INSERT [dbo].[groupObject] ([id], [groupId], [objectId], [notes], [addOb], [updateOb], [deleteOb], [showOb], [reportOb], [levelOb], [createDate], [updateDate], [createUserId], [updateUserId], [isActive]) VALUES (2156, 9, 23, N'', 0, 0, 0, 0, 0, 0, CAST(N'2022-04-14T15:57:03.9250920' AS DateTime2), CAST(N'2022-04-14T15:57:03.9250920' AS DateTime2), NULL, NULL, 1)
GO
INSERT [dbo].[groupObject] ([id], [groupId], [objectId], [notes], [addOb], [updateOb], [deleteOb], [showOb], [reportOb], [levelOb], [createDate], [updateDate], [createUserId], [updateUserId], [isActive]) VALUES (2157, 9, 24, N'', 0, 0, 0, 0, 0, 0, CAST(N'2022-04-14T15:57:03.9270864' AS DateTime2), CAST(N'2022-04-14T15:57:03.9270864' AS DateTime2), NULL, NULL, 1)
GO
INSERT [dbo].[groupObject] ([id], [groupId], [objectId], [notes], [addOb], [updateOb], [deleteOb], [showOb], [reportOb], [levelOb], [createDate], [updateDate], [createUserId], [updateUserId], [isActive]) VALUES (2158, 9, 25, N'', 0, 0, 0, 0, 0, 0, CAST(N'2022-04-14T15:57:03.9290819' AS DateTime2), CAST(N'2022-04-14T15:57:03.9290819' AS DateTime2), NULL, NULL, 1)
GO
INSERT [dbo].[groupObject] ([id], [groupId], [objectId], [notes], [addOb], [updateOb], [deleteOb], [showOb], [reportOb], [levelOb], [createDate], [updateDate], [createUserId], [updateUserId], [isActive]) VALUES (2159, 9, 26, N'', 0, 0, 0, 0, 0, 0, CAST(N'2022-04-14T15:57:03.9330700' AS DateTime2), CAST(N'2022-04-14T15:57:03.9330700' AS DateTime2), NULL, NULL, 1)
GO
INSERT [dbo].[groupObject] ([id], [groupId], [objectId], [notes], [addOb], [updateOb], [deleteOb], [showOb], [reportOb], [levelOb], [createDate], [updateDate], [createUserId], [updateUserId], [isActive]) VALUES (2160, 9, 27, N'', 0, 0, 0, 0, 0, 0, CAST(N'2022-04-14T15:57:03.9350659' AS DateTime2), CAST(N'2022-04-14T15:57:03.9350659' AS DateTime2), NULL, NULL, 1)
GO
INSERT [dbo].[groupObject] ([id], [groupId], [objectId], [notes], [addOb], [updateOb], [deleteOb], [showOb], [reportOb], [levelOb], [createDate], [updateDate], [createUserId], [updateUserId], [isActive]) VALUES (2161, 9, 28, N'', 0, 0, 0, 0, 0, 0, CAST(N'2022-04-14T15:57:03.9370599' AS DateTime2), CAST(N'2022-04-14T15:57:03.9370599' AS DateTime2), NULL, NULL, 1)
GO
INSERT [dbo].[groupObject] ([id], [groupId], [objectId], [notes], [addOb], [updateOb], [deleteOb], [showOb], [reportOb], [levelOb], [createDate], [updateDate], [createUserId], [updateUserId], [isActive]) VALUES (2162, 9, 29, N'', 0, 0, 0, 0, 0, 0, CAST(N'2022-04-14T15:57:03.9390542' AS DateTime2), CAST(N'2022-04-14T15:57:03.9390542' AS DateTime2), NULL, NULL, 1)
GO
INSERT [dbo].[groupObject] ([id], [groupId], [objectId], [notes], [addOb], [updateOb], [deleteOb], [showOb], [reportOb], [levelOb], [createDate], [updateDate], [createUserId], [updateUserId], [isActive]) VALUES (2163, 9, 30, N'', 0, 0, 0, 0, 0, 0, CAST(N'2022-04-14T15:57:03.9410501' AS DateTime2), CAST(N'2022-04-14T15:57:03.9410501' AS DateTime2), NULL, NULL, 1)
GO
INSERT [dbo].[groupObject] ([id], [groupId], [objectId], [notes], [addOb], [updateOb], [deleteOb], [showOb], [reportOb], [levelOb], [createDate], [updateDate], [createUserId], [updateUserId], [isActive]) VALUES (2164, 9, 31, N'', 0, 0, 0, 0, 0, 0, CAST(N'2022-04-14T15:57:03.9430423' AS DateTime2), CAST(N'2022-04-14T15:57:03.9430423' AS DateTime2), NULL, NULL, 1)
GO
INSERT [dbo].[groupObject] ([id], [groupId], [objectId], [notes], [addOb], [updateOb], [deleteOb], [showOb], [reportOb], [levelOb], [createDate], [updateDate], [createUserId], [updateUserId], [isActive]) VALUES (2165, 9, 32, N'', 0, 0, 0, 0, 0, 0, CAST(N'2022-04-14T15:57:03.9450385' AS DateTime2), CAST(N'2022-04-14T15:57:03.9450385' AS DateTime2), NULL, NULL, 1)
GO
INSERT [dbo].[groupObject] ([id], [groupId], [objectId], [notes], [addOb], [updateOb], [deleteOb], [showOb], [reportOb], [levelOb], [createDate], [updateDate], [createUserId], [updateUserId], [isActive]) VALUES (2166, 9, 33, N'', 0, 0, 0, 0, 0, 0, CAST(N'2022-04-14T15:57:03.9470329' AS DateTime2), CAST(N'2022-04-14T15:57:03.9470329' AS DateTime2), NULL, NULL, 1)
GO
INSERT [dbo].[groupObject] ([id], [groupId], [objectId], [notes], [addOb], [updateOb], [deleteOb], [showOb], [reportOb], [levelOb], [createDate], [updateDate], [createUserId], [updateUserId], [isActive]) VALUES (2167, 9, 34, N'', 0, 0, 0, 0, 0, 0, CAST(N'2022-04-14T15:57:03.9520196' AS DateTime2), CAST(N'2022-04-14T15:57:03.9520196' AS DateTime2), NULL, NULL, 1)
GO
INSERT [dbo].[groupObject] ([id], [groupId], [objectId], [notes], [addOb], [updateOb], [deleteOb], [showOb], [reportOb], [levelOb], [createDate], [updateDate], [createUserId], [updateUserId], [isActive]) VALUES (2168, 9, 35, N'', 0, 0, 0, 0, 0, 0, CAST(N'2022-04-14T15:57:03.9550108' AS DateTime2), CAST(N'2022-04-14T15:57:03.9550108' AS DateTime2), NULL, NULL, 1)
GO
INSERT [dbo].[groupObject] ([id], [groupId], [objectId], [notes], [addOb], [updateOb], [deleteOb], [showOb], [reportOb], [levelOb], [createDate], [updateDate], [createUserId], [updateUserId], [isActive]) VALUES (2169, 9, 36, N'', 0, 0, 0, 0, 0, 0, CAST(N'2022-04-14T15:57:03.9580028' AS DateTime2), CAST(N'2022-04-14T15:57:03.9580028' AS DateTime2), NULL, NULL, 1)
GO
INSERT [dbo].[groupObject] ([id], [groupId], [objectId], [notes], [addOb], [updateOb], [deleteOb], [showOb], [reportOb], [levelOb], [createDate], [updateDate], [createUserId], [updateUserId], [isActive]) VALUES (2170, 9, 37, N'', 0, 0, 0, 0, 0, 0, CAST(N'2022-04-14T15:57:03.9609947' AS DateTime2), CAST(N'2022-04-14T15:57:03.9609947' AS DateTime2), NULL, NULL, 1)
GO
INSERT [dbo].[groupObject] ([id], [groupId], [objectId], [notes], [addOb], [updateOb], [deleteOb], [showOb], [reportOb], [levelOb], [createDate], [updateDate], [createUserId], [updateUserId], [isActive]) VALUES (2171, 9, 38, N'', 0, 0, 0, 0, 0, 0, CAST(N'2022-04-14T15:57:03.9629884' AS DateTime2), CAST(N'2022-04-14T15:57:03.9629884' AS DateTime2), NULL, NULL, 1)
GO
INSERT [dbo].[groupObject] ([id], [groupId], [objectId], [notes], [addOb], [updateOb], [deleteOb], [showOb], [reportOb], [levelOb], [createDate], [updateDate], [createUserId], [updateUserId], [isActive]) VALUES (2172, 9, 39, N'', 0, 0, 0, 0, 0, 0, CAST(N'2022-04-14T15:57:03.9659815' AS DateTime2), CAST(N'2022-04-14T15:57:03.9659815' AS DateTime2), NULL, NULL, 1)
GO
INSERT [dbo].[groupObject] ([id], [groupId], [objectId], [notes], [addOb], [updateOb], [deleteOb], [showOb], [reportOb], [levelOb], [createDate], [updateDate], [createUserId], [updateUserId], [isActive]) VALUES (2173, 9, 40, N'', 0, 0, 0, 0, 0, 0, CAST(N'2022-04-14T15:57:03.9699725' AS DateTime2), CAST(N'2022-04-14T15:57:03.9699725' AS DateTime2), NULL, NULL, 1)
GO
INSERT [dbo].[groupObject] ([id], [groupId], [objectId], [notes], [addOb], [updateOb], [deleteOb], [showOb], [reportOb], [levelOb], [createDate], [updateDate], [createUserId], [updateUserId], [isActive]) VALUES (2174, 9, 41, N'', 0, 0, 0, 0, 0, 0, CAST(N'2022-04-14T15:57:03.9719665' AS DateTime2), CAST(N'2022-04-14T15:57:03.9719665' AS DateTime2), NULL, NULL, 1)
GO
INSERT [dbo].[groupObject] ([id], [groupId], [objectId], [notes], [addOb], [updateOb], [deleteOb], [showOb], [reportOb], [levelOb], [createDate], [updateDate], [createUserId], [updateUserId], [isActive]) VALUES (2175, 9, 42, N'', 0, 0, 0, 0, 0, 0, CAST(N'2022-04-14T15:57:03.9739605' AS DateTime2), CAST(N'2022-04-14T15:57:03.9739605' AS DateTime2), NULL, NULL, 1)
GO
INSERT [dbo].[groupObject] ([id], [groupId], [objectId], [notes], [addOb], [updateOb], [deleteOb], [showOb], [reportOb], [levelOb], [createDate], [updateDate], [createUserId], [updateUserId], [isActive]) VALUES (2176, 9, 43, N'', 0, 0, 0, 0, 0, 0, CAST(N'2022-04-14T15:57:03.9779489' AS DateTime2), CAST(N'2022-04-14T15:57:03.9779489' AS DateTime2), NULL, NULL, 1)
GO
INSERT [dbo].[groupObject] ([id], [groupId], [objectId], [notes], [addOb], [updateOb], [deleteOb], [showOb], [reportOb], [levelOb], [createDate], [updateDate], [createUserId], [updateUserId], [isActive]) VALUES (2177, 9, 44, N'', 0, 0, 0, 0, 0, 0, CAST(N'2022-04-14T15:57:03.9799455' AS DateTime2), CAST(N'2022-04-14T15:57:03.9799455' AS DateTime2), NULL, NULL, 1)
GO
INSERT [dbo].[groupObject] ([id], [groupId], [objectId], [notes], [addOb], [updateOb], [deleteOb], [showOb], [reportOb], [levelOb], [createDate], [updateDate], [createUserId], [updateUserId], [isActive]) VALUES (2178, 9, 45, N'', 0, 0, 0, 0, 0, 0, CAST(N'2022-04-14T15:57:03.9859268' AS DateTime2), CAST(N'2022-04-14T15:57:03.9859268' AS DateTime2), NULL, NULL, 1)
GO
INSERT [dbo].[groupObject] ([id], [groupId], [objectId], [notes], [addOb], [updateOb], [deleteOb], [showOb], [reportOb], [levelOb], [createDate], [updateDate], [createUserId], [updateUserId], [isActive]) VALUES (2179, 9, 46, N'', 0, 0, 0, 0, 0, 0, CAST(N'2022-04-14T15:57:03.9899175' AS DateTime2), CAST(N'2022-04-14T15:57:03.9899175' AS DateTime2), NULL, NULL, 1)
GO
INSERT [dbo].[groupObject] ([id], [groupId], [objectId], [notes], [addOb], [updateOb], [deleteOb], [showOb], [reportOb], [levelOb], [createDate], [updateDate], [createUserId], [updateUserId], [isActive]) VALUES (2180, 9, 47, N'', 0, 0, 0, 0, 0, 0, CAST(N'2022-04-14T15:57:03.9939104' AS DateTime2), CAST(N'2022-04-14T15:57:03.9939104' AS DateTime2), NULL, NULL, 1)
GO
INSERT [dbo].[groupObject] ([id], [groupId], [objectId], [notes], [addOb], [updateOb], [deleteOb], [showOb], [reportOb], [levelOb], [createDate], [updateDate], [createUserId], [updateUserId], [isActive]) VALUES (2181, 9, 48, N'', 0, 0, 0, 0, 0, 0, CAST(N'2022-04-14T15:57:03.9988945' AS DateTime2), CAST(N'2022-04-14T15:57:03.9988945' AS DateTime2), NULL, NULL, 1)
GO
INSERT [dbo].[groupObject] ([id], [groupId], [objectId], [notes], [addOb], [updateOb], [deleteOb], [showOb], [reportOb], [levelOb], [createDate], [updateDate], [createUserId], [updateUserId], [isActive]) VALUES (2182, 9, 49, N'', 0, 0, 0, 0, 0, 0, CAST(N'2022-04-14T15:57:04.0028810' AS DateTime2), CAST(N'2022-04-14T15:57:04.0028810' AS DateTime2), NULL, NULL, 1)
GO
INSERT [dbo].[groupObject] ([id], [groupId], [objectId], [notes], [addOb], [updateOb], [deleteOb], [showOb], [reportOb], [levelOb], [createDate], [updateDate], [createUserId], [updateUserId], [isActive]) VALUES (2183, 9, 50, N'', 0, 0, 0, 0, 0, 0, CAST(N'2022-04-14T15:57:04.0048788' AS DateTime2), CAST(N'2022-04-14T15:57:04.0048788' AS DateTime2), NULL, NULL, 1)
GO
INSERT [dbo].[groupObject] ([id], [groupId], [objectId], [notes], [addOb], [updateOb], [deleteOb], [showOb], [reportOb], [levelOb], [createDate], [updateDate], [createUserId], [updateUserId], [isActive]) VALUES (2184, 9, 51, N'', 0, 0, 0, 0, 0, 0, CAST(N'2022-04-14T15:57:04.0068712' AS DateTime2), CAST(N'2022-04-14T15:57:04.0068712' AS DateTime2), NULL, NULL, 1)
GO
INSERT [dbo].[groupObject] ([id], [groupId], [objectId], [notes], [addOb], [updateOb], [deleteOb], [showOb], [reportOb], [levelOb], [createDate], [updateDate], [createUserId], [updateUserId], [isActive]) VALUES (2185, 9, 52, N'', 0, 0, 0, 0, 0, 0, CAST(N'2022-04-14T15:57:04.0098636' AS DateTime2), CAST(N'2022-04-14T15:57:04.0098636' AS DateTime2), NULL, NULL, 1)
GO
INSERT [dbo].[groupObject] ([id], [groupId], [objectId], [notes], [addOb], [updateOb], [deleteOb], [showOb], [reportOb], [levelOb], [createDate], [updateDate], [createUserId], [updateUserId], [isActive]) VALUES (2186, 9, 53, N'', 0, 0, 0, 0, 0, 0, CAST(N'2022-04-14T15:57:04.0118580' AS DateTime2), CAST(N'2022-04-14T15:57:04.0118580' AS DateTime2), NULL, NULL, 1)
GO
INSERT [dbo].[groupObject] ([id], [groupId], [objectId], [notes], [addOb], [updateOb], [deleteOb], [showOb], [reportOb], [levelOb], [createDate], [updateDate], [createUserId], [updateUserId], [isActive]) VALUES (2187, 9, 54, N'', 0, 0, 0, 0, 0, 0, CAST(N'2022-04-14T15:57:04.0158486' AS DateTime2), CAST(N'2022-04-14T15:57:04.0158486' AS DateTime2), NULL, NULL, 1)
GO
INSERT [dbo].[groupObject] ([id], [groupId], [objectId], [notes], [addOb], [updateOb], [deleteOb], [showOb], [reportOb], [levelOb], [createDate], [updateDate], [createUserId], [updateUserId], [isActive]) VALUES (2188, 9, 55, N'', 0, 0, 0, 0, 0, 0, CAST(N'2022-04-14T15:57:04.0188391' AS DateTime2), CAST(N'2022-04-14T15:57:04.0188391' AS DateTime2), NULL, NULL, 1)
GO
INSERT [dbo].[groupObject] ([id], [groupId], [objectId], [notes], [addOb], [updateOb], [deleteOb], [showOb], [reportOb], [levelOb], [createDate], [updateDate], [createUserId], [updateUserId], [isActive]) VALUES (2189, 9, 56, N'', 0, 0, 0, 0, 0, 0, CAST(N'2022-04-14T15:57:04.0208361' AS DateTime2), CAST(N'2022-04-14T15:57:04.0208361' AS DateTime2), NULL, NULL, 1)
GO
INSERT [dbo].[groupObject] ([id], [groupId], [objectId], [notes], [addOb], [updateOb], [deleteOb], [showOb], [reportOb], [levelOb], [createDate], [updateDate], [createUserId], [updateUserId], [isActive]) VALUES (2190, 9, 57, N'', 0, 0, 0, 0, 0, 0, CAST(N'2022-04-14T15:57:04.0228305' AS DateTime2), CAST(N'2022-04-14T15:57:04.0228305' AS DateTime2), NULL, NULL, 1)
GO
INSERT [dbo].[groupObject] ([id], [groupId], [objectId], [notes], [addOb], [updateOb], [deleteOb], [showOb], [reportOb], [levelOb], [createDate], [updateDate], [createUserId], [updateUserId], [isActive]) VALUES (2191, 9, 58, N'', 0, 0, 0, 0, 0, 0, CAST(N'2022-04-14T15:57:04.0248249' AS DateTime2), CAST(N'2022-04-14T15:57:04.0248249' AS DateTime2), NULL, NULL, 1)
GO
INSERT [dbo].[groupObject] ([id], [groupId], [objectId], [notes], [addOb], [updateOb], [deleteOb], [showOb], [reportOb], [levelOb], [createDate], [updateDate], [createUserId], [updateUserId], [isActive]) VALUES (2192, 9, 59, N'', 0, 0, 0, 0, 0, 0, CAST(N'2022-04-14T15:57:04.0268200' AS DateTime2), CAST(N'2022-04-14T15:57:04.0268200' AS DateTime2), NULL, NULL, 1)
GO
INSERT [dbo].[groupObject] ([id], [groupId], [objectId], [notes], [addOb], [updateOb], [deleteOb], [showOb], [reportOb], [levelOb], [createDate], [updateDate], [createUserId], [updateUserId], [isActive]) VALUES (2193, 9, 60, N'', 0, 0, 0, 0, 0, 0, CAST(N'2022-04-14T15:57:04.0298120' AS DateTime2), CAST(N'2022-04-14T15:57:04.0298120' AS DateTime2), NULL, NULL, 1)
GO
INSERT [dbo].[groupObject] ([id], [groupId], [objectId], [notes], [addOb], [updateOb], [deleteOb], [showOb], [reportOb], [levelOb], [createDate], [updateDate], [createUserId], [updateUserId], [isActive]) VALUES (2194, 9, 61, N'', 0, 0, 0, 0, 0, 0, CAST(N'2022-04-14T15:57:04.0318063' AS DateTime2), CAST(N'2022-04-14T15:57:04.0318063' AS DateTime2), NULL, NULL, 1)
GO
INSERT [dbo].[groupObject] ([id], [groupId], [objectId], [notes], [addOb], [updateOb], [deleteOb], [showOb], [reportOb], [levelOb], [createDate], [updateDate], [createUserId], [updateUserId], [isActive]) VALUES (2195, 9, 62, N'', 0, 0, 0, 0, 0, 0, CAST(N'2022-04-14T15:57:04.0347987' AS DateTime2), CAST(N'2022-04-14T15:57:04.0347987' AS DateTime2), NULL, NULL, 1)
GO
INSERT [dbo].[groupObject] ([id], [groupId], [objectId], [notes], [addOb], [updateOb], [deleteOb], [showOb], [reportOb], [levelOb], [createDate], [updateDate], [createUserId], [updateUserId], [isActive]) VALUES (2196, 9, 63, N'', 0, 0, 0, 0, 0, 0, CAST(N'2022-04-14T15:57:04.0367934' AS DateTime2), CAST(N'2022-04-14T15:57:04.0367934' AS DateTime2), NULL, NULL, 1)
GO
INSERT [dbo].[groupObject] ([id], [groupId], [objectId], [notes], [addOb], [updateOb], [deleteOb], [showOb], [reportOb], [levelOb], [createDate], [updateDate], [createUserId], [updateUserId], [isActive]) VALUES (2197, 9, 64, N'', 0, 0, 0, 0, 0, 0, CAST(N'2022-04-14T15:57:04.0397846' AS DateTime2), CAST(N'2022-04-14T15:57:04.0397846' AS DateTime2), NULL, NULL, 1)
GO
INSERT [dbo].[groupObject] ([id], [groupId], [objectId], [notes], [addOb], [updateOb], [deleteOb], [showOb], [reportOb], [levelOb], [createDate], [updateDate], [createUserId], [updateUserId], [isActive]) VALUES (2198, 9, 65, N'', 0, 0, 0, 0, 0, 0, CAST(N'2022-04-14T15:57:04.0447710' AS DateTime2), CAST(N'2022-04-14T15:57:04.0447710' AS DateTime2), NULL, NULL, 1)
GO
INSERT [dbo].[groupObject] ([id], [groupId], [objectId], [notes], [addOb], [updateOb], [deleteOb], [showOb], [reportOb], [levelOb], [createDate], [updateDate], [createUserId], [updateUserId], [isActive]) VALUES (2199, 9, 66, N'', 0, 0, 0, 0, 0, 0, CAST(N'2022-04-14T15:57:04.0477618' AS DateTime2), CAST(N'2022-04-14T15:57:04.0477618' AS DateTime2), NULL, NULL, 1)
GO
INSERT [dbo].[groupObject] ([id], [groupId], [objectId], [notes], [addOb], [updateOb], [deleteOb], [showOb], [reportOb], [levelOb], [createDate], [updateDate], [createUserId], [updateUserId], [isActive]) VALUES (2200, 9, 67, N'', 0, 0, 0, 0, 0, 0, CAST(N'2022-04-14T15:57:04.0517521' AS DateTime2), CAST(N'2022-04-14T15:57:04.0517521' AS DateTime2), NULL, NULL, 1)
GO
INSERT [dbo].[groupObject] ([id], [groupId], [objectId], [notes], [addOb], [updateOb], [deleteOb], [showOb], [reportOb], [levelOb], [createDate], [updateDate], [createUserId], [updateUserId], [isActive]) VALUES (2201, 9, 68, N'', 0, 0, 0, 0, 0, 0, CAST(N'2022-04-14T15:57:04.0557424' AS DateTime2), CAST(N'2022-04-14T15:57:04.0557424' AS DateTime2), NULL, NULL, 1)
GO
INSERT [dbo].[groupObject] ([id], [groupId], [objectId], [notes], [addOb], [updateOb], [deleteOb], [showOb], [reportOb], [levelOb], [createDate], [updateDate], [createUserId], [updateUserId], [isActive]) VALUES (2202, 9, 69, N'', 0, 0, 0, 0, 0, 0, CAST(N'2022-04-14T15:57:04.0587324' AS DateTime2), CAST(N'2022-04-14T15:57:04.0587324' AS DateTime2), NULL, NULL, 1)
GO
INSERT [dbo].[groupObject] ([id], [groupId], [objectId], [notes], [addOb], [updateOb], [deleteOb], [showOb], [reportOb], [levelOb], [createDate], [updateDate], [createUserId], [updateUserId], [isActive]) VALUES (2203, 9, 70, N'', 0, 0, 0, 0, 0, 0, CAST(N'2022-04-14T15:57:04.0617259' AS DateTime2), CAST(N'2022-04-14T15:57:04.0617259' AS DateTime2), NULL, NULL, 1)
GO
INSERT [dbo].[groupObject] ([id], [groupId], [objectId], [notes], [addOb], [updateOb], [deleteOb], [showOb], [reportOb], [levelOb], [createDate], [updateDate], [createUserId], [updateUserId], [isActive]) VALUES (2204, 9, 71, N'', 0, 0, 0, 0, 0, 0, CAST(N'2022-04-14T15:57:04.0637191' AS DateTime2), CAST(N'2022-04-14T15:57:04.0637191' AS DateTime2), NULL, NULL, 1)
GO
INSERT [dbo].[groupObject] ([id], [groupId], [objectId], [notes], [addOb], [updateOb], [deleteOb], [showOb], [reportOb], [levelOb], [createDate], [updateDate], [createUserId], [updateUserId], [isActive]) VALUES (2205, 9, 72, N'', 0, 0, 0, 0, 0, 0, CAST(N'2022-04-14T15:57:04.0687070' AS DateTime2), CAST(N'2022-04-14T15:57:04.0687070' AS DateTime2), NULL, NULL, 1)
GO
INSERT [dbo].[groupObject] ([id], [groupId], [objectId], [notes], [addOb], [updateOb], [deleteOb], [showOb], [reportOb], [levelOb], [createDate], [updateDate], [createUserId], [updateUserId], [isActive]) VALUES (2206, 9, 73, N'', 0, 0, 0, 0, 0, 0, CAST(N'2022-04-14T15:57:04.0716993' AS DateTime2), CAST(N'2022-04-14T15:57:04.0716993' AS DateTime2), NULL, NULL, 1)
GO
INSERT [dbo].[groupObject] ([id], [groupId], [objectId], [notes], [addOb], [updateOb], [deleteOb], [showOb], [reportOb], [levelOb], [createDate], [updateDate], [createUserId], [updateUserId], [isActive]) VALUES (2207, 9, 74, N'', 0, 0, 0, 0, 0, 0, CAST(N'2022-04-14T15:57:04.0746917' AS DateTime2), CAST(N'2022-04-14T15:57:04.0746917' AS DateTime2), NULL, NULL, 1)
GO
INSERT [dbo].[groupObject] ([id], [groupId], [objectId], [notes], [addOb], [updateOb], [deleteOb], [showOb], [reportOb], [levelOb], [createDate], [updateDate], [createUserId], [updateUserId], [isActive]) VALUES (2208, 9, 75, N'', 0, 0, 0, 0, 0, 0, CAST(N'2022-04-14T15:57:04.0776813' AS DateTime2), CAST(N'2022-04-14T15:57:04.0776813' AS DateTime2), NULL, NULL, 1)
GO
INSERT [dbo].[groupObject] ([id], [groupId], [objectId], [notes], [addOb], [updateOb], [deleteOb], [showOb], [reportOb], [levelOb], [createDate], [updateDate], [createUserId], [updateUserId], [isActive]) VALUES (2209, 9, 76, N'', 0, 0, 0, 0, 0, 0, CAST(N'2022-04-14T15:57:04.0796780' AS DateTime2), CAST(N'2022-04-14T15:57:04.0796780' AS DateTime2), NULL, NULL, 1)
GO
INSERT [dbo].[groupObject] ([id], [groupId], [objectId], [notes], [addOb], [updateOb], [deleteOb], [showOb], [reportOb], [levelOb], [createDate], [updateDate], [createUserId], [updateUserId], [isActive]) VALUES (2210, 9, 77, N'', 0, 0, 0, 0, 0, 0, CAST(N'2022-04-14T15:57:04.0826696' AS DateTime2), CAST(N'2022-04-14T15:57:04.0826696' AS DateTime2), NULL, NULL, 1)
GO
INSERT [dbo].[groupObject] ([id], [groupId], [objectId], [notes], [addOb], [updateOb], [deleteOb], [showOb], [reportOb], [levelOb], [createDate], [updateDate], [createUserId], [updateUserId], [isActive]) VALUES (2211, 9, 78, N'', 0, 0, 0, 0, 0, 0, CAST(N'2022-04-14T15:57:04.0846632' AS DateTime2), CAST(N'2022-04-14T15:57:04.0846632' AS DateTime2), NULL, NULL, 1)
GO
INSERT [dbo].[groupObject] ([id], [groupId], [objectId], [notes], [addOb], [updateOb], [deleteOb], [showOb], [reportOb], [levelOb], [createDate], [updateDate], [createUserId], [updateUserId], [isActive]) VALUES (2212, 9, 79, N'', 0, 0, 0, 0, 0, 0, CAST(N'2022-04-14T15:57:04.0876570' AS DateTime2), CAST(N'2022-04-14T15:57:04.0876570' AS DateTime2), NULL, NULL, 1)
GO
INSERT [dbo].[groupObject] ([id], [groupId], [objectId], [notes], [addOb], [updateOb], [deleteOb], [showOb], [reportOb], [levelOb], [createDate], [updateDate], [createUserId], [updateUserId], [isActive]) VALUES (2213, 9, 80, N'', 0, 0, 0, 0, 0, 0, CAST(N'2022-04-14T15:57:04.0896503' AS DateTime2), CAST(N'2022-04-14T15:57:04.0896503' AS DateTime2), NULL, NULL, 1)
GO
INSERT [dbo].[groupObject] ([id], [groupId], [objectId], [notes], [addOb], [updateOb], [deleteOb], [showOb], [reportOb], [levelOb], [createDate], [updateDate], [createUserId], [updateUserId], [isActive]) VALUES (2214, 9, 81, N'', 0, 0, 0, 0, 0, 0, CAST(N'2022-04-14T15:57:04.0926422' AS DateTime2), CAST(N'2022-04-14T15:57:04.0926422' AS DateTime2), NULL, NULL, 1)
GO
INSERT [dbo].[groupObject] ([id], [groupId], [objectId], [notes], [addOb], [updateOb], [deleteOb], [showOb], [reportOb], [levelOb], [createDate], [updateDate], [createUserId], [updateUserId], [isActive]) VALUES (2215, 9, 82, N'', 0, 0, 0, 0, 0, 0, CAST(N'2022-04-14T15:57:04.1026168' AS DateTime2), CAST(N'2022-04-14T15:57:04.1026168' AS DateTime2), NULL, NULL, 1)
GO
INSERT [dbo].[groupObject] ([id], [groupId], [objectId], [notes], [addOb], [updateOb], [deleteOb], [showOb], [reportOb], [levelOb], [createDate], [updateDate], [createUserId], [updateUserId], [isActive]) VALUES (2216, 9, 83, N'', 0, 0, 0, 0, 0, 0, CAST(N'2022-04-14T15:57:04.1046123' AS DateTime2), CAST(N'2022-04-14T15:57:04.1046123' AS DateTime2), NULL, NULL, 1)
GO
INSERT [dbo].[groupObject] ([id], [groupId], [objectId], [notes], [addOb], [updateOb], [deleteOb], [showOb], [reportOb], [levelOb], [createDate], [updateDate], [createUserId], [updateUserId], [isActive]) VALUES (2217, 9, 84, N'', 0, 0, 0, 0, 0, 0, CAST(N'2022-04-14T15:57:04.1076020' AS DateTime2), CAST(N'2022-04-14T15:57:04.1076020' AS DateTime2), NULL, NULL, 1)
GO
INSERT [dbo].[groupObject] ([id], [groupId], [objectId], [notes], [addOb], [updateOb], [deleteOb], [showOb], [reportOb], [levelOb], [createDate], [updateDate], [createUserId], [updateUserId], [isActive]) VALUES (2218, 9, 85, N'', 0, 0, 0, 0, 0, 0, CAST(N'2022-04-14T15:57:04.1095990' AS DateTime2), CAST(N'2022-04-14T15:57:04.1095990' AS DateTime2), NULL, NULL, 1)
GO
INSERT [dbo].[groupObject] ([id], [groupId], [objectId], [notes], [addOb], [updateOb], [deleteOb], [showOb], [reportOb], [levelOb], [createDate], [updateDate], [createUserId], [updateUserId], [isActive]) VALUES (2219, 9, 86, N'', 0, 0, 0, 0, 0, 0, CAST(N'2022-04-14T15:57:04.1115934' AS DateTime2), CAST(N'2022-04-14T15:57:04.1115934' AS DateTime2), NULL, NULL, 1)
GO
INSERT [dbo].[groupObject] ([id], [groupId], [objectId], [notes], [addOb], [updateOb], [deleteOb], [showOb], [reportOb], [levelOb], [createDate], [updateDate], [createUserId], [updateUserId], [isActive]) VALUES (2220, 9, 87, N'', 0, 0, 0, 0, 0, 0, CAST(N'2022-04-14T15:57:04.1145846' AS DateTime2), CAST(N'2022-04-14T15:57:04.1145846' AS DateTime2), NULL, NULL, 1)
GO
INSERT [dbo].[groupObject] ([id], [groupId], [objectId], [notes], [addOb], [updateOb], [deleteOb], [showOb], [reportOb], [levelOb], [createDate], [updateDate], [createUserId], [updateUserId], [isActive]) VALUES (2221, 9, 88, N'', 0, 0, 0, 0, 0, 0, CAST(N'2022-04-14T15:57:04.1175758' AS DateTime2), CAST(N'2022-04-14T15:57:04.1175758' AS DateTime2), NULL, NULL, 1)
GO
INSERT [dbo].[groupObject] ([id], [groupId], [objectId], [notes], [addOb], [updateOb], [deleteOb], [showOb], [reportOb], [levelOb], [createDate], [updateDate], [createUserId], [updateUserId], [isActive]) VALUES (2222, 9, 89, N'', 0, 0, 0, 0, 0, 0, CAST(N'2022-04-14T15:57:04.1195698' AS DateTime2), CAST(N'2022-04-14T15:57:04.1195698' AS DateTime2), NULL, NULL, 1)
GO
INSERT [dbo].[groupObject] ([id], [groupId], [objectId], [notes], [addOb], [updateOb], [deleteOb], [showOb], [reportOb], [levelOb], [createDate], [updateDate], [createUserId], [updateUserId], [isActive]) VALUES (2223, 9, 90, N'', 0, 0, 0, 0, 0, 0, CAST(N'2022-04-14T15:57:04.1265517' AS DateTime2), CAST(N'2022-04-14T15:57:04.1265517' AS DateTime2), NULL, NULL, 1)
GO
INSERT [dbo].[groupObject] ([id], [groupId], [objectId], [notes], [addOb], [updateOb], [deleteOb], [showOb], [reportOb], [levelOb], [createDate], [updateDate], [createUserId], [updateUserId], [isActive]) VALUES (2224, 9, 91, N'', 0, 0, 0, 0, 0, 0, CAST(N'2022-04-14T15:57:04.1295448' AS DateTime2), CAST(N'2022-04-14T15:57:04.1295448' AS DateTime2), NULL, NULL, 1)
GO
INSERT [dbo].[groupObject] ([id], [groupId], [objectId], [notes], [addOb], [updateOb], [deleteOb], [showOb], [reportOb], [levelOb], [createDate], [updateDate], [createUserId], [updateUserId], [isActive]) VALUES (2225, 9, 92, N'', 0, 0, 0, 0, 0, 0, CAST(N'2022-04-14T15:57:04.1325348' AS DateTime2), CAST(N'2022-04-14T15:57:04.1325348' AS DateTime2), NULL, NULL, 1)
GO
INSERT [dbo].[groupObject] ([id], [groupId], [objectId], [notes], [addOb], [updateOb], [deleteOb], [showOb], [reportOb], [levelOb], [createDate], [updateDate], [createUserId], [updateUserId], [isActive]) VALUES (2226, 9, 93, N'', 0, 0, 0, 0, 0, 0, CAST(N'2022-04-14T15:57:04.1345300' AS DateTime2), CAST(N'2022-04-14T15:57:04.1345300' AS DateTime2), NULL, NULL, 1)
GO
INSERT [dbo].[groupObject] ([id], [groupId], [objectId], [notes], [addOb], [updateOb], [deleteOb], [showOb], [reportOb], [levelOb], [createDate], [updateDate], [createUserId], [updateUserId], [isActive]) VALUES (2227, 9, 94, N'', 0, 0, 0, 0, 0, 0, CAST(N'2022-04-14T15:57:04.1385191' AS DateTime2), CAST(N'2022-04-14T15:57:04.1385191' AS DateTime2), NULL, NULL, 1)
GO
INSERT [dbo].[groupObject] ([id], [groupId], [objectId], [notes], [addOb], [updateOb], [deleteOb], [showOb], [reportOb], [levelOb], [createDate], [updateDate], [createUserId], [updateUserId], [isActive]) VALUES (2228, 9, 95, N'', 0, 0, 0, 0, 0, 0, CAST(N'2022-04-14T15:57:04.1405147' AS DateTime2), CAST(N'2022-04-14T15:57:04.1405147' AS DateTime2), NULL, NULL, 1)
GO
INSERT [dbo].[groupObject] ([id], [groupId], [objectId], [notes], [addOb], [updateOb], [deleteOb], [showOb], [reportOb], [levelOb], [createDate], [updateDate], [createUserId], [updateUserId], [isActive]) VALUES (2229, 9, 96, N'', 2, 2, 2, 0, 2, 0, CAST(N'2022-04-14T15:57:04.1435111' AS DateTime2), CAST(N'2022-04-14T15:57:04.1435111' AS DateTime2), NULL, NULL, 1)
GO
INSERT [dbo].[groupObject] ([id], [groupId], [objectId], [notes], [addOb], [updateOb], [deleteOb], [showOb], [reportOb], [levelOb], [createDate], [updateDate], [createUserId], [updateUserId], [isActive]) VALUES (2230, 9, 97, N'', 2, 2, 2, 0, 2, 0, CAST(N'2022-04-14T15:57:04.1465001' AS DateTime2), CAST(N'2022-04-14T15:57:04.1465001' AS DateTime2), NULL, NULL, 1)
GO
INSERT [dbo].[groupObject] ([id], [groupId], [objectId], [notes], [addOb], [updateOb], [deleteOb], [showOb], [reportOb], [levelOb], [createDate], [updateDate], [createUserId], [updateUserId], [isActive]) VALUES (2231, 9, 98, N'', 2, 2, 2, 0, 2, 0, CAST(N'2022-04-14T15:57:04.1514857' AS DateTime2), CAST(N'2022-04-14T15:57:04.1514857' AS DateTime2), NULL, NULL, 1)
GO
INSERT [dbo].[groupObject] ([id], [groupId], [objectId], [notes], [addOb], [updateOb], [deleteOb], [showOb], [reportOb], [levelOb], [createDate], [updateDate], [createUserId], [updateUserId], [isActive]) VALUES (2232, 9, 99, N'', 2, 2, 2, 0, 2, 0, CAST(N'2022-04-14T15:57:04.1554740' AS DateTime2), CAST(N'2022-04-14T15:57:04.1554740' AS DateTime2), NULL, NULL, 1)
GO
INSERT [dbo].[groupObject] ([id], [groupId], [objectId], [notes], [addOb], [updateOb], [deleteOb], [showOb], [reportOb], [levelOb], [createDate], [updateDate], [createUserId], [updateUserId], [isActive]) VALUES (2233, 9, 100, N'', 2, 2, 2, 0, 2, 0, CAST(N'2022-04-14T15:57:04.1584660' AS DateTime2), CAST(N'2022-04-14T15:57:04.1584660' AS DateTime2), NULL, NULL, 1)
GO
INSERT [dbo].[groupObject] ([id], [groupId], [objectId], [notes], [addOb], [updateOb], [deleteOb], [showOb], [reportOb], [levelOb], [createDate], [updateDate], [createUserId], [updateUserId], [isActive]) VALUES (2234, 9, 101, N'', 2, 2, 2, 0, 2, 0, CAST(N'2022-04-14T15:57:04.1604611' AS DateTime2), CAST(N'2022-04-14T15:57:04.1604611' AS DateTime2), NULL, NULL, 1)
GO
INSERT [dbo].[groupObject] ([id], [groupId], [objectId], [notes], [addOb], [updateOb], [deleteOb], [showOb], [reportOb], [levelOb], [createDate], [updateDate], [createUserId], [updateUserId], [isActive]) VALUES (2235, 9, 102, N'', 2, 2, 2, 0, 2, 0, CAST(N'2022-04-14T15:57:04.1634539' AS DateTime2), CAST(N'2022-04-14T15:57:04.1634539' AS DateTime2), NULL, NULL, 1)
GO
INSERT [dbo].[groupObject] ([id], [groupId], [objectId], [notes], [addOb], [updateOb], [deleteOb], [showOb], [reportOb], [levelOb], [createDate], [updateDate], [createUserId], [updateUserId], [isActive]) VALUES (2236, 9, 103, N'', 0, 0, 0, 0, 0, 0, CAST(N'2022-04-14T15:57:04.1664462' AS DateTime2), CAST(N'2022-04-14T15:57:04.1664462' AS DateTime2), NULL, NULL, 1)
GO
INSERT [dbo].[groupObject] ([id], [groupId], [objectId], [notes], [addOb], [updateOb], [deleteOb], [showOb], [reportOb], [levelOb], [createDate], [updateDate], [createUserId], [updateUserId], [isActive]) VALUES (2237, 9, 104, N'', 0, 0, 0, 0, 0, 0, CAST(N'2022-04-14T15:57:04.1684421' AS DateTime2), CAST(N'2022-04-14T15:57:04.1684421' AS DateTime2), NULL, NULL, 1)
GO
INSERT [dbo].[groupObject] ([id], [groupId], [objectId], [notes], [addOb], [updateOb], [deleteOb], [showOb], [reportOb], [levelOb], [createDate], [updateDate], [createUserId], [updateUserId], [isActive]) VALUES (2238, 9, 105, N'', 0, 0, 0, 0, 0, 0, CAST(N'2022-04-14T15:57:04.1714333' AS DateTime2), CAST(N'2022-04-14T15:57:04.1714333' AS DateTime2), NULL, NULL, 1)
GO
INSERT [dbo].[groupObject] ([id], [groupId], [objectId], [notes], [addOb], [updateOb], [deleteOb], [showOb], [reportOb], [levelOb], [createDate], [updateDate], [createUserId], [updateUserId], [isActive]) VALUES (2239, 9, 106, N'', 0, 0, 0, 0, 0, 0, CAST(N'2022-04-14T15:57:04.1734277' AS DateTime2), CAST(N'2022-04-14T15:57:04.1734277' AS DateTime2), NULL, NULL, 1)
GO
INSERT [dbo].[groupObject] ([id], [groupId], [objectId], [notes], [addOb], [updateOb], [deleteOb], [showOb], [reportOb], [levelOb], [createDate], [updateDate], [createUserId], [updateUserId], [isActive]) VALUES (2240, 9, 107, N'', 0, 0, 0, 0, 0, 0, CAST(N'2022-04-14T15:57:04.1764204' AS DateTime2), CAST(N'2022-04-14T15:57:04.1764204' AS DateTime2), NULL, NULL, 1)
GO
INSERT [dbo].[groupObject] ([id], [groupId], [objectId], [notes], [addOb], [updateOb], [deleteOb], [showOb], [reportOb], [levelOb], [createDate], [updateDate], [createUserId], [updateUserId], [isActive]) VALUES (2241, 9, 108, N'', 0, 0, 0, 0, 0, 0, CAST(N'2022-04-14T15:57:04.1794119' AS DateTime2), CAST(N'2022-04-14T15:57:04.1794119' AS DateTime2), NULL, NULL, 1)
GO
INSERT [dbo].[groupObject] ([id], [groupId], [objectId], [notes], [addOb], [updateOb], [deleteOb], [showOb], [reportOb], [levelOb], [createDate], [updateDate], [createUserId], [updateUserId], [isActive]) VALUES (2242, 9, 109, N'', 0, 0, 0, 0, 0, 0, CAST(N'2022-04-14T15:57:04.1873899' AS DateTime2), CAST(N'2022-04-14T15:57:04.1873899' AS DateTime2), NULL, NULL, 1)
GO
INSERT [dbo].[groupObject] ([id], [groupId], [objectId], [notes], [addOb], [updateOb], [deleteOb], [showOb], [reportOb], [levelOb], [createDate], [updateDate], [createUserId], [updateUserId], [isActive]) VALUES (2243, 9, 110, N'', 0, 0, 0, 0, 0, 0, CAST(N'2022-04-14T15:57:04.1933734' AS DateTime2), CAST(N'2022-04-14T15:57:04.1933734' AS DateTime2), NULL, NULL, 1)
GO
INSERT [dbo].[groupObject] ([id], [groupId], [objectId], [notes], [addOb], [updateOb], [deleteOb], [showOb], [reportOb], [levelOb], [createDate], [updateDate], [createUserId], [updateUserId], [isActive]) VALUES (2244, 9, 111, N'', 0, 0, 0, 0, 0, 0, CAST(N'2022-04-14T15:57:04.1973629' AS DateTime2), CAST(N'2022-04-14T15:57:04.1973629' AS DateTime2), NULL, NULL, 1)
GO
INSERT [dbo].[groupObject] ([id], [groupId], [objectId], [notes], [addOb], [updateOb], [deleteOb], [showOb], [reportOb], [levelOb], [createDate], [updateDate], [createUserId], [updateUserId], [isActive]) VALUES (2245, 9, 112, N'', 0, 0, 0, 0, 0, 0, CAST(N'2022-04-14T15:57:04.2013543' AS DateTime2), CAST(N'2022-04-14T15:57:04.2013543' AS DateTime2), NULL, NULL, 1)
GO
INSERT [dbo].[groupObject] ([id], [groupId], [objectId], [notes], [addOb], [updateOb], [deleteOb], [showOb], [reportOb], [levelOb], [createDate], [updateDate], [createUserId], [updateUserId], [isActive]) VALUES (2246, 9, 113, N'', 0, 0, 0, 0, 0, 0, CAST(N'2022-04-14T15:57:04.2073360' AS DateTime2), CAST(N'2022-04-14T15:57:04.2073360' AS DateTime2), NULL, NULL, 1)
GO
INSERT [dbo].[groupObject] ([id], [groupId], [objectId], [notes], [addOb], [updateOb], [deleteOb], [showOb], [reportOb], [levelOb], [createDate], [updateDate], [createUserId], [updateUserId], [isActive]) VALUES (2247, 9, 114, N'', 0, 0, 0, 0, 0, 0, CAST(N'2022-04-14T15:57:04.2103276' AS DateTime2), CAST(N'2022-04-14T15:57:04.2103276' AS DateTime2), NULL, NULL, 1)
GO
INSERT [dbo].[groupObject] ([id], [groupId], [objectId], [notes], [addOb], [updateOb], [deleteOb], [showOb], [reportOb], [levelOb], [createDate], [updateDate], [createUserId], [updateUserId], [isActive]) VALUES (2248, 9, 115, N'', 0, 0, 0, 0, 0, 0, CAST(N'2022-04-14T15:57:04.2133195' AS DateTime2), CAST(N'2022-04-14T15:57:04.2133195' AS DateTime2), NULL, NULL, 1)
GO
INSERT [dbo].[groupObject] ([id], [groupId], [objectId], [notes], [addOb], [updateOb], [deleteOb], [showOb], [reportOb], [levelOb], [createDate], [updateDate], [createUserId], [updateUserId], [isActive]) VALUES (2249, 9, 116, N'', 0, 0, 0, 0, 0, 0, CAST(N'2022-04-14T15:57:04.2193038' AS DateTime2), CAST(N'2022-04-14T15:57:04.2193038' AS DateTime2), NULL, NULL, 1)
GO
INSERT [dbo].[groupObject] ([id], [groupId], [objectId], [notes], [addOb], [updateOb], [deleteOb], [showOb], [reportOb], [levelOb], [createDate], [updateDate], [createUserId], [updateUserId], [isActive]) VALUES (2250, 9, 117, N'', 0, 0, 0, 0, 0, 0, CAST(N'2022-04-14T15:57:04.2242905' AS DateTime2), CAST(N'2022-04-14T15:57:04.2242905' AS DateTime2), NULL, NULL, 1)
GO
INSERT [dbo].[groupObject] ([id], [groupId], [objectId], [notes], [addOb], [updateOb], [deleteOb], [showOb], [reportOb], [levelOb], [createDate], [updateDate], [createUserId], [updateUserId], [isActive]) VALUES (2251, 9, 118, N'', 0, 0, 0, 0, 0, 0, CAST(N'2022-04-14T15:57:04.2272821' AS DateTime2), CAST(N'2022-04-14T15:57:04.2272821' AS DateTime2), NULL, NULL, 1)
GO
INSERT [dbo].[groupObject] ([id], [groupId], [objectId], [notes], [addOb], [updateOb], [deleteOb], [showOb], [reportOb], [levelOb], [createDate], [updateDate], [createUserId], [updateUserId], [isActive]) VALUES (2252, 9, 119, N'', 0, 0, 0, 0, 0, 0, CAST(N'2022-04-14T15:57:04.2302763' AS DateTime2), CAST(N'2022-04-14T15:57:04.2302763' AS DateTime2), NULL, NULL, 1)
GO
INSERT [dbo].[groupObject] ([id], [groupId], [objectId], [notes], [addOb], [updateOb], [deleteOb], [showOb], [reportOb], [levelOb], [createDate], [updateDate], [createUserId], [updateUserId], [isActive]) VALUES (2253, 9, 120, N'', 0, 0, 0, 0, 0, 0, CAST(N'2022-04-14T15:57:04.2342643' AS DateTime2), CAST(N'2022-04-14T15:57:04.2342643' AS DateTime2), NULL, NULL, 1)
GO
INSERT [dbo].[groupObject] ([id], [groupId], [objectId], [notes], [addOb], [updateOb], [deleteOb], [showOb], [reportOb], [levelOb], [createDate], [updateDate], [createUserId], [updateUserId], [isActive]) VALUES (2254, 9, 121, N'', 0, 0, 0, 0, 0, 0, CAST(N'2022-04-14T15:57:04.2372563' AS DateTime2), CAST(N'2022-04-14T15:57:04.2372563' AS DateTime2), NULL, NULL, 1)
GO
INSERT [dbo].[groupObject] ([id], [groupId], [objectId], [notes], [addOb], [updateOb], [deleteOb], [showOb], [reportOb], [levelOb], [createDate], [updateDate], [createUserId], [updateUserId], [isActive]) VALUES (2255, 9, 122, N'', 0, 0, 0, 0, 0, 0, CAST(N'2022-04-14T15:57:04.2402486' AS DateTime2), CAST(N'2022-04-14T15:57:04.2402486' AS DateTime2), NULL, NULL, 1)
GO
INSERT [dbo].[groupObject] ([id], [groupId], [objectId], [notes], [addOb], [updateOb], [deleteOb], [showOb], [reportOb], [levelOb], [createDate], [updateDate], [createUserId], [updateUserId], [isActive]) VALUES (2256, 9, 123, N'', 0, 0, 0, 0, 0, 0, CAST(N'2022-04-14T15:57:04.2432421' AS DateTime2), CAST(N'2022-04-14T15:57:04.2432421' AS DateTime2), NULL, NULL, 1)
GO
INSERT [dbo].[groupObject] ([id], [groupId], [objectId], [notes], [addOb], [updateOb], [deleteOb], [showOb], [reportOb], [levelOb], [createDate], [updateDate], [createUserId], [updateUserId], [isActive]) VALUES (2257, 9, 124, N'', 0, 0, 0, 0, 0, 0, CAST(N'2022-04-14T15:57:04.2462314' AS DateTime2), CAST(N'2022-04-14T15:57:04.2462314' AS DateTime2), NULL, NULL, 1)
GO
INSERT [dbo].[groupObject] ([id], [groupId], [objectId], [notes], [addOb], [updateOb], [deleteOb], [showOb], [reportOb], [levelOb], [createDate], [updateDate], [createUserId], [updateUserId], [isActive]) VALUES (2258, 9, 125, N'', 0, 0, 0, 0, 0, 0, CAST(N'2022-04-14T15:57:04.2512181' AS DateTime2), CAST(N'2022-04-14T15:57:04.2512181' AS DateTime2), NULL, NULL, 1)
GO
INSERT [dbo].[groupObject] ([id], [groupId], [objectId], [notes], [addOb], [updateOb], [deleteOb], [showOb], [reportOb], [levelOb], [createDate], [updateDate], [createUserId], [updateUserId], [isActive]) VALUES (2259, 9, 126, N'', 0, 0, 0, 0, 0, 0, CAST(N'2022-04-14T15:57:04.2542112' AS DateTime2), CAST(N'2022-04-14T15:57:04.2542112' AS DateTime2), NULL, NULL, 1)
GO
INSERT [dbo].[groupObject] ([id], [groupId], [objectId], [notes], [addOb], [updateOb], [deleteOb], [showOb], [reportOb], [levelOb], [createDate], [updateDate], [createUserId], [updateUserId], [isActive]) VALUES (2260, 9, 127, N'', 0, 0, 0, 0, 0, 0, CAST(N'2022-04-14T15:57:04.2572024' AS DateTime2), CAST(N'2022-04-14T15:57:04.2572024' AS DateTime2), NULL, NULL, 1)
GO
INSERT [dbo].[groupObject] ([id], [groupId], [objectId], [notes], [addOb], [updateOb], [deleteOb], [showOb], [reportOb], [levelOb], [createDate], [updateDate], [createUserId], [updateUserId], [isActive]) VALUES (2261, 9, 128, N'', 0, 0, 0, 0, 0, 0, CAST(N'2022-04-14T15:57:04.2611934' AS DateTime2), CAST(N'2022-04-14T15:57:04.2611934' AS DateTime2), NULL, NULL, 1)
GO
INSERT [dbo].[groupObject] ([id], [groupId], [objectId], [notes], [addOb], [updateOb], [deleteOb], [showOb], [reportOb], [levelOb], [createDate], [updateDate], [createUserId], [updateUserId], [isActive]) VALUES (2262, 9, 129, N'', 0, 0, 0, 0, 0, 0, CAST(N'2022-04-14T15:57:04.2641839' AS DateTime2), CAST(N'2022-04-14T15:57:04.2641839' AS DateTime2), NULL, NULL, 1)
GO
INSERT [dbo].[groupObject] ([id], [groupId], [objectId], [notes], [addOb], [updateOb], [deleteOb], [showOb], [reportOb], [levelOb], [createDate], [updateDate], [createUserId], [updateUserId], [isActive]) VALUES (2263, 9, 130, N'', 0, 0, 0, 0, 0, 0, CAST(N'2022-04-14T15:57:04.2721618' AS DateTime2), CAST(N'2022-04-14T15:57:04.2721618' AS DateTime2), NULL, NULL, 1)
GO
INSERT [dbo].[groupObject] ([id], [groupId], [objectId], [notes], [addOb], [updateOb], [deleteOb], [showOb], [reportOb], [levelOb], [createDate], [updateDate], [createUserId], [updateUserId], [isActive]) VALUES (2264, 9, 131, N'', 2, 2, 2, 0, 2, 0, CAST(N'2022-04-14T15:57:04.2751560' AS DateTime2), CAST(N'2022-04-14T15:57:04.2751560' AS DateTime2), NULL, NULL, 1)
GO
INSERT [dbo].[groupObject] ([id], [groupId], [objectId], [notes], [addOb], [updateOb], [deleteOb], [showOb], [reportOb], [levelOb], [createDate], [updateDate], [createUserId], [updateUserId], [isActive]) VALUES (2265, 9, 132, N'', 0, 0, 0, 0, 0, 0, CAST(N'2022-04-14T15:57:04.2781483' AS DateTime2), CAST(N'2022-04-14T15:57:04.2781483' AS DateTime2), NULL, NULL, 1)
GO
INSERT [dbo].[groupObject] ([id], [groupId], [objectId], [notes], [addOb], [updateOb], [deleteOb], [showOb], [reportOb], [levelOb], [createDate], [updateDate], [createUserId], [updateUserId], [isActive]) VALUES (2266, 9, 133, N'', 0, 0, 0, 0, 0, 0, CAST(N'2022-04-14T15:57:04.2821363' AS DateTime2), CAST(N'2022-04-14T15:57:04.2821363' AS DateTime2), NULL, NULL, 1)
GO
INSERT [dbo].[groupObject] ([id], [groupId], [objectId], [notes], [addOb], [updateOb], [deleteOb], [showOb], [reportOb], [levelOb], [createDate], [updateDate], [createUserId], [updateUserId], [isActive]) VALUES (2267, 9, 134, N'', 2, 2, 2, 0, 2, 0, CAST(N'2022-04-14T15:57:04.2871219' AS DateTime2), CAST(N'2022-04-14T15:57:04.2871219' AS DateTime2), NULL, NULL, 1)
GO
INSERT [dbo].[groupObject] ([id], [groupId], [objectId], [notes], [addOb], [updateOb], [deleteOb], [showOb], [reportOb], [levelOb], [createDate], [updateDate], [createUserId], [updateUserId], [isActive]) VALUES (2268, 9, 135, N'', 0, 0, 0, 0, 0, 0, CAST(N'2022-04-14T15:57:04.2911126' AS DateTime2), CAST(N'2022-04-14T15:57:04.2911126' AS DateTime2), NULL, NULL, 1)
GO
INSERT [dbo].[groupObject] ([id], [groupId], [objectId], [notes], [addOb], [updateOb], [deleteOb], [showOb], [reportOb], [levelOb], [createDate], [updateDate], [createUserId], [updateUserId], [isActive]) VALUES (2269, 9, 136, N'', 2, 2, 2, 0, 2, 0, CAST(N'2022-04-14T15:57:04.2941038' AS DateTime2), CAST(N'2022-04-14T15:57:04.2941038' AS DateTime2), NULL, NULL, 1)
GO
INSERT [dbo].[groupObject] ([id], [groupId], [objectId], [notes], [addOb], [updateOb], [deleteOb], [showOb], [reportOb], [levelOb], [createDate], [updateDate], [createUserId], [updateUserId], [isActive]) VALUES (2270, 9, 137, N'', 0, 0, 0, 0, 0, 0, CAST(N'2022-04-14T15:57:04.2990894' AS DateTime2), CAST(N'2022-04-14T15:57:04.2990894' AS DateTime2), NULL, NULL, 1)
GO
INSERT [dbo].[groupObject] ([id], [groupId], [objectId], [notes], [addOb], [updateOb], [deleteOb], [showOb], [reportOb], [levelOb], [createDate], [updateDate], [createUserId], [updateUserId], [isActive]) VALUES (2271, 9, 138, N'', 2, 2, 2, 0, 2, 0, CAST(N'2022-04-14T15:57:04.3030815' AS DateTime2), CAST(N'2022-04-14T15:57:04.3030815' AS DateTime2), NULL, NULL, 1)
GO
INSERT [dbo].[groupObject] ([id], [groupId], [objectId], [notes], [addOb], [updateOb], [deleteOb], [showOb], [reportOb], [levelOb], [createDate], [updateDate], [createUserId], [updateUserId], [isActive]) VALUES (2272, 9, 139, N'', 0, 0, 0, 0, 0, 0, CAST(N'2022-04-14T15:57:04.3070684' AS DateTime2), CAST(N'2022-04-14T15:57:04.3070684' AS DateTime2), NULL, NULL, 1)
GO
INSERT [dbo].[groupObject] ([id], [groupId], [objectId], [notes], [addOb], [updateOb], [deleteOb], [showOb], [reportOb], [levelOb], [createDate], [updateDate], [createUserId], [updateUserId], [isActive]) VALUES (2273, 9, 140, N'', 2, 2, 2, 0, 2, 0, CAST(N'2022-04-14T15:57:04.3100623' AS DateTime2), CAST(N'2022-04-14T15:57:04.3100623' AS DateTime2), NULL, NULL, 1)
GO
INSERT [dbo].[groupObject] ([id], [groupId], [objectId], [notes], [addOb], [updateOb], [deleteOb], [showOb], [reportOb], [levelOb], [createDate], [updateDate], [createUserId], [updateUserId], [isActive]) VALUES (2274, 9, 141, N'', 0, 0, 0, 0, 0, 0, CAST(N'2022-04-14T15:57:04.3130523' AS DateTime2), CAST(N'2022-04-14T15:57:04.3130523' AS DateTime2), NULL, NULL, 1)
GO
INSERT [dbo].[groupObject] ([id], [groupId], [objectId], [notes], [addOb], [updateOb], [deleteOb], [showOb], [reportOb], [levelOb], [createDate], [updateDate], [createUserId], [updateUserId], [isActive]) VALUES (2275, 9, 142, N'', 2, 2, 2, 0, 2, 0, CAST(N'2022-04-14T15:57:04.3170437' AS DateTime2), CAST(N'2022-04-14T15:57:04.3170437' AS DateTime2), NULL, NULL, 1)
GO
INSERT [dbo].[groupObject] ([id], [groupId], [objectId], [notes], [addOb], [updateOb], [deleteOb], [showOb], [reportOb], [levelOb], [createDate], [updateDate], [createUserId], [updateUserId], [isActive]) VALUES (2276, 9, 143, N'', 0, 0, 0, 0, 0, 0, CAST(N'2022-04-14T15:57:04.3230258' AS DateTime2), CAST(N'2022-04-14T15:57:04.3230258' AS DateTime2), NULL, NULL, 1)
GO
INSERT [dbo].[groupObject] ([id], [groupId], [objectId], [notes], [addOb], [updateOb], [deleteOb], [showOb], [reportOb], [levelOb], [createDate], [updateDate], [createUserId], [updateUserId], [isActive]) VALUES (2277, 9, 144, N'', 2, 2, 2, 0, 2, 0, CAST(N'2022-04-14T15:57:04.3260181' AS DateTime2), CAST(N'2022-04-14T15:57:04.3260181' AS DateTime2), NULL, NULL, 1)
GO
INSERT [dbo].[groupObject] ([id], [groupId], [objectId], [notes], [addOb], [updateOb], [deleteOb], [showOb], [reportOb], [levelOb], [createDate], [updateDate], [createUserId], [updateUserId], [isActive]) VALUES (2278, 9, 145, N'', 2, 2, 2, 0, 2, 0, CAST(N'2022-04-14T15:57:04.3300091' AS DateTime2), CAST(N'2022-04-14T15:57:04.3300091' AS DateTime2), NULL, NULL, 1)
GO
INSERT [dbo].[groupObject] ([id], [groupId], [objectId], [notes], [addOb], [updateOb], [deleteOb], [showOb], [reportOb], [levelOb], [createDate], [updateDate], [createUserId], [updateUserId], [isActive]) VALUES (2279, 9, 146, N'', 2, 2, 2, 0, 2, 0, CAST(N'2022-04-14T15:57:04.3339987' AS DateTime2), CAST(N'2022-04-14T15:57:04.3339987' AS DateTime2), NULL, NULL, 1)
GO
INSERT [dbo].[groupObject] ([id], [groupId], [objectId], [notes], [addOb], [updateOb], [deleteOb], [showOb], [reportOb], [levelOb], [createDate], [updateDate], [createUserId], [updateUserId], [isActive]) VALUES (2280, 9, 147, N'', 2, 2, 2, 0, 2, 0, CAST(N'2022-04-14T15:57:04.3369910' AS DateTime2), CAST(N'2022-04-14T15:57:04.3369910' AS DateTime2), NULL, NULL, 1)
GO
INSERT [dbo].[groupObject] ([id], [groupId], [objectId], [notes], [addOb], [updateOb], [deleteOb], [showOb], [reportOb], [levelOb], [createDate], [updateDate], [createUserId], [updateUserId], [isActive]) VALUES (2281, 9, 148, N'', 2, 2, 2, 0, 2, 0, CAST(N'2022-04-14T15:57:04.3399826' AS DateTime2), CAST(N'2022-04-14T15:57:04.3399826' AS DateTime2), NULL, NULL, 1)
GO
INSERT [dbo].[groupObject] ([id], [groupId], [objectId], [notes], [addOb], [updateOb], [deleteOb], [showOb], [reportOb], [levelOb], [createDate], [updateDate], [createUserId], [updateUserId], [isActive]) VALUES (2282, 9, 149, N'', 2, 2, 2, 0, 2, 0, CAST(N'2022-04-14T15:57:04.3429726' AS DateTime2), CAST(N'2022-04-14T15:57:04.3429726' AS DateTime2), NULL, NULL, 1)
GO
INSERT [dbo].[groupObject] ([id], [groupId], [objectId], [notes], [addOb], [updateOb], [deleteOb], [showOb], [reportOb], [levelOb], [createDate], [updateDate], [createUserId], [updateUserId], [isActive]) VALUES (2283, 9, 150, N'', 2, 2, 2, 0, 2, 0, CAST(N'2022-04-14T15:57:04.3469622' AS DateTime2), CAST(N'2022-04-14T15:57:04.3469622' AS DateTime2), NULL, NULL, 1)
GO
INSERT [dbo].[groupObject] ([id], [groupId], [objectId], [notes], [addOb], [updateOb], [deleteOb], [showOb], [reportOb], [levelOb], [createDate], [updateDate], [createUserId], [updateUserId], [isActive]) VALUES (2284, 9, 151, N'', 2, 2, 2, 0, 2, 0, CAST(N'2022-04-14T15:57:04.3509513' AS DateTime2), CAST(N'2022-04-14T15:57:04.3509513' AS DateTime2), NULL, NULL, 1)
GO
INSERT [dbo].[groupObject] ([id], [groupId], [objectId], [notes], [addOb], [updateOb], [deleteOb], [showOb], [reportOb], [levelOb], [createDate], [updateDate], [createUserId], [updateUserId], [isActive]) VALUES (2285, 9, 152, N'', 2, 2, 2, 0, 2, 0, CAST(N'2022-04-14T15:57:04.3539436' AS DateTime2), CAST(N'2022-04-14T15:57:04.3539436' AS DateTime2), NULL, NULL, 1)
GO
INSERT [dbo].[groupObject] ([id], [groupId], [objectId], [notes], [addOb], [updateOb], [deleteOb], [showOb], [reportOb], [levelOb], [createDate], [updateDate], [createUserId], [updateUserId], [isActive]) VALUES (2286, 9, 153, N'', 2, 2, 2, 0, 2, 0, CAST(N'2022-04-14T15:57:04.3579328' AS DateTime2), CAST(N'2022-04-14T15:57:04.3579328' AS DateTime2), NULL, NULL, 1)
GO
INSERT [dbo].[groupObject] ([id], [groupId], [objectId], [notes], [addOb], [updateOb], [deleteOb], [showOb], [reportOb], [levelOb], [createDate], [updateDate], [createUserId], [updateUserId], [isActive]) VALUES (2287, 9, 154, N'', 2, 2, 2, 0, 2, 0, CAST(N'2022-04-14T15:57:04.3609247' AS DateTime2), CAST(N'2022-04-14T15:57:04.3609247' AS DateTime2), NULL, NULL, 1)
GO
INSERT [dbo].[groupObject] ([id], [groupId], [objectId], [notes], [addOb], [updateOb], [deleteOb], [showOb], [reportOb], [levelOb], [createDate], [updateDate], [createUserId], [updateUserId], [isActive]) VALUES (2288, 9, 155, N'', 2, 2, 2, 0, 2, 0, CAST(N'2022-04-14T15:57:04.3649146' AS DateTime2), CAST(N'2022-04-14T15:57:04.3649146' AS DateTime2), NULL, NULL, 1)
GO
INSERT [dbo].[groupObject] ([id], [groupId], [objectId], [notes], [addOb], [updateOb], [deleteOb], [showOb], [reportOb], [levelOb], [createDate], [updateDate], [createUserId], [updateUserId], [isActive]) VALUES (2289, 9, 156, N'', 0, 0, 0, 0, 0, 0, CAST(N'2022-04-14T15:57:04.3689049' AS DateTime2), CAST(N'2022-04-14T15:57:04.3689049' AS DateTime2), NULL, NULL, 1)
GO
INSERT [dbo].[groupObject] ([id], [groupId], [objectId], [notes], [addOb], [updateOb], [deleteOb], [showOb], [reportOb], [levelOb], [createDate], [updateDate], [createUserId], [updateUserId], [isActive]) VALUES (2290, 9, 157, N'', 2, 2, 2, 0, 2, 0, CAST(N'2022-04-14T15:57:04.3718957' AS DateTime2), CAST(N'2022-04-14T15:57:04.3718957' AS DateTime2), NULL, NULL, 1)
GO
INSERT [dbo].[groupObject] ([id], [groupId], [objectId], [notes], [addOb], [updateOb], [deleteOb], [showOb], [reportOb], [levelOb], [createDate], [updateDate], [createUserId], [updateUserId], [isActive]) VALUES (2291, 9, 158, N'', 0, 0, 0, 0, 0, 0, CAST(N'2022-04-14T15:57:04.3758864' AS DateTime2), CAST(N'2022-04-14T15:57:04.3758864' AS DateTime2), NULL, NULL, 1)
GO
INSERT [dbo].[groupObject] ([id], [groupId], [objectId], [notes], [addOb], [updateOb], [deleteOb], [showOb], [reportOb], [levelOb], [createDate], [updateDate], [createUserId], [updateUserId], [isActive]) VALUES (2292, 9, 159, N'', 2, 2, 2, 0, 2, 0, CAST(N'2022-04-14T15:57:04.3788772' AS DateTime2), CAST(N'2022-04-14T15:57:04.3788772' AS DateTime2), NULL, NULL, 1)
GO
INSERT [dbo].[groupObject] ([id], [groupId], [objectId], [notes], [addOb], [updateOb], [deleteOb], [showOb], [reportOb], [levelOb], [createDate], [updateDate], [createUserId], [updateUserId], [isActive]) VALUES (2293, 9, 160, N'', 0, 0, 0, 0, 0, 0, CAST(N'2022-04-14T15:57:04.3878553' AS DateTime2), CAST(N'2022-04-14T15:57:04.3878553' AS DateTime2), NULL, NULL, 1)
GO
INSERT [dbo].[groupObject] ([id], [groupId], [objectId], [notes], [addOb], [updateOb], [deleteOb], [showOb], [reportOb], [levelOb], [createDate], [updateDate], [createUserId], [updateUserId], [isActive]) VALUES (2294, 9, 161, N'', 2, 2, 2, 0, 2, 0, CAST(N'2022-04-14T15:57:04.3918445' AS DateTime2), CAST(N'2022-04-14T15:57:04.3918445' AS DateTime2), NULL, NULL, 1)
GO
INSERT [dbo].[groupObject] ([id], [groupId], [objectId], [notes], [addOb], [updateOb], [deleteOb], [showOb], [reportOb], [levelOb], [createDate], [updateDate], [createUserId], [updateUserId], [isActive]) VALUES (2295, 9, 162, N'', 2, 2, 2, 0, 2, 0, CAST(N'2022-04-14T15:57:04.3948364' AS DateTime2), CAST(N'2022-04-14T15:57:04.3948364' AS DateTime2), NULL, NULL, 1)
GO
INSERT [dbo].[groupObject] ([id], [groupId], [objectId], [notes], [addOb], [updateOb], [deleteOb], [showOb], [reportOb], [levelOb], [createDate], [updateDate], [createUserId], [updateUserId], [isActive]) VALUES (2296, 9, 163, N'', 2, 2, 2, 0, 2, 0, CAST(N'2022-04-14T15:57:04.3988237' AS DateTime2), CAST(N'2022-04-14T15:57:04.3988237' AS DateTime2), NULL, NULL, 1)
GO
INSERT [dbo].[groupObject] ([id], [groupId], [objectId], [notes], [addOb], [updateOb], [deleteOb], [showOb], [reportOb], [levelOb], [createDate], [updateDate], [createUserId], [updateUserId], [isActive]) VALUES (2297, 9, 164, N'', 2, 2, 2, 0, 2, 0, CAST(N'2022-04-14T15:57:04.4038100' AS DateTime2), CAST(N'2022-04-14T15:57:04.4038100' AS DateTime2), NULL, NULL, 1)
GO
INSERT [dbo].[groupObject] ([id], [groupId], [objectId], [notes], [addOb], [updateOb], [deleteOb], [showOb], [reportOb], [levelOb], [createDate], [updateDate], [createUserId], [updateUserId], [isActive]) VALUES (2298, 9, 165, N'', 2, 2, 2, 0, 2, 0, CAST(N'2022-04-14T15:57:04.4068054' AS DateTime2), CAST(N'2022-04-14T15:57:04.4068054' AS DateTime2), NULL, NULL, 1)
GO
INSERT [dbo].[groupObject] ([id], [groupId], [objectId], [notes], [addOb], [updateOb], [deleteOb], [showOb], [reportOb], [levelOb], [createDate], [updateDate], [createUserId], [updateUserId], [isActive]) VALUES (2299, 9, 166, N'', 2, 2, 2, 0, 2, 0, CAST(N'2022-04-14T15:57:04.4107930' AS DateTime2), CAST(N'2022-04-14T15:57:04.4107930' AS DateTime2), NULL, NULL, 1)
GO
INSERT [dbo].[groupObject] ([id], [groupId], [objectId], [notes], [addOb], [updateOb], [deleteOb], [showOb], [reportOb], [levelOb], [createDate], [updateDate], [createUserId], [updateUserId], [isActive]) VALUES (2300, 9, 167, N'', 2, 2, 2, 0, 2, 0, CAST(N'2022-04-14T15:57:04.4137835' AS DateTime2), CAST(N'2022-04-14T15:57:04.4137835' AS DateTime2), NULL, NULL, 1)
GO
INSERT [dbo].[groupObject] ([id], [groupId], [objectId], [notes], [addOb], [updateOb], [deleteOb], [showOb], [reportOb], [levelOb], [createDate], [updateDate], [createUserId], [updateUserId], [isActive]) VALUES (2301, 9, 168, N'', 2, 2, 2, 0, 2, 0, CAST(N'2022-04-14T15:57:04.4187698' AS DateTime2), CAST(N'2022-04-14T15:57:04.4187698' AS DateTime2), NULL, NULL, 1)
GO
INSERT [dbo].[groupObject] ([id], [groupId], [objectId], [notes], [addOb], [updateOb], [deleteOb], [showOb], [reportOb], [levelOb], [createDate], [updateDate], [createUserId], [updateUserId], [isActive]) VALUES (2302, 9, 169, N'', 2, 2, 2, 0, 2, 0, CAST(N'2022-04-14T15:57:04.4217618' AS DateTime2), CAST(N'2022-04-14T15:57:04.4217618' AS DateTime2), NULL, NULL, 1)
GO
INSERT [dbo].[groupObject] ([id], [groupId], [objectId], [notes], [addOb], [updateOb], [deleteOb], [showOb], [reportOb], [levelOb], [createDate], [updateDate], [createUserId], [updateUserId], [isActive]) VALUES (2303, 9, 170, N'', 2, 2, 2, 0, 2, 0, CAST(N'2022-04-14T15:57:04.4257513' AS DateTime2), CAST(N'2022-04-14T15:57:04.4257513' AS DateTime2), NULL, NULL, 1)
GO
INSERT [dbo].[groupObject] ([id], [groupId], [objectId], [notes], [addOb], [updateOb], [deleteOb], [showOb], [reportOb], [levelOb], [createDate], [updateDate], [createUserId], [updateUserId], [isActive]) VALUES (2304, 9, 171, N'', 2, 2, 2, 0, 2, 0, CAST(N'2022-04-14T15:57:04.4297408' AS DateTime2), CAST(N'2022-04-14T15:57:04.4297408' AS DateTime2), NULL, NULL, 1)
GO
INSERT [dbo].[groupObject] ([id], [groupId], [objectId], [notes], [addOb], [updateOb], [deleteOb], [showOb], [reportOb], [levelOb], [createDate], [updateDate], [createUserId], [updateUserId], [isActive]) VALUES (2305, 9, 172, N'', 2, 2, 2, 0, 2, 0, CAST(N'2022-04-14T15:57:04.4357270' AS DateTime2), CAST(N'2022-04-14T15:57:04.4357270' AS DateTime2), NULL, NULL, 1)
GO
INSERT [dbo].[groupObject] ([id], [groupId], [objectId], [notes], [addOb], [updateOb], [deleteOb], [showOb], [reportOb], [levelOb], [createDate], [updateDate], [createUserId], [updateUserId], [isActive]) VALUES (2306, 9, 173, N'', 2, 2, 2, 0, 2, 0, CAST(N'2022-04-14T15:57:04.4397154' AS DateTime2), CAST(N'2022-04-14T15:57:04.4397154' AS DateTime2), NULL, NULL, 1)
GO
INSERT [dbo].[groupObject] ([id], [groupId], [objectId], [notes], [addOb], [updateOb], [deleteOb], [showOb], [reportOb], [levelOb], [createDate], [updateDate], [createUserId], [updateUserId], [isActive]) VALUES (2307, 9, 174, N'', 2, 2, 2, 0, 2, 0, CAST(N'2022-04-14T15:57:04.4456997' AS DateTime2), CAST(N'2022-04-14T15:57:04.4456997' AS DateTime2), NULL, NULL, 1)
GO
INSERT [dbo].[groupObject] ([id], [groupId], [objectId], [notes], [addOb], [updateOb], [deleteOb], [showOb], [reportOb], [levelOb], [createDate], [updateDate], [createUserId], [updateUserId], [isActive]) VALUES (2308, 9, 175, N'', 2, 2, 2, 0, 2, 0, CAST(N'2022-04-14T15:57:04.4496900' AS DateTime2), CAST(N'2022-04-14T15:57:04.4496900' AS DateTime2), NULL, NULL, 1)
GO
INSERT [dbo].[groupObject] ([id], [groupId], [objectId], [notes], [addOb], [updateOb], [deleteOb], [showOb], [reportOb], [levelOb], [createDate], [updateDate], [createUserId], [updateUserId], [isActive]) VALUES (2309, 9, 176, N'', 2, 2, 2, 0, 2, 0, CAST(N'2022-04-14T15:57:04.4536765' AS DateTime2), CAST(N'2022-04-14T15:57:04.4536765' AS DateTime2), NULL, NULL, 1)
GO
INSERT [dbo].[groupObject] ([id], [groupId], [objectId], [notes], [addOb], [updateOb], [deleteOb], [showOb], [reportOb], [levelOb], [createDate], [updateDate], [createUserId], [updateUserId], [isActive]) VALUES (2310, 9, 177, N'', 2, 2, 2, 0, 2, 0, CAST(N'2022-04-14T15:57:04.4576664' AS DateTime2), CAST(N'2022-04-14T15:57:04.4576664' AS DateTime2), NULL, NULL, 1)
GO
INSERT [dbo].[groupObject] ([id], [groupId], [objectId], [notes], [addOb], [updateOb], [deleteOb], [showOb], [reportOb], [levelOb], [createDate], [updateDate], [createUserId], [updateUserId], [isActive]) VALUES (2311, 9, 178, N'', 2, 2, 2, 0, 2, 0, CAST(N'2022-04-14T15:57:04.4606583' AS DateTime2), CAST(N'2022-04-14T15:57:04.4606583' AS DateTime2), NULL, NULL, 1)
GO
INSERT [dbo].[groupObject] ([id], [groupId], [objectId], [notes], [addOb], [updateOb], [deleteOb], [showOb], [reportOb], [levelOb], [createDate], [updateDate], [createUserId], [updateUserId], [isActive]) VALUES (2312, 9, 179, N'', 2, 2, 2, 0, 2, 0, CAST(N'2022-04-14T15:57:04.4656465' AS DateTime2), CAST(N'2022-04-14T15:57:04.4656465' AS DateTime2), NULL, NULL, 1)
GO
INSERT [dbo].[groupObject] ([id], [groupId], [objectId], [notes], [addOb], [updateOb], [deleteOb], [showOb], [reportOb], [levelOb], [createDate], [updateDate], [createUserId], [updateUserId], [isActive]) VALUES (2313, 9, 180, N'', 2, 2, 2, 0, 2, 0, CAST(N'2022-04-14T15:57:04.4696349' AS DateTime2), CAST(N'2022-04-14T15:57:04.4696349' AS DateTime2), NULL, NULL, 1)
GO
INSERT [dbo].[groupObject] ([id], [groupId], [objectId], [notes], [addOb], [updateOb], [deleteOb], [showOb], [reportOb], [levelOb], [createDate], [updateDate], [createUserId], [updateUserId], [isActive]) VALUES (2314, 9, 181, N'', 2, 2, 2, 0, 2, 0, CAST(N'2022-04-14T15:57:04.4736233' AS DateTime2), CAST(N'2022-04-14T15:57:04.4736233' AS DateTime2), NULL, NULL, 1)
GO
INSERT [dbo].[groupObject] ([id], [groupId], [objectId], [notes], [addOb], [updateOb], [deleteOb], [showOb], [reportOb], [levelOb], [createDate], [updateDate], [createUserId], [updateUserId], [isActive]) VALUES (2315, 9, 182, N'', 2, 2, 2, 0, 2, 0, CAST(N'2022-04-14T15:57:04.4766157' AS DateTime2), CAST(N'2022-04-14T15:57:04.4766157' AS DateTime2), NULL, NULL, 1)
GO
INSERT [dbo].[groupObject] ([id], [groupId], [objectId], [notes], [addOb], [updateOb], [deleteOb], [showOb], [reportOb], [levelOb], [createDate], [updateDate], [createUserId], [updateUserId], [isActive]) VALUES (2316, 9, 183, N'', 0, 0, 0, 0, 0, 0, CAST(N'2022-04-14T15:57:04.4806067' AS DateTime2), CAST(N'2022-04-14T15:57:04.4806067' AS DateTime2), NULL, NULL, 1)
GO
INSERT [dbo].[groupObject] ([id], [groupId], [objectId], [notes], [addOb], [updateOb], [deleteOb], [showOb], [reportOb], [levelOb], [createDate], [updateDate], [createUserId], [updateUserId], [isActive]) VALUES (2317, 9, 184, N'', 0, 0, 0, 0, 0, 0, CAST(N'2022-04-14T15:57:04.4845958' AS DateTime2), CAST(N'2022-04-14T15:57:04.4845958' AS DateTime2), NULL, NULL, 1)
GO
INSERT [dbo].[groupObject] ([id], [groupId], [objectId], [notes], [addOb], [updateOb], [deleteOb], [showOb], [reportOb], [levelOb], [createDate], [updateDate], [createUserId], [updateUserId], [isActive]) VALUES (2318, 9, 185, N'', 0, 0, 0, 0, 0, 0, CAST(N'2022-04-14T15:57:04.4895810' AS DateTime2), CAST(N'2022-04-14T15:57:04.4895810' AS DateTime2), NULL, NULL, 1)
GO
INSERT [dbo].[groupObject] ([id], [groupId], [objectId], [notes], [addOb], [updateOb], [deleteOb], [showOb], [reportOb], [levelOb], [createDate], [updateDate], [createUserId], [updateUserId], [isActive]) VALUES (2319, 9, 186, N'', 0, 0, 0, 0, 0, 0, CAST(N'2022-04-14T15:57:04.4935725' AS DateTime2), CAST(N'2022-04-14T15:57:04.4935725' AS DateTime2), NULL, NULL, 1)
GO
INSERT [dbo].[groupObject] ([id], [groupId], [objectId], [notes], [addOb], [updateOb], [deleteOb], [showOb], [reportOb], [levelOb], [createDate], [updateDate], [createUserId], [updateUserId], [isActive]) VALUES (2320, 9, 187, N'', 2, 2, 2, 0, 2, 0, CAST(N'2022-04-14T15:57:04.4965640' AS DateTime2), CAST(N'2022-04-14T15:57:04.4965640' AS DateTime2), NULL, NULL, 1)
GO
INSERT [dbo].[groupObject] ([id], [groupId], [objectId], [notes], [addOb], [updateOb], [deleteOb], [showOb], [reportOb], [levelOb], [createDate], [updateDate], [createUserId], [updateUserId], [isActive]) VALUES (2321, 9, 188, N'', 0, 0, 0, 0, 0, 0, CAST(N'2022-04-14T15:57:04.5025472' AS DateTime2), CAST(N'2022-04-14T15:57:04.5025472' AS DateTime2), NULL, NULL, 1)
GO
INSERT [dbo].[groupObject] ([id], [groupId], [objectId], [notes], [addOb], [updateOb], [deleteOb], [showOb], [reportOb], [levelOb], [createDate], [updateDate], [createUserId], [updateUserId], [isActive]) VALUES (2322, 9, 189, N'', 0, 0, 0, 0, 0, 0, CAST(N'2022-04-14T15:57:04.5065371' AS DateTime2), CAST(N'2022-04-14T15:57:04.5065371' AS DateTime2), NULL, NULL, 1)
GO
INSERT [dbo].[groupObject] ([id], [groupId], [objectId], [notes], [addOb], [updateOb], [deleteOb], [showOb], [reportOb], [levelOb], [createDate], [updateDate], [createUserId], [updateUserId], [isActive]) VALUES (2323, 9, 190, N'', 0, 0, 0, 0, 0, 0, CAST(N'2022-04-14T15:57:04.5105251' AS DateTime2), CAST(N'2022-04-14T15:57:04.5105251' AS DateTime2), NULL, NULL, 1)
GO
INSERT [dbo].[groupObject] ([id], [groupId], [objectId], [notes], [addOb], [updateOb], [deleteOb], [showOb], [reportOb], [levelOb], [createDate], [updateDate], [createUserId], [updateUserId], [isActive]) VALUES (2324, 9, 191, N'', 2, 2, 2, 0, 2, 0, CAST(N'2022-04-14T15:57:04.5145139' AS DateTime2), CAST(N'2022-04-14T15:57:04.5145139' AS DateTime2), NULL, NULL, 1)
GO
INSERT [dbo].[groupObject] ([id], [groupId], [objectId], [notes], [addOb], [updateOb], [deleteOb], [showOb], [reportOb], [levelOb], [createDate], [updateDate], [createUserId], [updateUserId], [isActive]) VALUES (2325, 9, 192, N'', 0, 0, 0, 0, 0, 0, CAST(N'2022-04-14T15:57:04.5185042' AS DateTime2), CAST(N'2022-04-14T15:57:04.5185042' AS DateTime2), NULL, NULL, 1)
GO
INSERT [dbo].[groupObject] ([id], [groupId], [objectId], [notes], [addOb], [updateOb], [deleteOb], [showOb], [reportOb], [levelOb], [createDate], [updateDate], [createUserId], [updateUserId], [isActive]) VALUES (2326, 9, 193, N'', 2, 2, 2, 0, 2, 0, CAST(N'2022-04-14T15:57:04.5224933' AS DateTime2), CAST(N'2022-04-14T15:57:04.5224933' AS DateTime2), NULL, NULL, 1)
GO
INSERT [dbo].[groupObject] ([id], [groupId], [objectId], [notes], [addOb], [updateOb], [deleteOb], [showOb], [reportOb], [levelOb], [createDate], [updateDate], [createUserId], [updateUserId], [isActive]) VALUES (2327, 9, 194, N'', 0, 0, 0, 0, 0, 0, CAST(N'2022-04-14T15:57:04.5264828' AS DateTime2), CAST(N'2022-04-14T15:57:04.5264828' AS DateTime2), NULL, NULL, 1)
GO
INSERT [dbo].[groupObject] ([id], [groupId], [objectId], [notes], [addOb], [updateOb], [deleteOb], [showOb], [reportOb], [levelOb], [createDate], [updateDate], [createUserId], [updateUserId], [isActive]) VALUES (2328, 9, 195, N'', 2, 2, 2, 0, 2, 0, CAST(N'2022-04-14T15:57:04.5304716' AS DateTime2), CAST(N'2022-04-14T15:57:04.5304716' AS DateTime2), NULL, NULL, 1)
GO
INSERT [dbo].[groupObject] ([id], [groupId], [objectId], [notes], [addOb], [updateOb], [deleteOb], [showOb], [reportOb], [levelOb], [createDate], [updateDate], [createUserId], [updateUserId], [isActive]) VALUES (2329, 9, 196, N'', 0, 0, 0, 0, 0, 0, CAST(N'2022-04-14T15:57:04.5384503' AS DateTime2), CAST(N'2022-04-14T15:57:04.5384503' AS DateTime2), NULL, NULL, 1)
GO
INSERT [dbo].[groupObject] ([id], [groupId], [objectId], [notes], [addOb], [updateOb], [deleteOb], [showOb], [reportOb], [levelOb], [createDate], [updateDate], [createUserId], [updateUserId], [isActive]) VALUES (2330, 9, 197, N'', 0, 0, 0, 0, 0, 0, CAST(N'2022-04-14T15:57:04.5424394' AS DateTime2), CAST(N'2022-04-14T15:57:04.5424394' AS DateTime2), NULL, NULL, 1)
GO
INSERT [dbo].[groupObject] ([id], [groupId], [objectId], [notes], [addOb], [updateOb], [deleteOb], [showOb], [reportOb], [levelOb], [createDate], [updateDate], [createUserId], [updateUserId], [isActive]) VALUES (2331, 9, 198, N'', 0, 0, 0, 0, 0, 0, CAST(N'2022-04-14T15:57:04.5464293' AS DateTime2), CAST(N'2022-04-14T15:57:04.5464293' AS DateTime2), NULL, NULL, 1)
GO
INSERT [dbo].[groupObject] ([id], [groupId], [objectId], [notes], [addOb], [updateOb], [deleteOb], [showOb], [reportOb], [levelOb], [createDate], [updateDate], [createUserId], [updateUserId], [isActive]) VALUES (2332, 9, 199, N'', 0, 0, 0, 0, 0, 0, CAST(N'2022-04-14T15:57:04.5514157' AS DateTime2), CAST(N'2022-04-14T15:57:04.5514157' AS DateTime2), NULL, NULL, 1)
GO
INSERT [dbo].[groupObject] ([id], [groupId], [objectId], [notes], [addOb], [updateOb], [deleteOb], [showOb], [reportOb], [levelOb], [createDate], [updateDate], [createUserId], [updateUserId], [isActive]) VALUES (2333, 9, 200, N'', 0, 0, 0, 0, 0, 0, CAST(N'2022-04-14T15:57:04.5554052' AS DateTime2), CAST(N'2022-04-14T15:57:04.5554052' AS DateTime2), NULL, NULL, 1)
GO
INSERT [dbo].[groupObject] ([id], [groupId], [objectId], [notes], [addOb], [updateOb], [deleteOb], [showOb], [reportOb], [levelOb], [createDate], [updateDate], [createUserId], [updateUserId], [isActive]) VALUES (2334, 9, 201, N'', 0, 0, 0, 0, 0, 0, CAST(N'2022-04-14T15:57:04.5593947' AS DateTime2), CAST(N'2022-04-14T15:57:04.5593947' AS DateTime2), NULL, NULL, 1)
GO
INSERT [dbo].[groupObject] ([id], [groupId], [objectId], [notes], [addOb], [updateOb], [deleteOb], [showOb], [reportOb], [levelOb], [createDate], [updateDate], [createUserId], [updateUserId], [isActive]) VALUES (2335, 9, 202, N'', 0, 0, 0, 0, 0, 0, CAST(N'2022-04-14T15:57:04.5633831' AS DateTime2), CAST(N'2022-04-14T15:57:04.5633831' AS DateTime2), NULL, NULL, 1)
GO
INSERT [dbo].[groupObject] ([id], [groupId], [objectId], [notes], [addOb], [updateOb], [deleteOb], [showOb], [reportOb], [levelOb], [createDate], [updateDate], [createUserId], [updateUserId], [isActive]) VALUES (2336, 9, 203, N'', 0, 0, 0, 0, 0, 0, CAST(N'2022-04-14T15:57:04.5693674' AS DateTime2), CAST(N'2022-04-14T15:57:04.5693674' AS DateTime2), NULL, NULL, 1)
GO
INSERT [dbo].[groupObject] ([id], [groupId], [objectId], [notes], [addOb], [updateOb], [deleteOb], [showOb], [reportOb], [levelOb], [createDate], [updateDate], [createUserId], [updateUserId], [isActive]) VALUES (2337, 9, 204, N'', 2, 2, 2, 0, 2, 0, CAST(N'2022-04-14T15:57:04.5743541' AS DateTime2), CAST(N'2022-04-14T15:57:04.5743541' AS DateTime2), NULL, NULL, 1)
GO
INSERT [dbo].[groupObject] ([id], [groupId], [objectId], [notes], [addOb], [updateOb], [deleteOb], [showOb], [reportOb], [levelOb], [createDate], [updateDate], [createUserId], [updateUserId], [isActive]) VALUES (2338, 9, 205, N'', 2, 2, 2, 0, 2, 0, CAST(N'2022-04-14T15:57:04.5783440' AS DateTime2), CAST(N'2022-04-14T15:57:04.5783440' AS DateTime2), NULL, NULL, 1)
GO
INSERT [dbo].[groupObject] ([id], [groupId], [objectId], [notes], [addOb], [updateOb], [deleteOb], [showOb], [reportOb], [levelOb], [createDate], [updateDate], [createUserId], [updateUserId], [isActive]) VALUES (2339, 9, 206, N'', 2, 2, 2, 0, 2, 0, CAST(N'2022-04-14T15:57:04.5833311' AS DateTime2), CAST(N'2022-04-14T15:57:04.5833311' AS DateTime2), NULL, NULL, 1)
GO
INSERT [dbo].[groupObject] ([id], [groupId], [objectId], [notes], [addOb], [updateOb], [deleteOb], [showOb], [reportOb], [levelOb], [createDate], [updateDate], [createUserId], [updateUserId], [isActive]) VALUES (2340, 9, 207, N'', 2, 2, 2, 0, 2, 0, CAST(N'2022-04-14T15:57:04.5873195' AS DateTime2), CAST(N'2022-04-14T15:57:04.5873195' AS DateTime2), NULL, NULL, 1)
GO
INSERT [dbo].[groupObject] ([id], [groupId], [objectId], [notes], [addOb], [updateOb], [deleteOb], [showOb], [reportOb], [levelOb], [createDate], [updateDate], [createUserId], [updateUserId], [isActive]) VALUES (2341, 9, 208, N'', 2, 2, 2, 0, 2, 0, CAST(N'2022-04-14T15:57:04.5962953' AS DateTime2), CAST(N'2022-04-14T15:57:04.5962953' AS DateTime2), NULL, NULL, 1)
GO
INSERT [dbo].[groupObject] ([id], [groupId], [objectId], [notes], [addOb], [updateOb], [deleteOb], [showOb], [reportOb], [levelOb], [createDate], [updateDate], [createUserId], [updateUserId], [isActive]) VALUES (2342, 9, 209, N'', 2, 2, 2, 0, 2, 0, CAST(N'2022-04-14T15:57:04.6012828' AS DateTime2), CAST(N'2022-04-14T15:57:04.6012828' AS DateTime2), NULL, NULL, 1)
GO
INSERT [dbo].[groupObject] ([id], [groupId], [objectId], [notes], [addOb], [updateOb], [deleteOb], [showOb], [reportOb], [levelOb], [createDate], [updateDate], [createUserId], [updateUserId], [isActive]) VALUES (2343, 9, 210, N'', 2, 2, 2, 0, 2, 0, CAST(N'2022-04-14T15:57:04.6042752' AS DateTime2), CAST(N'2022-04-14T15:57:04.6042752' AS DateTime2), NULL, NULL, 1)
GO
INSERT [dbo].[groupObject] ([id], [groupId], [objectId], [notes], [addOb], [updateOb], [deleteOb], [showOb], [reportOb], [levelOb], [createDate], [updateDate], [createUserId], [updateUserId], [isActive]) VALUES (2344, 9, 211, N'', 2, 2, 2, 0, 2, 0, CAST(N'2022-04-14T15:57:04.6082639' AS DateTime2), CAST(N'2022-04-14T15:57:04.6082639' AS DateTime2), NULL, NULL, 1)
GO
INSERT [dbo].[groupObject] ([id], [groupId], [objectId], [notes], [addOb], [updateOb], [deleteOb], [showOb], [reportOb], [levelOb], [createDate], [updateDate], [createUserId], [updateUserId], [isActive]) VALUES (2345, 9, 212, N'', 2, 2, 2, 0, 2, 0, CAST(N'2022-04-14T15:57:04.6122546' AS DateTime2), CAST(N'2022-04-14T15:57:04.6122546' AS DateTime2), NULL, NULL, 1)
GO
INSERT [dbo].[groupObject] ([id], [groupId], [objectId], [notes], [addOb], [updateOb], [deleteOb], [showOb], [reportOb], [levelOb], [createDate], [updateDate], [createUserId], [updateUserId], [isActive]) VALUES (2346, 9, 213, N'', 2, 2, 2, 0, 2, 0, CAST(N'2022-04-14T15:57:04.6182374' AS DateTime2), CAST(N'2022-04-14T15:57:04.6182374' AS DateTime2), NULL, NULL, 1)
GO
INSERT [dbo].[groupObject] ([id], [groupId], [objectId], [notes], [addOb], [updateOb], [deleteOb], [showOb], [reportOb], [levelOb], [createDate], [updateDate], [createUserId], [updateUserId], [isActive]) VALUES (2347, 9, 214, N'', 2, 2, 2, 0, 2, 0, CAST(N'2022-04-14T15:57:04.6222280' AS DateTime2), CAST(N'2022-04-14T15:57:04.6222280' AS DateTime2), NULL, NULL, 1)
GO
INSERT [dbo].[groupObject] ([id], [groupId], [objectId], [notes], [addOb], [updateOb], [deleteOb], [showOb], [reportOb], [levelOb], [createDate], [updateDate], [createUserId], [updateUserId], [isActive]) VALUES (2348, 9, 215, N'', 2, 2, 2, 0, 2, 0, CAST(N'2022-04-14T15:57:04.6262175' AS DateTime2), CAST(N'2022-04-14T15:57:04.6262175' AS DateTime2), NULL, NULL, 1)
GO
INSERT [dbo].[groupObject] ([id], [groupId], [objectId], [notes], [addOb], [updateOb], [deleteOb], [showOb], [reportOb], [levelOb], [createDate], [updateDate], [createUserId], [updateUserId], [isActive]) VALUES (2349, 9, 216, N'', 0, 0, 0, 0, 0, 0, CAST(N'2022-04-14T15:57:04.6361898' AS DateTime2), CAST(N'2022-04-14T15:57:04.6361898' AS DateTime2), NULL, NULL, 1)
GO
INSERT [dbo].[groupObject] ([id], [groupId], [objectId], [notes], [addOb], [updateOb], [deleteOb], [showOb], [reportOb], [levelOb], [createDate], [updateDate], [createUserId], [updateUserId], [isActive]) VALUES (2350, 9, 217, N'', 2, 2, 2, 0, 2, 0, CAST(N'2022-04-14T15:57:04.6461633' AS DateTime2), CAST(N'2022-04-14T15:57:04.6461633' AS DateTime2), NULL, NULL, 1)
GO
INSERT [dbo].[groupObject] ([id], [groupId], [objectId], [notes], [addOb], [updateOb], [deleteOb], [showOb], [reportOb], [levelOb], [createDate], [updateDate], [createUserId], [updateUserId], [isActive]) VALUES (2351, 9, 218, N'', 2, 2, 2, 0, 2, 0, CAST(N'2022-04-14T15:57:04.6521479' AS DateTime2), CAST(N'2022-04-14T15:57:04.6521479' AS DateTime2), NULL, NULL, 1)
GO
INSERT [dbo].[groupObject] ([id], [groupId], [objectId], [notes], [addOb], [updateOb], [deleteOb], [showOb], [reportOb], [levelOb], [createDate], [updateDate], [createUserId], [updateUserId], [isActive]) VALUES (2352, 9, 219, N'', 2, 2, 2, 0, 2, 0, CAST(N'2022-04-14T15:57:04.6591283' AS DateTime2), CAST(N'2022-04-14T15:57:04.6591283' AS DateTime2), NULL, NULL, 1)
GO
INSERT [dbo].[groupObject] ([id], [groupId], [objectId], [notes], [addOb], [updateOb], [deleteOb], [showOb], [reportOb], [levelOb], [createDate], [updateDate], [createUserId], [updateUserId], [isActive]) VALUES (2353, 9, 220, N'', 2, 2, 2, 0, 2, 0, CAST(N'2022-04-14T15:57:04.6720940' AS DateTime2), CAST(N'2022-04-14T15:57:04.6720940' AS DateTime2), NULL, NULL, 1)
GO
INSERT [dbo].[groupObject] ([id], [groupId], [objectId], [notes], [addOb], [updateOb], [deleteOb], [showOb], [reportOb], [levelOb], [createDate], [updateDate], [createUserId], [updateUserId], [isActive]) VALUES (2354, 9, 221, N'', 0, 0, 0, 0, 0, 0, CAST(N'2022-04-14T15:57:04.6770811' AS DateTime2), CAST(N'2022-04-14T15:57:04.6770811' AS DateTime2), NULL, NULL, 1)
GO
INSERT [dbo].[groupObject] ([id], [groupId], [objectId], [notes], [addOb], [updateOb], [deleteOb], [showOb], [reportOb], [levelOb], [createDate], [updateDate], [createUserId], [updateUserId], [isActive]) VALUES (2355, 9, 222, N'', 2, 2, 2, 0, 2, 0, CAST(N'2022-04-14T15:57:04.6820667' AS DateTime2), CAST(N'2022-04-14T15:57:04.6820667' AS DateTime2), NULL, NULL, 1)
GO
INSERT [dbo].[groupObject] ([id], [groupId], [objectId], [notes], [addOb], [updateOb], [deleteOb], [showOb], [reportOb], [levelOb], [createDate], [updateDate], [createUserId], [updateUserId], [isActive]) VALUES (2356, 9, 223, N'', 0, 0, 0, 0, 0, 0, CAST(N'2022-04-14T15:57:04.6890478' AS DateTime2), CAST(N'2022-04-14T15:57:04.6890478' AS DateTime2), NULL, NULL, 1)
GO
INSERT [dbo].[groupObject] ([id], [groupId], [objectId], [notes], [addOb], [updateOb], [deleteOb], [showOb], [reportOb], [levelOb], [createDate], [updateDate], [createUserId], [updateUserId], [isActive]) VALUES (2357, 9, 224, N'', 2, 2, 2, 0, 2, 0, CAST(N'2022-04-14T15:57:04.6970257' AS DateTime2), CAST(N'2022-04-14T15:57:04.6970257' AS DateTime2), NULL, NULL, 1)
GO
INSERT [dbo].[groupObject] ([id], [groupId], [objectId], [notes], [addOb], [updateOb], [deleteOb], [showOb], [reportOb], [levelOb], [createDate], [updateDate], [createUserId], [updateUserId], [isActive]) VALUES (2358, 9, 225, N'', 0, 0, 0, 0, 0, 0, CAST(N'2022-04-14T15:57:04.7050052' AS DateTime2), CAST(N'2022-04-14T15:57:04.7050052' AS DateTime2), NULL, NULL, 1)
GO
INSERT [dbo].[groupObject] ([id], [groupId], [objectId], [notes], [addOb], [updateOb], [deleteOb], [showOb], [reportOb], [levelOb], [createDate], [updateDate], [createUserId], [updateUserId], [isActive]) VALUES (2359, 9, 226, N'', 2, 2, 2, 0, 2, 0, CAST(N'2022-04-14T15:57:04.7099923' AS DateTime2), CAST(N'2022-04-14T15:57:04.7099923' AS DateTime2), NULL, NULL, 1)
GO
INSERT [dbo].[groupObject] ([id], [groupId], [objectId], [notes], [addOb], [updateOb], [deleteOb], [showOb], [reportOb], [levelOb], [createDate], [updateDate], [createUserId], [updateUserId], [isActive]) VALUES (2360, 9, 227, N'', 0, 0, 0, 0, 0, 0, CAST(N'2022-04-14T15:57:04.7159762' AS DateTime2), CAST(N'2022-04-14T15:57:04.7159762' AS DateTime2), NULL, NULL, 1)
GO
INSERT [dbo].[groupObject] ([id], [groupId], [objectId], [notes], [addOb], [updateOb], [deleteOb], [showOb], [reportOb], [levelOb], [createDate], [updateDate], [createUserId], [updateUserId], [isActive]) VALUES (2361, 9, 228, N'', 2, 2, 2, 0, 2, 0, CAST(N'2022-04-14T15:57:04.7219597' AS DateTime2), CAST(N'2022-04-14T15:57:04.7219597' AS DateTime2), NULL, NULL, 1)
GO
INSERT [dbo].[groupObject] ([id], [groupId], [objectId], [notes], [addOb], [updateOb], [deleteOb], [showOb], [reportOb], [levelOb], [createDate], [updateDate], [createUserId], [updateUserId], [isActive]) VALUES (2362, 9, 229, N'', 2, 2, 2, 0, 2, 0, CAST(N'2022-04-14T15:57:04.7259488' AS DateTime2), CAST(N'2022-04-14T15:57:04.7259488' AS DateTime2), NULL, NULL, 1)
GO
INSERT [dbo].[groupObject] ([id], [groupId], [objectId], [notes], [addOb], [updateOb], [deleteOb], [showOb], [reportOb], [levelOb], [createDate], [updateDate], [createUserId], [updateUserId], [isActive]) VALUES (2363, 9, 230, N'', 2, 2, 2, 0, 2, 0, CAST(N'2022-04-14T15:57:04.7319354' AS DateTime2), CAST(N'2022-04-14T15:57:04.7319354' AS DateTime2), NULL, NULL, 1)
GO
INSERT [dbo].[groupObject] ([id], [groupId], [objectId], [notes], [addOb], [updateOb], [deleteOb], [showOb], [reportOb], [levelOb], [createDate], [updateDate], [createUserId], [updateUserId], [isActive]) VALUES (2364, 9, 231, N'', 2, 2, 2, 0, 2, 0, CAST(N'2022-04-14T15:57:04.7359223' AS DateTime2), CAST(N'2022-04-14T15:57:04.7359223' AS DateTime2), NULL, NULL, 1)
GO
INSERT [dbo].[groupObject] ([id], [groupId], [objectId], [notes], [addOb], [updateOb], [deleteOb], [showOb], [reportOb], [levelOb], [createDate], [updateDate], [createUserId], [updateUserId], [isActive]) VALUES (2365, 9, 232, N'', 2, 2, 2, 0, 2, 0, CAST(N'2022-04-14T15:57:04.7409101' AS DateTime2), CAST(N'2022-04-14T15:57:04.7409101' AS DateTime2), NULL, NULL, 1)
GO
INSERT [dbo].[groupObject] ([id], [groupId], [objectId], [notes], [addOb], [updateOb], [deleteOb], [showOb], [reportOb], [levelOb], [createDate], [updateDate], [createUserId], [updateUserId], [isActive]) VALUES (2366, 9, 233, N'', 2, 2, 2, 0, 2, 0, CAST(N'2022-04-14T15:57:04.7459002' AS DateTime2), CAST(N'2022-04-14T15:57:04.7459002' AS DateTime2), NULL, NULL, 1)
GO
INSERT [dbo].[groupObject] ([id], [groupId], [objectId], [notes], [addOb], [updateOb], [deleteOb], [showOb], [reportOb], [levelOb], [createDate], [updateDate], [createUserId], [updateUserId], [isActive]) VALUES (2367, 9, 234, N'', 2, 2, 2, 0, 2, 0, CAST(N'2022-04-14T15:57:04.7508824' AS DateTime2), CAST(N'2022-04-14T15:57:04.7508824' AS DateTime2), NULL, NULL, 1)
GO
INSERT [dbo].[groupObject] ([id], [groupId], [objectId], [notes], [addOb], [updateOb], [deleteOb], [showOb], [reportOb], [levelOb], [createDate], [updateDate], [createUserId], [updateUserId], [isActive]) VALUES (2368, 9, 235, N'', 2, 2, 2, 0, 2, 0, CAST(N'2022-04-14T15:57:04.7548742' AS DateTime2), CAST(N'2022-04-14T15:57:04.7548742' AS DateTime2), NULL, NULL, 1)
GO
INSERT [dbo].[groupObject] ([id], [groupId], [objectId], [notes], [addOb], [updateOb], [deleteOb], [showOb], [reportOb], [levelOb], [createDate], [updateDate], [createUserId], [updateUserId], [isActive]) VALUES (2369, 9, 236, N'', 2, 2, 2, 0, 2, 0, CAST(N'2022-04-14T15:57:04.7608570' AS DateTime2), CAST(N'2022-04-14T15:57:04.7608570' AS DateTime2), NULL, NULL, 1)
GO
INSERT [dbo].[groupObject] ([id], [groupId], [objectId], [notes], [addOb], [updateOb], [deleteOb], [showOb], [reportOb], [levelOb], [createDate], [updateDate], [createUserId], [updateUserId], [isActive]) VALUES (2370, 9, 237, N'', 2, 2, 2, 0, 2, 0, CAST(N'2022-04-14T15:57:04.7648469' AS DateTime2), CAST(N'2022-04-14T15:57:04.7648469' AS DateTime2), NULL, NULL, 1)
GO
INSERT [dbo].[groupObject] ([id], [groupId], [objectId], [notes], [addOb], [updateOb], [deleteOb], [showOb], [reportOb], [levelOb], [createDate], [updateDate], [createUserId], [updateUserId], [isActive]) VALUES (2371, 9, 238, N'', 2, 2, 2, 0, 2, 0, CAST(N'2022-04-14T15:57:04.7688364' AS DateTime2), CAST(N'2022-04-14T15:57:04.7688364' AS DateTime2), NULL, NULL, 1)
GO
INSERT [dbo].[groupObject] ([id], [groupId], [objectId], [notes], [addOb], [updateOb], [deleteOb], [showOb], [reportOb], [levelOb], [createDate], [updateDate], [createUserId], [updateUserId], [isActive]) VALUES (2372, 9, 239, N'', 2, 2, 2, 0, 2, 0, CAST(N'2022-04-14T15:57:04.7728256' AS DateTime2), CAST(N'2022-04-14T15:57:04.7728256' AS DateTime2), NULL, NULL, 1)
GO
INSERT [dbo].[groupObject] ([id], [groupId], [objectId], [notes], [addOb], [updateOb], [deleteOb], [showOb], [reportOb], [levelOb], [createDate], [updateDate], [createUserId], [updateUserId], [isActive]) VALUES (2373, 9, 240, N'', 2, 2, 2, 0, 2, 0, CAST(N'2022-04-14T15:57:04.7778115' AS DateTime2), CAST(N'2022-04-14T15:57:04.7778115' AS DateTime2), NULL, NULL, 1)
GO
INSERT [dbo].[groupObject] ([id], [groupId], [objectId], [notes], [addOb], [updateOb], [deleteOb], [showOb], [reportOb], [levelOb], [createDate], [updateDate], [createUserId], [updateUserId], [isActive]) VALUES (2374, 9, 241, N'', 2, 2, 2, 0, 2, 0, CAST(N'2022-04-14T15:57:04.7837947' AS DateTime2), CAST(N'2022-04-14T15:57:04.7837947' AS DateTime2), NULL, NULL, 1)
GO
INSERT [dbo].[groupObject] ([id], [groupId], [objectId], [notes], [addOb], [updateOb], [deleteOb], [showOb], [reportOb], [levelOb], [createDate], [updateDate], [createUserId], [updateUserId], [isActive]) VALUES (2375, 9, 242, N'', 2, 2, 2, 0, 2, 0, CAST(N'2022-04-14T15:57:04.7877842' AS DateTime2), CAST(N'2022-04-14T15:57:04.7877842' AS DateTime2), NULL, NULL, 1)
GO
INSERT [dbo].[groupObject] ([id], [groupId], [objectId], [notes], [addOb], [updateOb], [deleteOb], [showOb], [reportOb], [levelOb], [createDate], [updateDate], [createUserId], [updateUserId], [isActive]) VALUES (2376, 9, 243, N'', 2, 2, 2, 0, 2, 0, CAST(N'2022-04-14T15:57:04.7977576' AS DateTime2), CAST(N'2022-04-14T15:57:04.7977576' AS DateTime2), NULL, NULL, 1)
GO
INSERT [dbo].[groupObject] ([id], [groupId], [objectId], [notes], [addOb], [updateOb], [deleteOb], [showOb], [reportOb], [levelOb], [createDate], [updateDate], [createUserId], [updateUserId], [isActive]) VALUES (2377, 9, 244, N'', 2, 2, 2, 0, 2, 0, CAST(N'2022-04-14T15:57:04.8067346' AS DateTime2), CAST(N'2022-04-14T15:57:04.8067346' AS DateTime2), NULL, NULL, 1)
GO
INSERT [dbo].[groupObject] ([id], [groupId], [objectId], [notes], [addOb], [updateOb], [deleteOb], [showOb], [reportOb], [levelOb], [createDate], [updateDate], [createUserId], [updateUserId], [isActive]) VALUES (2378, 9, 245, N'', 2, 2, 2, 0, 2, 0, CAST(N'2022-04-14T15:57:04.8147122' AS DateTime2), CAST(N'2022-04-14T15:57:04.8147122' AS DateTime2), NULL, NULL, 1)
GO
INSERT [dbo].[groupObject] ([id], [groupId], [objectId], [notes], [addOb], [updateOb], [deleteOb], [showOb], [reportOb], [levelOb], [createDate], [updateDate], [createUserId], [updateUserId], [isActive]) VALUES (2379, 9, 246, N'', 2, 2, 2, 0, 2, 0, CAST(N'2022-04-14T15:57:04.8216937' AS DateTime2), CAST(N'2022-04-14T15:57:04.8216937' AS DateTime2), NULL, NULL, 1)
GO
INSERT [dbo].[groupObject] ([id], [groupId], [objectId], [notes], [addOb], [updateOb], [deleteOb], [showOb], [reportOb], [levelOb], [createDate], [updateDate], [createUserId], [updateUserId], [isActive]) VALUES (2380, 9, 247, N'', 2, 2, 2, 0, 2, 0, CAST(N'2022-04-14T15:57:04.8276772' AS DateTime2), CAST(N'2022-04-14T15:57:04.8276772' AS DateTime2), NULL, NULL, 1)
GO
INSERT [dbo].[groupObject] ([id], [groupId], [objectId], [notes], [addOb], [updateOb], [deleteOb], [showOb], [reportOb], [levelOb], [createDate], [updateDate], [createUserId], [updateUserId], [isActive]) VALUES (2381, 9, 248, N'', 2, 2, 2, 0, 2, 0, CAST(N'2022-04-14T15:57:04.8346602' AS DateTime2), CAST(N'2022-04-14T15:57:04.8346602' AS DateTime2), NULL, NULL, 1)
GO
INSERT [dbo].[groupObject] ([id], [groupId], [objectId], [notes], [addOb], [updateOb], [deleteOb], [showOb], [reportOb], [levelOb], [createDate], [updateDate], [createUserId], [updateUserId], [isActive]) VALUES (2382, 9, 249, N'', 2, 2, 2, 0, 2, 0, CAST(N'2022-04-14T15:57:04.8416394' AS DateTime2), CAST(N'2022-04-14T15:57:04.8416394' AS DateTime2), NULL, NULL, 1)
GO
INSERT [dbo].[groupObject] ([id], [groupId], [objectId], [notes], [addOb], [updateOb], [deleteOb], [showOb], [reportOb], [levelOb], [createDate], [updateDate], [createUserId], [updateUserId], [isActive]) VALUES (2383, 9, 250, N'', 2, 2, 2, 0, 2, 0, CAST(N'2022-04-14T15:57:04.8456308' AS DateTime2), CAST(N'2022-04-14T15:57:04.8456308' AS DateTime2), NULL, NULL, 1)
GO
INSERT [dbo].[groupObject] ([id], [groupId], [objectId], [notes], [addOb], [updateOb], [deleteOb], [showOb], [reportOb], [levelOb], [createDate], [updateDate], [createUserId], [updateUserId], [isActive]) VALUES (2384, 9, 251, N'', 2, 2, 2, 0, 2, 0, CAST(N'2022-04-14T15:57:04.8556054' AS DateTime2), CAST(N'2022-04-14T15:57:04.8556054' AS DateTime2), NULL, NULL, 1)
GO
INSERT [dbo].[groupObject] ([id], [groupId], [objectId], [notes], [addOb], [updateOb], [deleteOb], [showOb], [reportOb], [levelOb], [createDate], [updateDate], [createUserId], [updateUserId], [isActive]) VALUES (2385, 9, 252, N'', 2, 2, 2, 0, 2, 0, CAST(N'2022-04-14T15:57:04.8665749' AS DateTime2), CAST(N'2022-04-14T15:57:04.8665749' AS DateTime2), NULL, NULL, 1)
GO
INSERT [dbo].[groupObject] ([id], [groupId], [objectId], [notes], [addOb], [updateOb], [deleteOb], [showOb], [reportOb], [levelOb], [createDate], [updateDate], [createUserId], [updateUserId], [isActive]) VALUES (2386, 9, 253, N'', 0, 0, 0, 0, 0, 0, CAST(N'2022-04-14T15:57:04.8715616' AS DateTime2), CAST(N'2022-04-14T15:57:04.8715616' AS DateTime2), NULL, NULL, 1)
GO
INSERT [dbo].[groupObject] ([id], [groupId], [objectId], [notes], [addOb], [updateOb], [deleteOb], [showOb], [reportOb], [levelOb], [createDate], [updateDate], [createUserId], [updateUserId], [isActive]) VALUES (2387, 9, 254, N'', 2, 2, 2, 0, 2, 0, CAST(N'2022-04-14T15:57:04.8755511' AS DateTime2), CAST(N'2022-04-14T15:57:04.8755511' AS DateTime2), NULL, NULL, 1)
GO
INSERT [dbo].[groupObject] ([id], [groupId], [objectId], [notes], [addOb], [updateOb], [deleteOb], [showOb], [reportOb], [levelOb], [createDate], [updateDate], [createUserId], [updateUserId], [isActive]) VALUES (2388, 9, 255, N'', 2, 2, 2, 0, 2, 0, CAST(N'2022-04-14T15:57:04.8815335' AS DateTime2), CAST(N'2022-04-14T15:57:04.8815335' AS DateTime2), NULL, NULL, 1)
GO
INSERT [dbo].[groupObject] ([id], [groupId], [objectId], [notes], [addOb], [updateOb], [deleteOb], [showOb], [reportOb], [levelOb], [createDate], [updateDate], [createUserId], [updateUserId], [isActive]) VALUES (2389, 9, 256, N'', 2, 2, 2, 0, 2, 0, CAST(N'2022-04-14T15:57:04.8895126' AS DateTime2), CAST(N'2022-04-14T15:57:04.8895126' AS DateTime2), NULL, NULL, 1)
GO
INSERT [dbo].[groupObject] ([id], [groupId], [objectId], [notes], [addOb], [updateOb], [deleteOb], [showOb], [reportOb], [levelOb], [createDate], [updateDate], [createUserId], [updateUserId], [isActive]) VALUES (2390, 9, 257, N'', 2, 2, 2, 0, 2, 0, CAST(N'2022-04-14T15:57:04.9004824' AS DateTime2), CAST(N'2022-04-14T15:57:04.9004824' AS DateTime2), NULL, NULL, 1)
GO
INSERT [dbo].[groupObject] ([id], [groupId], [objectId], [notes], [addOb], [updateOb], [deleteOb], [showOb], [reportOb], [levelOb], [createDate], [updateDate], [createUserId], [updateUserId], [isActive]) VALUES (2391, 9, 258, N'', 2, 2, 2, 0, 2, 0, CAST(N'2022-04-14T15:57:04.9044735' AS DateTime2), CAST(N'2022-04-14T15:57:04.9044735' AS DateTime2), NULL, NULL, 1)
GO
INSERT [dbo].[groupObject] ([id], [groupId], [objectId], [notes], [addOb], [updateOb], [deleteOb], [showOb], [reportOb], [levelOb], [createDate], [updateDate], [createUserId], [updateUserId], [isActive]) VALUES (2392, 9, 259, N'', 2, 2, 2, 0, 2, 0, CAST(N'2022-04-14T15:57:04.9094590' AS DateTime2), CAST(N'2022-04-14T15:57:04.9094590' AS DateTime2), NULL, NULL, 1)
GO
INSERT [dbo].[groupObject] ([id], [groupId], [objectId], [notes], [addOb], [updateOb], [deleteOb], [showOb], [reportOb], [levelOb], [createDate], [updateDate], [createUserId], [updateUserId], [isActive]) VALUES (2393, 9, 260, N'', 0, 0, 0, 0, 0, 0, CAST(N'2022-04-14T15:57:04.9154426' AS DateTime2), CAST(N'2022-04-14T15:57:04.9154426' AS DateTime2), NULL, NULL, 1)
GO
INSERT [dbo].[groupObject] ([id], [groupId], [objectId], [notes], [addOb], [updateOb], [deleteOb], [showOb], [reportOb], [levelOb], [createDate], [updateDate], [createUserId], [updateUserId], [isActive]) VALUES (2394, 9, 261, N'', 0, 0, 0, 0, 0, 0, CAST(N'2022-04-14T15:57:04.9264143' AS DateTime2), CAST(N'2022-04-14T15:57:04.9264143' AS DateTime2), NULL, NULL, 1)
GO
INSERT [dbo].[groupObject] ([id], [groupId], [objectId], [notes], [addOb], [updateOb], [deleteOb], [showOb], [reportOb], [levelOb], [createDate], [updateDate], [createUserId], [updateUserId], [isActive]) VALUES (2395, 9, 262, N'', 0, 0, 0, 0, 0, 0, CAST(N'2022-04-14T15:57:04.9323982' AS DateTime2), CAST(N'2022-04-14T15:57:04.9323982' AS DateTime2), NULL, NULL, 1)
GO
INSERT [dbo].[groupObject] ([id], [groupId], [objectId], [notes], [addOb], [updateOb], [deleteOb], [showOb], [reportOb], [levelOb], [createDate], [updateDate], [createUserId], [updateUserId], [isActive]) VALUES (2396, 9, 263, N'', 0, 0, 0, 0, 0, 0, CAST(N'2022-04-14T15:57:04.9413733' AS DateTime2), CAST(N'2022-04-14T15:57:04.9413733' AS DateTime2), NULL, NULL, 1)
GO
INSERT [dbo].[groupObject] ([id], [groupId], [objectId], [notes], [addOb], [updateOb], [deleteOb], [showOb], [reportOb], [levelOb], [createDate], [updateDate], [createUserId], [updateUserId], [isActive]) VALUES (2397, 9, 264, N'', 2, 2, 2, 0, 2, 0, CAST(N'2022-04-14T15:57:04.9493520' AS DateTime2), CAST(N'2022-04-14T15:57:04.9493520' AS DateTime2), NULL, NULL, 1)
GO
INSERT [dbo].[groupObject] ([id], [groupId], [objectId], [notes], [addOb], [updateOb], [deleteOb], [showOb], [reportOb], [levelOb], [createDate], [updateDate], [createUserId], [updateUserId], [isActive]) VALUES (2398, 9, 265, N'', 2, 2, 2, 0, 2, 0, CAST(N'2022-04-14T15:57:04.9543384' AS DateTime2), CAST(N'2022-04-14T15:57:04.9543384' AS DateTime2), NULL, NULL, 1)
GO
INSERT [dbo].[groupObject] ([id], [groupId], [objectId], [notes], [addOb], [updateOb], [deleteOb], [showOb], [reportOb], [levelOb], [createDate], [updateDate], [createUserId], [updateUserId], [isActive]) VALUES (2399, 9, 266, N'', 2, 2, 2, 0, 2, 0, CAST(N'2022-04-14T15:57:04.9593251' AS DateTime2), CAST(N'2022-04-14T15:57:04.9593251' AS DateTime2), NULL, NULL, 1)
GO
INSERT [dbo].[groupObject] ([id], [groupId], [objectId], [notes], [addOb], [updateOb], [deleteOb], [showOb], [reportOb], [levelOb], [createDate], [updateDate], [createUserId], [updateUserId], [isActive]) VALUES (2400, 9, 267, N'', 2, 2, 2, 0, 2, 0, CAST(N'2022-04-14T15:57:04.9643175' AS DateTime2), CAST(N'2022-04-14T15:57:04.9643175' AS DateTime2), NULL, NULL, 1)
GO
INSERT [dbo].[groupObject] ([id], [groupId], [objectId], [notes], [addOb], [updateOb], [deleteOb], [showOb], [reportOb], [levelOb], [createDate], [updateDate], [createUserId], [updateUserId], [isActive]) VALUES (2401, 9, 268, N'', 0, 0, 0, 0, 0, 0, CAST(N'2022-04-14T15:57:04.9762796' AS DateTime2), CAST(N'2022-04-14T15:57:04.9762796' AS DateTime2), NULL, NULL, 1)
GO
INSERT [dbo].[groupObject] ([id], [groupId], [objectId], [notes], [addOb], [updateOb], [deleteOb], [showOb], [reportOb], [levelOb], [createDate], [updateDate], [createUserId], [updateUserId], [isActive]) VALUES (2402, 9, 269, N'', 0, 0, 0, 0, 0, 0, CAST(N'2022-04-14T15:57:04.9852577' AS DateTime2), CAST(N'2022-04-14T15:57:04.9852577' AS DateTime2), NULL, NULL, 1)
GO
INSERT [dbo].[groupObject] ([id], [groupId], [objectId], [notes], [addOb], [updateOb], [deleteOb], [showOb], [reportOb], [levelOb], [createDate], [updateDate], [createUserId], [updateUserId], [isActive]) VALUES (2403, 9, 270, N'', 2, 2, 2, 0, 2, 0, CAST(N'2022-04-14T15:57:04.9922381' AS DateTime2), CAST(N'2022-04-14T15:57:04.9922381' AS DateTime2), NULL, NULL, 1)
GO
INSERT [dbo].[groupObject] ([id], [groupId], [objectId], [notes], [addOb], [updateOb], [deleteOb], [showOb], [reportOb], [levelOb], [createDate], [updateDate], [createUserId], [updateUserId], [isActive]) VALUES (2404, 9, 271, N'', 0, 0, 0, 0, 0, 0, CAST(N'2022-04-14T15:57:04.9962284' AS DateTime2), CAST(N'2022-04-14T15:57:04.9962284' AS DateTime2), NULL, NULL, 1)
GO
INSERT [dbo].[groupObject] ([id], [groupId], [objectId], [notes], [addOb], [updateOb], [deleteOb], [showOb], [reportOb], [levelOb], [createDate], [updateDate], [createUserId], [updateUserId], [isActive]) VALUES (2405, 9, 272, N'', 0, 0, 0, 0, 0, 0, CAST(N'2022-04-14T15:57:05.0071982' AS DateTime2), CAST(N'2022-04-14T15:57:05.0071982' AS DateTime2), NULL, NULL, 1)
GO
INSERT [dbo].[groupObject] ([id], [groupId], [objectId], [notes], [addOb], [updateOb], [deleteOb], [showOb], [reportOb], [levelOb], [createDate], [updateDate], [createUserId], [updateUserId], [isActive]) VALUES (2406, 9, 273, N'', 0, 0, 0, 0, 0, 0, CAST(N'2022-04-14T15:57:05.0121842' AS DateTime2), CAST(N'2022-04-14T15:57:05.0121842' AS DateTime2), NULL, NULL, 1)
GO
INSERT [dbo].[groupObject] ([id], [groupId], [objectId], [notes], [addOb], [updateOb], [deleteOb], [showOb], [reportOb], [levelOb], [createDate], [updateDate], [createUserId], [updateUserId], [isActive]) VALUES (2407, 9, 274, N'', 0, 0, 0, 0, 0, 0, CAST(N'2022-04-14T15:57:05.0181707' AS DateTime2), CAST(N'2022-04-14T15:57:05.0181707' AS DateTime2), NULL, NULL, 1)
GO
INSERT [dbo].[groupObject] ([id], [groupId], [objectId], [notes], [addOb], [updateOb], [deleteOb], [showOb], [reportOb], [levelOb], [createDate], [updateDate], [createUserId], [updateUserId], [isActive]) VALUES (2408, 9, 275, N'', 0, 0, 0, 0, 0, 0, CAST(N'2022-04-14T15:57:05.0231575' AS DateTime2), CAST(N'2022-04-14T15:57:05.0231575' AS DateTime2), NULL, NULL, 1)
GO
INSERT [dbo].[groupObject] ([id], [groupId], [objectId], [notes], [addOb], [updateOb], [deleteOb], [showOb], [reportOb], [levelOb], [createDate], [updateDate], [createUserId], [updateUserId], [isActive]) VALUES (2409, 9, 276, N'', 2, 2, 2, 0, 2, 0, CAST(N'2022-04-14T15:57:05.0281423' AS DateTime2), CAST(N'2022-04-14T15:57:05.0281423' AS DateTime2), NULL, NULL, 1)
GO
INSERT [dbo].[groupObject] ([id], [groupId], [objectId], [notes], [addOb], [updateOb], [deleteOb], [showOb], [reportOb], [levelOb], [createDate], [updateDate], [createUserId], [updateUserId], [isActive]) VALUES (2410, 9, 277, N'', 2, 2, 2, 0, 2, 0, CAST(N'2022-04-14T15:57:05.0331298' AS DateTime2), CAST(N'2022-04-14T15:57:05.0331298' AS DateTime2), NULL, NULL, 1)
GO
INSERT [dbo].[groupObject] ([id], [groupId], [objectId], [notes], [addOb], [updateOb], [deleteOb], [showOb], [reportOb], [levelOb], [createDate], [updateDate], [createUserId], [updateUserId], [isActive]) VALUES (2411, 9, 278, N'', 2, 2, 2, 0, 2, 0, CAST(N'2022-04-14T15:57:05.0421049' AS DateTime2), CAST(N'2022-04-14T15:57:05.0421049' AS DateTime2), NULL, NULL, 1)
GO
INSERT [dbo].[groupObject] ([id], [groupId], [objectId], [notes], [addOb], [updateOb], [deleteOb], [showOb], [reportOb], [levelOb], [createDate], [updateDate], [createUserId], [updateUserId], [isActive]) VALUES (2412, 9, 279, N'', 2, 2, 2, 0, 2, 0, CAST(N'2022-04-14T15:57:05.0490867' AS DateTime2), CAST(N'2022-04-14T15:57:05.0490867' AS DateTime2), NULL, NULL, 1)
GO
INSERT [dbo].[groupObject] ([id], [groupId], [objectId], [notes], [addOb], [updateOb], [deleteOb], [showOb], [reportOb], [levelOb], [createDate], [updateDate], [createUserId], [updateUserId], [isActive]) VALUES (2413, 9, 280, N'', 2, 2, 2, 0, 2, 0, CAST(N'2022-04-14T15:57:05.0530763' AS DateTime2), CAST(N'2022-04-14T15:57:05.0530763' AS DateTime2), NULL, NULL, 1)
GO
INSERT [dbo].[groupObject] ([id], [groupId], [objectId], [notes], [addOb], [updateOb], [deleteOb], [showOb], [reportOb], [levelOb], [createDate], [updateDate], [createUserId], [updateUserId], [isActive]) VALUES (2414, 9, 281, N'', 2, 2, 2, 0, 2, 0, CAST(N'2022-04-14T15:57:05.0581374' AS DateTime2), CAST(N'2022-04-14T15:57:05.0581374' AS DateTime2), NULL, NULL, 1)
GO
INSERT [dbo].[groupObject] ([id], [groupId], [objectId], [notes], [addOb], [updateOb], [deleteOb], [showOb], [reportOb], [levelOb], [createDate], [updateDate], [createUserId], [updateUserId], [isActive]) VALUES (2415, 9, 282, N'', 2, 2, 2, 0, 2, 0, CAST(N'2022-04-14T15:57:05.0641137' AS DateTime2), CAST(N'2022-04-14T15:57:05.0641137' AS DateTime2), NULL, NULL, 1)
GO
INSERT [dbo].[groupObject] ([id], [groupId], [objectId], [notes], [addOb], [updateOb], [deleteOb], [showOb], [reportOb], [levelOb], [createDate], [updateDate], [createUserId], [updateUserId], [isActive]) VALUES (2416, 9, 283, N'', 2, 2, 2, 0, 2, 0, CAST(N'2022-04-14T15:57:05.0700969' AS DateTime2), CAST(N'2022-04-14T15:57:05.0700969' AS DateTime2), NULL, NULL, 1)
GO
INSERT [dbo].[groupObject] ([id], [groupId], [objectId], [notes], [addOb], [updateOb], [deleteOb], [showOb], [reportOb], [levelOb], [createDate], [updateDate], [createUserId], [updateUserId], [isActive]) VALUES (2417, 9, 284, N'', 2, 2, 2, 0, 2, 0, CAST(N'2022-04-14T15:57:05.0760812' AS DateTime2), CAST(N'2022-04-14T15:57:05.0760812' AS DateTime2), NULL, NULL, 1)
GO
INSERT [dbo].[groupObject] ([id], [groupId], [objectId], [notes], [addOb], [updateOb], [deleteOb], [showOb], [reportOb], [levelOb], [createDate], [updateDate], [createUserId], [updateUserId], [isActive]) VALUES (2418, 9, 285, N'', 2, 2, 2, 0, 2, 0, CAST(N'2022-04-14T15:57:05.0810682' AS DateTime2), CAST(N'2022-04-14T15:57:05.0810682' AS DateTime2), NULL, NULL, 1)
GO
INSERT [dbo].[groupObject] ([id], [groupId], [objectId], [notes], [addOb], [updateOb], [deleteOb], [showOb], [reportOb], [levelOb], [createDate], [updateDate], [createUserId], [updateUserId], [isActive]) VALUES (2419, 9, 286, N'', 2, 2, 2, 0, 2, 0, CAST(N'2022-04-14T15:57:05.0890484' AS DateTime2), CAST(N'2022-04-14T15:57:05.0890484' AS DateTime2), NULL, NULL, 1)
GO
INSERT [dbo].[groupObject] ([id], [groupId], [objectId], [notes], [addOb], [updateOb], [deleteOb], [showOb], [reportOb], [levelOb], [createDate], [updateDate], [createUserId], [updateUserId], [isActive]) VALUES (2420, 9, 287, N'', 2, 2, 2, 0, 2, 0, CAST(N'2022-04-14T15:57:05.1020138' AS DateTime2), CAST(N'2022-04-14T15:57:05.1020138' AS DateTime2), NULL, NULL, 1)
GO
INSERT [dbo].[groupObject] ([id], [groupId], [objectId], [notes], [addOb], [updateOb], [deleteOb], [showOb], [reportOb], [levelOb], [createDate], [updateDate], [createUserId], [updateUserId], [isActive]) VALUES (2421, 9, 288, N'', 2, 2, 2, 0, 2, 0, CAST(N'2022-04-14T15:57:05.1069998' AS DateTime2), CAST(N'2022-04-14T15:57:05.1069998' AS DateTime2), NULL, NULL, 1)
GO
INSERT [dbo].[groupObject] ([id], [groupId], [objectId], [notes], [addOb], [updateOb], [deleteOb], [showOb], [reportOb], [levelOb], [createDate], [updateDate], [createUserId], [updateUserId], [isActive]) VALUES (2422, 9, 289, N'', 0, 0, 0, 0, 0, 0, CAST(N'2022-04-14T15:57:05.1119865' AS DateTime2), CAST(N'2022-04-14T15:57:05.1119865' AS DateTime2), NULL, NULL, 1)
GO
SET IDENTITY_INSERT [dbo].[groupObject] OFF
GO
SET IDENTITY_INSERT [dbo].[groups] ON 
GO
INSERT [dbo].[groups] ([groupId], [name], [notes], [createDate], [updateDate], [createUserId], [updateUserId], [isActive]) VALUES (5, N'test6', N'', CAST(N'2022-03-27T14:17:32.3800758' AS DateTime2), CAST(N'2022-03-27T14:17:32.3800758' AS DateTime2), 2, 2, 1)
GO
INSERT [dbo].[groups] ([groupId], [name], [notes], [createDate], [updateDate], [createUserId], [updateUserId], [isActive]) VALUES (8, N'test9', N'', CAST(N'2022-04-14T15:56:14.5420520' AS DateTime2), CAST(N'2022-04-14T15:56:14.5420520' AS DateTime2), 18, 18, 1)
GO
INSERT [dbo].[groups] ([groupId], [name], [notes], [createDate], [updateDate], [createUserId], [updateUserId], [isActive]) VALUES (9, N'test10', N'', CAST(N'2022-04-14T15:57:03.8662471' AS DateTime2), CAST(N'2022-04-14T15:57:03.8662471' AS DateTime2), 18, 18, 1)
GO
SET IDENTITY_INSERT [dbo].[groups] OFF
GO
SET IDENTITY_INSERT [dbo].[hallSections] ON 
GO
INSERT [dbo].[hallSections] ([sectionId], [name], [createDate], [updateDate], [createUserId], [updateUserId], [branchId], [isActive], [notes], [details], [isFreeZone], [type]) VALUES (7, N'S1', CAST(N'2022-03-15T13:21:01.9097063' AS DateTime2), CAST(N'2022-03-15T13:21:01.9097063' AS DateTime2), 2, 2, 2, 1, N'', N'', NULL, NULL)
GO
INSERT [dbo].[hallSections] ([sectionId], [name], [createDate], [updateDate], [createUserId], [updateUserId], [branchId], [isActive], [notes], [details], [isFreeZone], [type]) VALUES (8, N'S2', CAST(N'2022-03-15T13:21:07.6333990' AS DateTime2), CAST(N'2022-03-15T13:21:07.6333990' AS DateTime2), 2, 2, 2, 1, N'', N'', NULL, NULL)
GO
SET IDENTITY_INSERT [dbo].[hallSections] OFF
GO
SET IDENTITY_INSERT [dbo].[invoices] ON 
GO
INSERT [dbo].[invoices] ([invoiceId], [invNumber], [agentId], [createUserId], [invType], [discountType], [discountValue], [total], [totalNet], [paid], [deserved], [deservedDate], [invDate], [updateDate], [updateUserId], [invoiceMainId], [invCase], [invTime], [notes], [vendorInvNum], [vendorInvDate], [branchId], [posId], [tax], [taxtype], [name], [isApproved], [shippingCompanyId], [branchCreatorId], [shipUserId], [prevStatus], [userId], [manualDiscountValue], [manualDiscountType], [isActive], [invoiceProfit], [cashReturn], [printedcount], [isOrginal], [waiterId], [shippingCost], [realShippingCost], [reservationId], [orderTime], [shippingCostDiscount], [membershipId]) VALUES (241, N'0001', NULL, 18, N'ssd', N'', CAST(0.000 AS Decimal(20, 3)), CAST(0.000 AS Decimal(20, 3)), CAST(0.000 AS Decimal(20, 3)), CAST(0.000 AS Decimal(20, 3)), CAST(0.000 AS Decimal(20, 3)), NULL, CAST(N'2022-04-14T16:04:44.9452541' AS DateTime2), CAST(N'2022-04-14T16:04:50.2472690' AS DateTime2), 18, NULL, NULL, CAST(N'16:04:44.9452541' AS Time), NULL, NULL, NULL, 2, NULL, CAST(12.500 AS Decimal(20, 3)), 0, NULL, 0, NULL, 2, NULL, NULL, NULL, CAST(0.000 AS Decimal(20, 3)), NULL, 1, CAST(0.000 AS Decimal(20, 3)), CAST(0.000 AS Decimal(20, 3)), 0, 1, NULL, CAST(0.000 AS Decimal(20, 3)), CAST(0.000 AS Decimal(20, 3)), NULL, NULL, CAST(0.000 AS Decimal(20, 3)), NULL)
GO
INSERT [dbo].[invoices] ([invoiceId], [invNumber], [agentId], [createUserId], [invType], [discountType], [discountValue], [total], [totalNet], [paid], [deserved], [deservedDate], [invDate], [updateDate], [updateUserId], [invoiceMainId], [invCase], [invTime], [notes], [vendorInvNum], [vendorInvDate], [branchId], [posId], [tax], [taxtype], [name], [isApproved], [shippingCompanyId], [branchCreatorId], [shipUserId], [prevStatus], [userId], [manualDiscountValue], [manualDiscountType], [isActive], [invoiceProfit], [cashReturn], [printedcount], [isOrginal], [waiterId], [shippingCost], [realShippingCost], [reservationId], [orderTime], [shippingCostDiscount], [membershipId]) VALUES (242, N'0002', NULL, 18, N'ssd', N'', CAST(0.000 AS Decimal(20, 3)), CAST(0.000 AS Decimal(20, 3)), CAST(0.000 AS Decimal(20, 3)), CAST(0.000 AS Decimal(20, 3)), CAST(0.000 AS Decimal(20, 3)), NULL, CAST(N'2022-04-14T16:06:47.2310152' AS DateTime2), CAST(N'2022-04-14T16:07:08.2508299' AS DateTime2), 18, NULL, NULL, CAST(N'16:06:47.2310152' AS Time), NULL, NULL, NULL, 2, NULL, CAST(12.500 AS Decimal(20, 3)), 0, NULL, 0, NULL, 2, NULL, NULL, NULL, CAST(0.000 AS Decimal(20, 3)), NULL, 1, CAST(0.000 AS Decimal(20, 3)), CAST(0.000 AS Decimal(20, 3)), 0, 1, NULL, CAST(0.000 AS Decimal(20, 3)), CAST(0.000 AS Decimal(20, 3)), NULL, NULL, CAST(0.000 AS Decimal(20, 3)), NULL)
GO
INSERT [dbo].[invoices] ([invoiceId], [invNumber], [agentId], [createUserId], [invType], [discountType], [discountValue], [total], [totalNet], [paid], [deserved], [deservedDate], [invDate], [updateDate], [updateUserId], [invoiceMainId], [invCase], [invTime], [notes], [vendorInvNum], [vendorInvDate], [branchId], [posId], [tax], [taxtype], [name], [isApproved], [shippingCompanyId], [branchCreatorId], [shipUserId], [prevStatus], [userId], [manualDiscountValue], [manualDiscountType], [isActive], [invoiceProfit], [cashReturn], [printedcount], [isOrginal], [waiterId], [shippingCost], [realShippingCost], [reservationId], [orderTime], [shippingCostDiscount], [membershipId]) VALUES (243, N'0003', NULL, 18, N'ssd', N'', CAST(0.000 AS Decimal(20, 3)), CAST(0.000 AS Decimal(20, 3)), CAST(0.000 AS Decimal(20, 3)), CAST(0.000 AS Decimal(20, 3)), CAST(0.000 AS Decimal(20, 3)), NULL, CAST(N'2022-04-14T16:07:09.3237473' AS DateTime2), CAST(N'2022-04-14T16:07:09.3237473' AS DateTime2), 18, NULL, NULL, CAST(N'16:07:09.3237473' AS Time), NULL, NULL, NULL, 2, NULL, CAST(12.500 AS Decimal(20, 3)), 0, NULL, 0, NULL, 2, NULL, NULL, NULL, CAST(0.000 AS Decimal(20, 3)), NULL, 1, CAST(0.000 AS Decimal(20, 3)), CAST(0.000 AS Decimal(20, 3)), 0, 1, NULL, CAST(0.000 AS Decimal(20, 3)), CAST(0.000 AS Decimal(20, 3)), NULL, NULL, CAST(0.000 AS Decimal(20, 3)), NULL)
GO
INSERT [dbo].[invoices] ([invoiceId], [invNumber], [agentId], [createUserId], [invType], [discountType], [discountValue], [total], [totalNet], [paid], [deserved], [deservedDate], [invDate], [updateDate], [updateUserId], [invoiceMainId], [invCase], [invTime], [notes], [vendorInvNum], [vendorInvDate], [branchId], [posId], [tax], [taxtype], [name], [isApproved], [shippingCompanyId], [branchCreatorId], [shipUserId], [prevStatus], [userId], [manualDiscountValue], [manualDiscountType], [isActive], [invoiceProfit], [cashReturn], [printedcount], [isOrginal], [waiterId], [shippingCost], [realShippingCost], [reservationId], [orderTime], [shippingCostDiscount], [membershipId]) VALUES (244, N'0004', NULL, 18, N'ssd', N'', CAST(0.000 AS Decimal(20, 3)), CAST(0.000 AS Decimal(20, 3)), CAST(0.000 AS Decimal(20, 3)), CAST(0.000 AS Decimal(20, 3)), CAST(0.000 AS Decimal(20, 3)), NULL, CAST(N'2022-04-14T16:09:40.9505912' AS DateTime2), CAST(N'2022-04-14T16:09:44.8959186' AS DateTime2), 18, NULL, NULL, CAST(N'16:09:40.9505912' AS Time), NULL, NULL, NULL, 2, NULL, CAST(12.500 AS Decimal(20, 3)), 0, NULL, 0, NULL, 2, NULL, NULL, NULL, CAST(0.000 AS Decimal(20, 3)), NULL, 1, CAST(0.000 AS Decimal(20, 3)), CAST(0.000 AS Decimal(20, 3)), 0, 1, NULL, CAST(0.000 AS Decimal(20, 3)), CAST(0.000 AS Decimal(20, 3)), NULL, NULL, CAST(0.000 AS Decimal(20, 3)), NULL)
GO
INSERT [dbo].[invoices] ([invoiceId], [invNumber], [agentId], [createUserId], [invType], [discountType], [discountValue], [total], [totalNet], [paid], [deserved], [deservedDate], [invDate], [updateDate], [updateUserId], [invoiceMainId], [invCase], [invTime], [notes], [vendorInvNum], [vendorInvDate], [branchId], [posId], [tax], [taxtype], [name], [isApproved], [shippingCompanyId], [branchCreatorId], [shipUserId], [prevStatus], [userId], [manualDiscountValue], [manualDiscountType], [isActive], [invoiceProfit], [cashReturn], [printedcount], [isOrginal], [waiterId], [shippingCost], [realShippingCost], [reservationId], [orderTime], [shippingCostDiscount], [membershipId]) VALUES (245, N'0005', NULL, 18, N'ssd', N'', CAST(0.000 AS Decimal(20, 3)), CAST(0.000 AS Decimal(20, 3)), CAST(0.000 AS Decimal(20, 3)), CAST(0.000 AS Decimal(20, 3)), CAST(0.000 AS Decimal(20, 3)), NULL, CAST(N'2022-04-14T16:11:46.7279644' AS DateTime2), CAST(N'2022-04-14T16:11:46.7279644' AS DateTime2), 18, NULL, NULL, CAST(N'16:11:46.7279644' AS Time), NULL, NULL, NULL, 2, NULL, CAST(12.500 AS Decimal(20, 3)), 0, NULL, 0, NULL, 2, NULL, NULL, NULL, CAST(0.000 AS Decimal(20, 3)), NULL, 1, CAST(0.000 AS Decimal(20, 3)), CAST(0.000 AS Decimal(20, 3)), 0, 1, NULL, CAST(0.000 AS Decimal(20, 3)), CAST(0.000 AS Decimal(20, 3)), NULL, NULL, CAST(0.000 AS Decimal(20, 3)), NULL)
GO
INSERT [dbo].[invoices] ([invoiceId], [invNumber], [agentId], [createUserId], [invType], [discountType], [discountValue], [total], [totalNet], [paid], [deserved], [deservedDate], [invDate], [updateDate], [updateUserId], [invoiceMainId], [invCase], [invTime], [notes], [vendorInvNum], [vendorInvDate], [branchId], [posId], [tax], [taxtype], [name], [isApproved], [shippingCompanyId], [branchCreatorId], [shipUserId], [prevStatus], [userId], [manualDiscountValue], [manualDiscountType], [isActive], [invoiceProfit], [cashReturn], [printedcount], [isOrginal], [waiterId], [shippingCost], [realShippingCost], [reservationId], [orderTime], [shippingCostDiscount], [membershipId]) VALUES (246, N'0006', NULL, 18, N'ssd', N'', CAST(0.000 AS Decimal(20, 3)), CAST(0.000 AS Decimal(20, 3)), CAST(0.000 AS Decimal(20, 3)), CAST(0.000 AS Decimal(20, 3)), CAST(0.000 AS Decimal(20, 3)), NULL, CAST(N'2022-04-14T16:13:08.4139995' AS DateTime2), CAST(N'2022-04-14T16:13:08.4139995' AS DateTime2), 18, NULL, NULL, CAST(N'16:13:08.4139995' AS Time), NULL, NULL, NULL, 2, NULL, CAST(12.500 AS Decimal(20, 3)), 0, NULL, 0, NULL, 2, NULL, NULL, NULL, CAST(0.000 AS Decimal(20, 3)), NULL, 1, CAST(0.000 AS Decimal(20, 3)), CAST(0.000 AS Decimal(20, 3)), 0, 1, NULL, CAST(0.000 AS Decimal(20, 3)), CAST(0.000 AS Decimal(20, 3)), NULL, NULL, CAST(0.000 AS Decimal(20, 3)), NULL)
GO
INSERT [dbo].[invoices] ([invoiceId], [invNumber], [agentId], [createUserId], [invType], [discountType], [discountValue], [total], [totalNet], [paid], [deserved], [deservedDate], [invDate], [updateDate], [updateUserId], [invoiceMainId], [invCase], [invTime], [notes], [vendorInvNum], [vendorInvDate], [branchId], [posId], [tax], [taxtype], [name], [isApproved], [shippingCompanyId], [branchCreatorId], [shipUserId], [prevStatus], [userId], [manualDiscountValue], [manualDiscountType], [isActive], [invoiceProfit], [cashReturn], [printedcount], [isOrginal], [waiterId], [shippingCost], [realShippingCost], [reservationId], [orderTime], [shippingCostDiscount], [membershipId]) VALUES (247, N'0007', NULL, 2, N'tsd', N'', CAST(0.000 AS Decimal(20, 3)), CAST(0.000 AS Decimal(20, 3)), CAST(0.000 AS Decimal(20, 3)), CAST(0.000 AS Decimal(20, 3)), CAST(0.000 AS Decimal(20, 3)), NULL, CAST(N'2022-04-14T16:38:27.4076078' AS DateTime2), CAST(N'2022-04-14T16:38:27.4076078' AS DateTime2), 2, NULL, NULL, CAST(N'16:38:27.4076078' AS Time), NULL, NULL, NULL, 2, NULL, CAST(12.500 AS Decimal(20, 3)), 0, NULL, 0, NULL, 2, NULL, NULL, NULL, CAST(0.000 AS Decimal(20, 3)), NULL, 1, CAST(0.000 AS Decimal(20, 3)), CAST(0.000 AS Decimal(20, 3)), 0, 1, NULL, CAST(0.000 AS Decimal(20, 3)), CAST(0.000 AS Decimal(20, 3)), NULL, NULL, CAST(0.000 AS Decimal(20, 3)), NULL)
GO
INSERT [dbo].[invoices] ([invoiceId], [invNumber], [agentId], [createUserId], [invType], [discountType], [discountValue], [total], [totalNet], [paid], [deserved], [deservedDate], [invDate], [updateDate], [updateUserId], [invoiceMainId], [invCase], [invTime], [notes], [vendorInvNum], [vendorInvDate], [branchId], [posId], [tax], [taxtype], [name], [isApproved], [shippingCompanyId], [branchCreatorId], [shipUserId], [prevStatus], [userId], [manualDiscountValue], [manualDiscountType], [isActive], [invoiceProfit], [cashReturn], [printedcount], [isOrginal], [waiterId], [shippingCost], [realShippingCost], [reservationId], [orderTime], [shippingCostDiscount], [membershipId]) VALUES (248, N'0008', NULL, 2, N'tsd', N'', CAST(0.000 AS Decimal(20, 3)), CAST(0.000 AS Decimal(20, 3)), CAST(0.000 AS Decimal(20, 3)), CAST(0.000 AS Decimal(20, 3)), CAST(0.000 AS Decimal(20, 3)), NULL, CAST(N'2022-04-14T16:38:28.9684372' AS DateTime2), CAST(N'2022-04-14T16:38:28.9684372' AS DateTime2), 2, NULL, NULL, CAST(N'16:38:28.9684372' AS Time), NULL, NULL, NULL, 2, NULL, CAST(12.500 AS Decimal(20, 3)), 0, NULL, 0, NULL, 2, NULL, NULL, NULL, CAST(0.000 AS Decimal(20, 3)), NULL, 1, CAST(0.000 AS Decimal(20, 3)), CAST(0.000 AS Decimal(20, 3)), 0, 1, NULL, CAST(0.000 AS Decimal(20, 3)), CAST(0.000 AS Decimal(20, 3)), NULL, NULL, CAST(0.000 AS Decimal(20, 3)), NULL)
GO
INSERT [dbo].[invoices] ([invoiceId], [invNumber], [agentId], [createUserId], [invType], [discountType], [discountValue], [total], [totalNet], [paid], [deserved], [deservedDate], [invDate], [updateDate], [updateUserId], [invoiceMainId], [invCase], [invTime], [notes], [vendorInvNum], [vendorInvDate], [branchId], [posId], [tax], [taxtype], [name], [isApproved], [shippingCompanyId], [branchCreatorId], [shipUserId], [prevStatus], [userId], [manualDiscountValue], [manualDiscountType], [isActive], [invoiceProfit], [cashReturn], [printedcount], [isOrginal], [waiterId], [shippingCost], [realShippingCost], [reservationId], [orderTime], [shippingCostDiscount], [membershipId]) VALUES (249, N'0009', NULL, 2, N'tsd', N'', CAST(0.000 AS Decimal(20, 3)), CAST(0.000 AS Decimal(20, 3)), CAST(0.000 AS Decimal(20, 3)), CAST(0.000 AS Decimal(20, 3)), CAST(0.000 AS Decimal(20, 3)), NULL, CAST(N'2022-04-14T16:38:29.1858569' AS DateTime2), CAST(N'2022-04-14T16:38:29.1858569' AS DateTime2), 2, NULL, NULL, CAST(N'16:38:29.1858569' AS Time), NULL, NULL, NULL, 2, NULL, CAST(12.500 AS Decimal(20, 3)), 0, NULL, 0, NULL, 2, NULL, NULL, NULL, CAST(0.000 AS Decimal(20, 3)), NULL, 1, CAST(0.000 AS Decimal(20, 3)), CAST(0.000 AS Decimal(20, 3)), 0, 1, NULL, CAST(0.000 AS Decimal(20, 3)), CAST(0.000 AS Decimal(20, 3)), NULL, NULL, CAST(0.000 AS Decimal(20, 3)), NULL)
GO
INSERT [dbo].[invoices] ([invoiceId], [invNumber], [agentId], [createUserId], [invType], [discountType], [discountValue], [total], [totalNet], [paid], [deserved], [deservedDate], [invDate], [updateDate], [updateUserId], [invoiceMainId], [invCase], [invTime], [notes], [vendorInvNum], [vendorInvDate], [branchId], [posId], [tax], [taxtype], [name], [isApproved], [shippingCompanyId], [branchCreatorId], [shipUserId], [prevStatus], [userId], [manualDiscountValue], [manualDiscountType], [isActive], [invoiceProfit], [cashReturn], [printedcount], [isOrginal], [waiterId], [shippingCost], [realShippingCost], [reservationId], [orderTime], [shippingCostDiscount], [membershipId]) VALUES (250, N'0010', NULL, 2, N'tsd', N'', CAST(0.000 AS Decimal(20, 3)), CAST(0.000 AS Decimal(20, 3)), CAST(0.000 AS Decimal(20, 3)), CAST(0.000 AS Decimal(20, 3)), CAST(0.000 AS Decimal(20, 3)), NULL, CAST(N'2022-04-14T16:38:29.6426348' AS DateTime2), CAST(N'2022-04-14T16:38:29.6426348' AS DateTime2), 2, NULL, NULL, CAST(N'16:38:29.6426348' AS Time), NULL, NULL, NULL, 2, NULL, CAST(12.500 AS Decimal(20, 3)), 0, NULL, 0, NULL, 2, NULL, NULL, NULL, CAST(0.000 AS Decimal(20, 3)), NULL, 1, CAST(0.000 AS Decimal(20, 3)), CAST(0.000 AS Decimal(20, 3)), 0, 1, NULL, CAST(0.000 AS Decimal(20, 3)), CAST(0.000 AS Decimal(20, 3)), NULL, NULL, CAST(0.000 AS Decimal(20, 3)), NULL)
GO
INSERT [dbo].[invoices] ([invoiceId], [invNumber], [agentId], [createUserId], [invType], [discountType], [discountValue], [total], [totalNet], [paid], [deserved], [deservedDate], [invDate], [updateDate], [updateUserId], [invoiceMainId], [invCase], [invTime], [notes], [vendorInvNum], [vendorInvDate], [branchId], [posId], [tax], [taxtype], [name], [isApproved], [shippingCompanyId], [branchCreatorId], [shipUserId], [prevStatus], [userId], [manualDiscountValue], [manualDiscountType], [isActive], [invoiceProfit], [cashReturn], [printedcount], [isOrginal], [waiterId], [shippingCost], [realShippingCost], [reservationId], [orderTime], [shippingCostDiscount], [membershipId]) VALUES (251, N'0011', NULL, 2, N'tsd', N'', CAST(0.000 AS Decimal(20, 3)), CAST(0.000 AS Decimal(20, 3)), CAST(0.000 AS Decimal(20, 3)), CAST(0.000 AS Decimal(20, 3)), CAST(0.000 AS Decimal(20, 3)), NULL, CAST(N'2022-04-14T16:38:29.8221543' AS DateTime2), CAST(N'2022-04-14T16:38:29.8221543' AS DateTime2), 2, NULL, NULL, CAST(N'16:38:29.8221543' AS Time), NULL, NULL, NULL, 2, NULL, CAST(12.500 AS Decimal(20, 3)), 0, NULL, 0, NULL, 2, NULL, NULL, NULL, CAST(0.000 AS Decimal(20, 3)), NULL, 1, CAST(0.000 AS Decimal(20, 3)), CAST(0.000 AS Decimal(20, 3)), 0, 1, NULL, CAST(0.000 AS Decimal(20, 3)), CAST(0.000 AS Decimal(20, 3)), NULL, NULL, CAST(0.000 AS Decimal(20, 3)), NULL)
GO
INSERT [dbo].[invoices] ([invoiceId], [invNumber], [agentId], [createUserId], [invType], [discountType], [discountValue], [total], [totalNet], [paid], [deserved], [deservedDate], [invDate], [updateDate], [updateUserId], [invoiceMainId], [invCase], [invTime], [notes], [vendorInvNum], [vendorInvDate], [branchId], [posId], [tax], [taxtype], [name], [isApproved], [shippingCompanyId], [branchCreatorId], [shipUserId], [prevStatus], [userId], [manualDiscountValue], [manualDiscountType], [isActive], [invoiceProfit], [cashReturn], [printedcount], [isOrginal], [waiterId], [shippingCost], [realShippingCost], [reservationId], [orderTime], [shippingCostDiscount], [membershipId]) VALUES (252, N'0012', NULL, 2, N'tsd', N'', CAST(0.000 AS Decimal(20, 3)), CAST(0.000 AS Decimal(20, 3)), CAST(0.000 AS Decimal(20, 3)), CAST(0.000 AS Decimal(20, 3)), CAST(0.000 AS Decimal(20, 3)), NULL, CAST(N'2022-04-14T16:38:30.0116477' AS DateTime2), CAST(N'2022-04-14T16:38:30.0116477' AS DateTime2), 2, NULL, NULL, CAST(N'16:38:30.0116477' AS Time), NULL, NULL, NULL, 2, NULL, CAST(12.500 AS Decimal(20, 3)), 0, NULL, 0, NULL, 2, NULL, NULL, NULL, CAST(0.000 AS Decimal(20, 3)), NULL, 1, CAST(0.000 AS Decimal(20, 3)), CAST(0.000 AS Decimal(20, 3)), 0, 1, NULL, CAST(0.000 AS Decimal(20, 3)), CAST(0.000 AS Decimal(20, 3)), NULL, NULL, CAST(0.000 AS Decimal(20, 3)), NULL)
GO
INSERT [dbo].[invoices] ([invoiceId], [invNumber], [agentId], [createUserId], [invType], [discountType], [discountValue], [total], [totalNet], [paid], [deserved], [deservedDate], [invDate], [updateDate], [updateUserId], [invoiceMainId], [invCase], [invTime], [notes], [vendorInvNum], [vendorInvDate], [branchId], [posId], [tax], [taxtype], [name], [isApproved], [shippingCompanyId], [branchCreatorId], [shipUserId], [prevStatus], [userId], [manualDiscountValue], [manualDiscountType], [isActive], [invoiceProfit], [cashReturn], [printedcount], [isOrginal], [waiterId], [shippingCost], [realShippingCost], [reservationId], [orderTime], [shippingCostDiscount], [membershipId]) VALUES (253, N'0013', NULL, 2, N'tsd', N'', CAST(0.000 AS Decimal(20, 3)), CAST(0.000 AS Decimal(20, 3)), CAST(0.000 AS Decimal(20, 3)), CAST(0.000 AS Decimal(20, 3)), CAST(0.000 AS Decimal(20, 3)), NULL, CAST(N'2022-04-14T16:38:30.1881752' AS DateTime2), CAST(N'2022-04-14T16:38:30.1881752' AS DateTime2), 2, NULL, NULL, CAST(N'16:38:30.1881752' AS Time), NULL, NULL, NULL, 2, NULL, CAST(12.500 AS Decimal(20, 3)), 0, NULL, 0, NULL, 2, NULL, NULL, NULL, CAST(0.000 AS Decimal(20, 3)), NULL, 1, CAST(0.000 AS Decimal(20, 3)), CAST(0.000 AS Decimal(20, 3)), 0, 1, NULL, CAST(0.000 AS Decimal(20, 3)), CAST(0.000 AS Decimal(20, 3)), NULL, NULL, CAST(0.000 AS Decimal(20, 3)), NULL)
GO
INSERT [dbo].[invoices] ([invoiceId], [invNumber], [agentId], [createUserId], [invType], [discountType], [discountValue], [total], [totalNet], [paid], [deserved], [deservedDate], [invDate], [updateDate], [updateUserId], [invoiceMainId], [invCase], [invTime], [notes], [vendorInvNum], [vendorInvDate], [branchId], [posId], [tax], [taxtype], [name], [isApproved], [shippingCompanyId], [branchCreatorId], [shipUserId], [prevStatus], [userId], [manualDiscountValue], [manualDiscountType], [isActive], [invoiceProfit], [cashReturn], [printedcount], [isOrginal], [waiterId], [shippingCost], [realShippingCost], [reservationId], [orderTime], [shippingCostDiscount], [membershipId]) VALUES (254, N'0014', NULL, 2, N'tsd', N'', CAST(0.000 AS Decimal(20, 3)), CAST(0.000 AS Decimal(20, 3)), CAST(0.000 AS Decimal(20, 3)), CAST(0.000 AS Decimal(20, 3)), CAST(0.000 AS Decimal(20, 3)), NULL, CAST(N'2022-04-14T16:38:30.5432286' AS DateTime2), CAST(N'2022-04-14T16:38:30.5432286' AS DateTime2), 2, NULL, NULL, CAST(N'16:38:30.5432286' AS Time), NULL, NULL, NULL, 2, NULL, CAST(12.500 AS Decimal(20, 3)), 0, NULL, 0, NULL, 2, NULL, NULL, NULL, CAST(0.000 AS Decimal(20, 3)), NULL, 1, CAST(0.000 AS Decimal(20, 3)), CAST(0.000 AS Decimal(20, 3)), 0, 1, NULL, CAST(0.000 AS Decimal(20, 3)), CAST(0.000 AS Decimal(20, 3)), NULL, NULL, CAST(0.000 AS Decimal(20, 3)), NULL)
GO
INSERT [dbo].[invoices] ([invoiceId], [invNumber], [agentId], [createUserId], [invType], [discountType], [discountValue], [total], [totalNet], [paid], [deserved], [deservedDate], [invDate], [updateDate], [updateUserId], [invoiceMainId], [invCase], [invTime], [notes], [vendorInvNum], [vendorInvDate], [branchId], [posId], [tax], [taxtype], [name], [isApproved], [shippingCompanyId], [branchCreatorId], [shipUserId], [prevStatus], [userId], [manualDiscountValue], [manualDiscountType], [isActive], [invoiceProfit], [cashReturn], [printedcount], [isOrginal], [waiterId], [shippingCost], [realShippingCost], [reservationId], [orderTime], [shippingCostDiscount], [membershipId]) VALUES (255, N'0015', NULL, 2, N'tsd', N'', CAST(0.000 AS Decimal(20, 3)), CAST(0.000 AS Decimal(20, 3)), CAST(0.000 AS Decimal(20, 3)), CAST(0.000 AS Decimal(20, 3)), CAST(0.000 AS Decimal(20, 3)), NULL, CAST(N'2022-04-14T16:38:30.7257385' AS DateTime2), CAST(N'2022-04-14T16:38:30.7257385' AS DateTime2), 2, NULL, NULL, CAST(N'16:38:30.7257385' AS Time), NULL, NULL, NULL, 2, NULL, CAST(12.500 AS Decimal(20, 3)), 0, NULL, 0, NULL, 2, NULL, NULL, NULL, CAST(0.000 AS Decimal(20, 3)), NULL, 1, CAST(0.000 AS Decimal(20, 3)), CAST(0.000 AS Decimal(20, 3)), 0, 1, NULL, CAST(0.000 AS Decimal(20, 3)), CAST(0.000 AS Decimal(20, 3)), NULL, NULL, CAST(0.000 AS Decimal(20, 3)), NULL)
GO
INSERT [dbo].[invoices] ([invoiceId], [invNumber], [agentId], [createUserId], [invType], [discountType], [discountValue], [total], [totalNet], [paid], [deserved], [deservedDate], [invDate], [updateDate], [updateUserId], [invoiceMainId], [invCase], [invTime], [notes], [vendorInvNum], [vendorInvDate], [branchId], [posId], [tax], [taxtype], [name], [isApproved], [shippingCompanyId], [branchCreatorId], [shipUserId], [prevStatus], [userId], [manualDiscountValue], [manualDiscountType], [isActive], [invoiceProfit], [cashReturn], [printedcount], [isOrginal], [waiterId], [shippingCost], [realShippingCost], [reservationId], [orderTime], [shippingCostDiscount], [membershipId]) VALUES (256, N'0016', NULL, 2, N'tsd', N'', CAST(0.000 AS Decimal(20, 3)), CAST(0.000 AS Decimal(20, 3)), CAST(0.000 AS Decimal(20, 3)), CAST(0.000 AS Decimal(20, 3)), CAST(0.000 AS Decimal(20, 3)), NULL, CAST(N'2022-04-14T16:38:31.2283967' AS DateTime2), CAST(N'2022-04-14T16:38:31.2283967' AS DateTime2), 2, NULL, NULL, CAST(N'16:38:31.2283967' AS Time), NULL, NULL, NULL, 2, NULL, CAST(12.500 AS Decimal(20, 3)), 0, NULL, 0, NULL, 2, NULL, NULL, NULL, CAST(0.000 AS Decimal(20, 3)), NULL, 1, CAST(0.000 AS Decimal(20, 3)), CAST(0.000 AS Decimal(20, 3)), 0, 1, NULL, CAST(0.000 AS Decimal(20, 3)), CAST(0.000 AS Decimal(20, 3)), NULL, NULL, CAST(0.000 AS Decimal(20, 3)), NULL)
GO
INSERT [dbo].[invoices] ([invoiceId], [invNumber], [agentId], [createUserId], [invType], [discountType], [discountValue], [total], [totalNet], [paid], [deserved], [deservedDate], [invDate], [updateDate], [updateUserId], [invoiceMainId], [invCase], [invTime], [notes], [vendorInvNum], [vendorInvDate], [branchId], [posId], [tax], [taxtype], [name], [isApproved], [shippingCompanyId], [branchCreatorId], [shipUserId], [prevStatus], [userId], [manualDiscountValue], [manualDiscountType], [isActive], [invoiceProfit], [cashReturn], [printedcount], [isOrginal], [waiterId], [shippingCost], [realShippingCost], [reservationId], [orderTime], [shippingCostDiscount], [membershipId]) VALUES (257, N'0017', NULL, 2, N'tsd', N'', CAST(0.000 AS Decimal(20, 3)), CAST(0.000 AS Decimal(20, 3)), CAST(0.000 AS Decimal(20, 3)), CAST(0.000 AS Decimal(20, 3)), CAST(0.000 AS Decimal(20, 3)), NULL, CAST(N'2022-04-14T16:38:31.3750036' AS DateTime2), CAST(N'2022-04-14T16:38:31.3750036' AS DateTime2), 2, NULL, NULL, CAST(N'16:38:31.3750036' AS Time), NULL, NULL, NULL, 2, NULL, CAST(12.500 AS Decimal(20, 3)), 0, NULL, 0, NULL, 2, NULL, NULL, NULL, CAST(0.000 AS Decimal(20, 3)), NULL, 1, CAST(0.000 AS Decimal(20, 3)), CAST(0.000 AS Decimal(20, 3)), 0, 1, NULL, CAST(0.000 AS Decimal(20, 3)), CAST(0.000 AS Decimal(20, 3)), NULL, NULL, CAST(0.000 AS Decimal(20, 3)), NULL)
GO
INSERT [dbo].[invoices] ([invoiceId], [invNumber], [agentId], [createUserId], [invType], [discountType], [discountValue], [total], [totalNet], [paid], [deserved], [deservedDate], [invDate], [updateDate], [updateUserId], [invoiceMainId], [invCase], [invTime], [notes], [vendorInvNum], [vendorInvDate], [branchId], [posId], [tax], [taxtype], [name], [isApproved], [shippingCompanyId], [branchCreatorId], [shipUserId], [prevStatus], [userId], [manualDiscountValue], [manualDiscountType], [isActive], [invoiceProfit], [cashReturn], [printedcount], [isOrginal], [waiterId], [shippingCost], [realShippingCost], [reservationId], [orderTime], [shippingCostDiscount], [membershipId]) VALUES (258, N'0018', NULL, 18, N'ssd', N'', CAST(0.000 AS Decimal(20, 3)), CAST(0.000 AS Decimal(20, 3)), CAST(0.000 AS Decimal(20, 3)), CAST(0.000 AS Decimal(20, 3)), CAST(0.000 AS Decimal(20, 3)), NULL, CAST(N'2022-04-14T16:41:38.6889765' AS DateTime2), CAST(N'2022-04-14T16:44:13.8920812' AS DateTime2), 18, NULL, NULL, CAST(N'16:41:38.6889765' AS Time), NULL, NULL, NULL, 2, NULL, CAST(12.500 AS Decimal(20, 3)), 0, NULL, 0, NULL, 2, NULL, NULL, NULL, CAST(0.000 AS Decimal(20, 3)), NULL, 1, CAST(0.000 AS Decimal(20, 3)), CAST(0.000 AS Decimal(20, 3)), 0, 1, NULL, CAST(0.000 AS Decimal(20, 3)), CAST(0.000 AS Decimal(20, 3)), NULL, NULL, CAST(0.000 AS Decimal(20, 3)), NULL)
GO
INSERT [dbo].[invoices] ([invoiceId], [invNumber], [agentId], [createUserId], [invType], [discountType], [discountValue], [total], [totalNet], [paid], [deserved], [deservedDate], [invDate], [updateDate], [updateUserId], [invoiceMainId], [invCase], [invTime], [notes], [vendorInvNum], [vendorInvDate], [branchId], [posId], [tax], [taxtype], [name], [isApproved], [shippingCompanyId], [branchCreatorId], [shipUserId], [prevStatus], [userId], [manualDiscountValue], [manualDiscountType], [isActive], [invoiceProfit], [cashReturn], [printedcount], [isOrginal], [waiterId], [shippingCost], [realShippingCost], [reservationId], [orderTime], [shippingCostDiscount], [membershipId]) VALUES (259, N'0019', NULL, 18, N'ssd', N'', CAST(0.000 AS Decimal(20, 3)), CAST(0.000 AS Decimal(20, 3)), CAST(0.000 AS Decimal(20, 3)), CAST(0.000 AS Decimal(20, 3)), CAST(0.000 AS Decimal(20, 3)), NULL, CAST(N'2022-04-14T16:47:30.3917920' AS DateTime2), CAST(N'2022-04-14T16:47:30.3917920' AS DateTime2), 18, NULL, NULL, CAST(N'16:47:30.3917920' AS Time), NULL, NULL, NULL, 2, NULL, CAST(12.500 AS Decimal(20, 3)), 0, NULL, 0, NULL, 2, NULL, NULL, NULL, CAST(0.000 AS Decimal(20, 3)), NULL, 1, CAST(0.000 AS Decimal(20, 3)), CAST(0.000 AS Decimal(20, 3)), 0, 1, NULL, CAST(0.000 AS Decimal(20, 3)), CAST(0.000 AS Decimal(20, 3)), NULL, NULL, CAST(0.000 AS Decimal(20, 3)), NULL)
GO
INSERT [dbo].[invoices] ([invoiceId], [invNumber], [agentId], [createUserId], [invType], [discountType], [discountValue], [total], [totalNet], [paid], [deserved], [deservedDate], [invDate], [updateDate], [updateUserId], [invoiceMainId], [invCase], [invTime], [notes], [vendorInvNum], [vendorInvDate], [branchId], [posId], [tax], [taxtype], [name], [isApproved], [shippingCompanyId], [branchCreatorId], [shipUserId], [prevStatus], [userId], [manualDiscountValue], [manualDiscountType], [isActive], [invoiceProfit], [cashReturn], [printedcount], [isOrginal], [waiterId], [shippingCost], [realShippingCost], [reservationId], [orderTime], [shippingCostDiscount], [membershipId]) VALUES (260, N'0020', NULL, 18, N'ssd', N'', CAST(0.000 AS Decimal(20, 3)), CAST(0.000 AS Decimal(20, 3)), CAST(0.000 AS Decimal(20, 3)), CAST(0.000 AS Decimal(20, 3)), CAST(0.000 AS Decimal(20, 3)), NULL, CAST(N'2022-04-14T16:52:24.7937908' AS DateTime2), CAST(N'2022-04-14T16:52:24.7937908' AS DateTime2), 18, NULL, NULL, CAST(N'16:52:24.7937908' AS Time), NULL, NULL, NULL, 2, NULL, CAST(12.500 AS Decimal(20, 3)), 0, NULL, 0, NULL, 2, NULL, NULL, NULL, CAST(0.000 AS Decimal(20, 3)), NULL, 1, CAST(0.000 AS Decimal(20, 3)), CAST(0.000 AS Decimal(20, 3)), 0, 1, NULL, CAST(0.000 AS Decimal(20, 3)), CAST(0.000 AS Decimal(20, 3)), NULL, NULL, CAST(0.000 AS Decimal(20, 3)), NULL)
GO
INSERT [dbo].[invoices] ([invoiceId], [invNumber], [agentId], [createUserId], [invType], [discountType], [discountValue], [total], [totalNet], [paid], [deserved], [deservedDate], [invDate], [updateDate], [updateUserId], [invoiceMainId], [invCase], [invTime], [notes], [vendorInvNum], [vendorInvDate], [branchId], [posId], [tax], [taxtype], [name], [isApproved], [shippingCompanyId], [branchCreatorId], [shipUserId], [prevStatus], [userId], [manualDiscountValue], [manualDiscountType], [isActive], [invoiceProfit], [cashReturn], [printedcount], [isOrginal], [waiterId], [shippingCost], [realShippingCost], [reservationId], [orderTime], [shippingCostDiscount], [membershipId]) VALUES (261, N'0021', NULL, 18, N'ssd', N'', CAST(0.000 AS Decimal(20, 3)), CAST(0.000 AS Decimal(20, 3)), CAST(0.000 AS Decimal(20, 3)), CAST(0.000 AS Decimal(20, 3)), CAST(0.000 AS Decimal(20, 3)), NULL, CAST(N'2022-04-14T16:55:41.3682993' AS DateTime2), CAST(N'2022-04-14T16:55:41.3682993' AS DateTime2), 18, NULL, NULL, CAST(N'16:55:41.3682993' AS Time), NULL, NULL, NULL, 2, NULL, CAST(12.500 AS Decimal(20, 3)), 0, NULL, 0, NULL, 2, NULL, NULL, NULL, CAST(0.000 AS Decimal(20, 3)), NULL, 1, CAST(0.000 AS Decimal(20, 3)), CAST(0.000 AS Decimal(20, 3)), 0, 1, NULL, CAST(0.000 AS Decimal(20, 3)), CAST(0.000 AS Decimal(20, 3)), NULL, NULL, CAST(0.000 AS Decimal(20, 3)), NULL)
GO
INSERT [dbo].[invoices] ([invoiceId], [invNumber], [agentId], [createUserId], [invType], [discountType], [discountValue], [total], [totalNet], [paid], [deserved], [deservedDate], [invDate], [updateDate], [updateUserId], [invoiceMainId], [invCase], [invTime], [notes], [vendorInvNum], [vendorInvDate], [branchId], [posId], [tax], [taxtype], [name], [isApproved], [shippingCompanyId], [branchCreatorId], [shipUserId], [prevStatus], [userId], [manualDiscountValue], [manualDiscountType], [isActive], [invoiceProfit], [cashReturn], [printedcount], [isOrginal], [waiterId], [shippingCost], [realShippingCost], [reservationId], [orderTime], [shippingCostDiscount], [membershipId]) VALUES (262, N'0022', NULL, 18, N'ssd', N'', CAST(0.000 AS Decimal(20, 3)), CAST(0.000 AS Decimal(20, 3)), CAST(0.000 AS Decimal(20, 3)), CAST(0.000 AS Decimal(20, 3)), CAST(0.000 AS Decimal(20, 3)), NULL, CAST(N'2022-04-14T17:01:26.9185667' AS DateTime2), CAST(N'2022-04-14T17:01:29.9793826' AS DateTime2), 18, NULL, NULL, CAST(N'17:01:26.9185667' AS Time), NULL, NULL, NULL, 2, NULL, CAST(12.500 AS Decimal(20, 3)), 0, NULL, 0, NULL, 2, NULL, NULL, NULL, CAST(0.000 AS Decimal(20, 3)), NULL, 1, CAST(0.000 AS Decimal(20, 3)), CAST(0.000 AS Decimal(20, 3)), 0, 1, NULL, CAST(0.000 AS Decimal(20, 3)), CAST(0.000 AS Decimal(20, 3)), NULL, NULL, CAST(0.000 AS Decimal(20, 3)), NULL)
GO
INSERT [dbo].[invoices] ([invoiceId], [invNumber], [agentId], [createUserId], [invType], [discountType], [discountValue], [total], [totalNet], [paid], [deserved], [deservedDate], [invDate], [updateDate], [updateUserId], [invoiceMainId], [invCase], [invTime], [notes], [vendorInvNum], [vendorInvDate], [branchId], [posId], [tax], [taxtype], [name], [isApproved], [shippingCompanyId], [branchCreatorId], [shipUserId], [prevStatus], [userId], [manualDiscountValue], [manualDiscountType], [isActive], [invoiceProfit], [cashReturn], [printedcount], [isOrginal], [waiterId], [shippingCost], [realShippingCost], [reservationId], [orderTime], [shippingCostDiscount], [membershipId]) VALUES (263, N'0023', NULL, 18, N'ssd', N'', CAST(0.000 AS Decimal(20, 3)), CAST(0.000 AS Decimal(20, 3)), CAST(0.000 AS Decimal(20, 3)), CAST(0.000 AS Decimal(20, 3)), CAST(0.000 AS Decimal(20, 3)), NULL, CAST(N'2022-04-14T17:12:37.7446501' AS DateTime2), CAST(N'2022-04-14T17:12:37.7446501' AS DateTime2), 18, NULL, NULL, CAST(N'17:12:37.7446501' AS Time), NULL, NULL, NULL, 2, NULL, CAST(12.500 AS Decimal(20, 3)), 0, NULL, 0, NULL, 2, NULL, NULL, NULL, CAST(0.000 AS Decimal(20, 3)), NULL, 1, CAST(0.000 AS Decimal(20, 3)), CAST(0.000 AS Decimal(20, 3)), 0, 1, NULL, CAST(0.000 AS Decimal(20, 3)), CAST(0.000 AS Decimal(20, 3)), NULL, NULL, CAST(0.000 AS Decimal(20, 3)), NULL)
GO
INSERT [dbo].[invoices] ([invoiceId], [invNumber], [agentId], [createUserId], [invType], [discountType], [discountValue], [total], [totalNet], [paid], [deserved], [deservedDate], [invDate], [updateDate], [updateUserId], [invoiceMainId], [invCase], [invTime], [notes], [vendorInvNum], [vendorInvDate], [branchId], [posId], [tax], [taxtype], [name], [isApproved], [shippingCompanyId], [branchCreatorId], [shipUserId], [prevStatus], [userId], [manualDiscountValue], [manualDiscountType], [isActive], [invoiceProfit], [cashReturn], [printedcount], [isOrginal], [waiterId], [shippingCost], [realShippingCost], [reservationId], [orderTime], [shippingCostDiscount], [membershipId]) VALUES (264, N'0001', 19, 17, N'ts', N'', CAST(0.000 AS Decimal(20, 3)), CAST(74200.000 AS Decimal(20, 3)), CAST(74950.000 AS Decimal(20, 3)), CAST(0.000 AS Decimal(20, 3)), CAST(74950.000 AS Decimal(20, 3)), NULL, CAST(N'2022-04-16T12:25:26.4253665' AS DateTime2), CAST(N'2022-04-16T12:25:49.1605936' AS DateTime2), 17, NULL, NULL, CAST(N'12:25:26.4253665' AS Time), NULL, NULL, NULL, 2, NULL, CAST(0.000 AS Decimal(20, 3)), 0, NULL, 0, 3, 2, 28, NULL, NULL, CAST(0.000 AS Decimal(20, 3)), NULL, 1, CAST(0.000 AS Decimal(20, 3)), CAST(0.000 AS Decimal(20, 3)), 0, 1, NULL, CAST(1500.000 AS Decimal(20, 3)), CAST(1000.000 AS Decimal(20, 3)), NULL, NULL, CAST(50.000 AS Decimal(20, 3)), NULL)
GO
INSERT [dbo].[invoices] ([invoiceId], [invNumber], [agentId], [createUserId], [invType], [discountType], [discountValue], [total], [totalNet], [paid], [deserved], [deservedDate], [invDate], [updateDate], [updateUserId], [invoiceMainId], [invCase], [invTime], [notes], [vendorInvNum], [vendorInvDate], [branchId], [posId], [tax], [taxtype], [name], [isApproved], [shippingCompanyId], [branchCreatorId], [shipUserId], [prevStatus], [userId], [manualDiscountValue], [manualDiscountType], [isActive], [invoiceProfit], [cashReturn], [printedcount], [isOrginal], [waiterId], [shippingCost], [realShippingCost], [reservationId], [orderTime], [shippingCostDiscount], [membershipId]) VALUES (265, N'0002', 28, 17, N'ts', N'', CAST(0.000 AS Decimal(20, 3)), CAST(43600.000 AS Decimal(20, 3)), CAST(49800.000 AS Decimal(20, 3)), CAST(0.000 AS Decimal(20, 3)), CAST(49800.000 AS Decimal(20, 3)), NULL, CAST(N'2022-04-16T12:31:23.7709874' AS DateTime2), CAST(N'2022-04-16T12:31:49.8383023' AS DateTime2), 17, NULL, NULL, CAST(N'12:31:23.7709874' AS Time), NULL, NULL, NULL, 2, NULL, CAST(12.500 AS Decimal(20, 3)), 0, NULL, 0, 3, 2, 28, NULL, NULL, CAST(0.000 AS Decimal(20, 3)), NULL, 1, CAST(0.000 AS Decimal(20, 3)), CAST(0.000 AS Decimal(20, 3)), 0, 1, NULL, CAST(1500.000 AS Decimal(20, 3)), CAST(1000.000 AS Decimal(20, 3)), NULL, NULL, CAST(50.000 AS Decimal(20, 3)), NULL)
GO
INSERT [dbo].[invoices] ([invoiceId], [invNumber], [agentId], [createUserId], [invType], [discountType], [discountValue], [total], [totalNet], [paid], [deserved], [deservedDate], [invDate], [updateDate], [updateUserId], [invoiceMainId], [invCase], [invTime], [notes], [vendorInvNum], [vendorInvDate], [branchId], [posId], [tax], [taxtype], [name], [isApproved], [shippingCompanyId], [branchCreatorId], [shipUserId], [prevStatus], [userId], [manualDiscountValue], [manualDiscountType], [isActive], [invoiceProfit], [cashReturn], [printedcount], [isOrginal], [waiterId], [shippingCost], [realShippingCost], [reservationId], [orderTime], [shippingCostDiscount], [membershipId]) VALUES (266, N'0003', 19, 17, N'ts', N'', CAST(0.000 AS Decimal(20, 3)), CAST(43000.000 AS Decimal(20, 3)), CAST(49125.000 AS Decimal(20, 3)), CAST(0.000 AS Decimal(20, 3)), CAST(49125.000 AS Decimal(20, 3)), NULL, CAST(N'2022-04-16T12:32:55.4798296' AS DateTime2), CAST(N'2022-04-16T12:33:16.4707140' AS DateTime2), 17, NULL, NULL, CAST(N'12:32:55.4798296' AS Time), NULL, NULL, NULL, 2, NULL, CAST(12.500 AS Decimal(20, 3)), 0, NULL, 0, 3, 2, 27, NULL, NULL, CAST(0.000 AS Decimal(20, 3)), NULL, 1, CAST(0.000 AS Decimal(20, 3)), CAST(0.000 AS Decimal(20, 3)), 0, 1, NULL, CAST(1500.000 AS Decimal(20, 3)), CAST(1000.000 AS Decimal(20, 3)), NULL, NULL, CAST(50.000 AS Decimal(20, 3)), NULL)
GO
INSERT [dbo].[invoices] ([invoiceId], [invNumber], [agentId], [createUserId], [invType], [discountType], [discountValue], [total], [totalNet], [paid], [deserved], [deservedDate], [invDate], [updateDate], [updateUserId], [invoiceMainId], [invCase], [invTime], [notes], [vendorInvNum], [vendorInvDate], [branchId], [posId], [tax], [taxtype], [name], [isApproved], [shippingCompanyId], [branchCreatorId], [shipUserId], [prevStatus], [userId], [manualDiscountValue], [manualDiscountType], [isActive], [invoiceProfit], [cashReturn], [printedcount], [isOrginal], [waiterId], [shippingCost], [realShippingCost], [reservationId], [orderTime], [shippingCostDiscount], [membershipId]) VALUES (267, N'0004', 22, 17, N'ts', N'', CAST(0.000 AS Decimal(20, 3)), CAST(10000.000 AS Decimal(20, 3)), CAST(12750.000 AS Decimal(20, 3)), CAST(0.000 AS Decimal(20, 3)), CAST(12750.000 AS Decimal(20, 3)), NULL, CAST(N'2022-04-16T12:33:59.0280301' AS DateTime2), CAST(N'2022-04-16T12:34:18.9517685' AS DateTime2), 17, NULL, NULL, CAST(N'12:33:59.0280301' AS Time), NULL, NULL, NULL, 2, NULL, CAST(12.500 AS Decimal(20, 3)), 0, NULL, 0, 3, 2, 22, NULL, NULL, CAST(0.000 AS Decimal(20, 3)), NULL, 1, CAST(0.000 AS Decimal(20, 3)), CAST(0.000 AS Decimal(20, 3)), 0, 1, NULL, CAST(1500.000 AS Decimal(20, 3)), CAST(1000.000 AS Decimal(20, 3)), NULL, NULL, CAST(0.000 AS Decimal(20, 3)), NULL)
GO
INSERT [dbo].[invoices] ([invoiceId], [invNumber], [agentId], [createUserId], [invType], [discountType], [discountValue], [total], [totalNet], [paid], [deserved], [deservedDate], [invDate], [updateDate], [updateUserId], [invoiceMainId], [invCase], [invTime], [notes], [vendorInvNum], [vendorInvDate], [branchId], [posId], [tax], [taxtype], [name], [isApproved], [shippingCompanyId], [branchCreatorId], [shipUserId], [prevStatus], [userId], [manualDiscountValue], [manualDiscountType], [isActive], [invoiceProfit], [cashReturn], [printedcount], [isOrginal], [waiterId], [shippingCost], [realShippingCost], [reservationId], [orderTime], [shippingCostDiscount], [membershipId]) VALUES (268, N'0005', NULL, 2, N'tsd', N'', CAST(0.000 AS Decimal(20, 3)), CAST(14000.000 AS Decimal(20, 3)), CAST(15750.000 AS Decimal(20, 3)), CAST(0.000 AS Decimal(20, 3)), CAST(15750.000 AS Decimal(20, 3)), NULL, CAST(N'2022-04-16T12:38:12.9451374' AS DateTime2), CAST(N'2022-04-16T12:38:12.9451374' AS DateTime2), 2, NULL, NULL, CAST(N'12:38:12.9451374' AS Time), NULL, NULL, NULL, 2, NULL, CAST(12.500 AS Decimal(20, 3)), 0, NULL, 0, NULL, 2, NULL, NULL, NULL, CAST(0.000 AS Decimal(20, 3)), NULL, 1, CAST(0.000 AS Decimal(20, 3)), CAST(0.000 AS Decimal(20, 3)), 0, 1, NULL, CAST(0.000 AS Decimal(20, 3)), CAST(0.000 AS Decimal(20, 3)), NULL, NULL, CAST(0.000 AS Decimal(20, 3)), NULL)
GO
INSERT [dbo].[invoices] ([invoiceId], [invNumber], [agentId], [createUserId], [invType], [discountType], [discountValue], [total], [totalNet], [paid], [deserved], [deservedDate], [invDate], [updateDate], [updateUserId], [invoiceMainId], [invCase], [invTime], [notes], [vendorInvNum], [vendorInvDate], [branchId], [posId], [tax], [taxtype], [name], [isApproved], [shippingCompanyId], [branchCreatorId], [shipUserId], [prevStatus], [userId], [manualDiscountValue], [manualDiscountType], [isActive], [invoiceProfit], [cashReturn], [printedcount], [isOrginal], [waiterId], [shippingCost], [realShippingCost], [reservationId], [orderTime], [shippingCostDiscount], [membershipId]) VALUES (269, N'0006', NULL, 2, N'tsd', N'', CAST(0.000 AS Decimal(20, 3)), CAST(9600.000 AS Decimal(20, 3)), CAST(10800.000 AS Decimal(20, 3)), CAST(0.000 AS Decimal(20, 3)), CAST(10800.000 AS Decimal(20, 3)), NULL, CAST(N'2022-04-16T12:38:14.4092237' AS DateTime2), CAST(N'2022-04-16T12:38:26.5667254' AS DateTime2), 2, NULL, NULL, CAST(N'12:38:14.4092237' AS Time), NULL, NULL, NULL, 2, NULL, CAST(12.500 AS Decimal(20, 3)), 0, NULL, 0, NULL, 2, NULL, NULL, NULL, CAST(0.000 AS Decimal(20, 3)), NULL, 1, CAST(0.000 AS Decimal(20, 3)), CAST(0.000 AS Decimal(20, 3)), 0, 1, NULL, CAST(0.000 AS Decimal(20, 3)), CAST(0.000 AS Decimal(20, 3)), NULL, NULL, CAST(0.000 AS Decimal(20, 3)), NULL)
GO
INSERT [dbo].[invoices] ([invoiceId], [invNumber], [agentId], [createUserId], [invType], [discountType], [discountValue], [total], [totalNet], [paid], [deserved], [deservedDate], [invDate], [updateDate], [updateUserId], [invoiceMainId], [invCase], [invTime], [notes], [vendorInvNum], [vendorInvDate], [branchId], [posId], [tax], [taxtype], [name], [isApproved], [shippingCompanyId], [branchCreatorId], [shipUserId], [prevStatus], [userId], [manualDiscountValue], [manualDiscountType], [isActive], [invoiceProfit], [cashReturn], [printedcount], [isOrginal], [waiterId], [shippingCost], [realShippingCost], [reservationId], [orderTime], [shippingCostDiscount], [membershipId]) VALUES (270, N'0007', 18, 2, N'ssd', N'', CAST(0.000 AS Decimal(20, 3)), CAST(0.000 AS Decimal(20, 3)), CAST(0.000 AS Decimal(20, 3)), CAST(0.000 AS Decimal(20, 3)), CAST(0.000 AS Decimal(20, 3)), NULL, CAST(N'2022-04-16T12:38:49.0566035' AS DateTime2), CAST(N'2022-04-17T11:20:08.5725572' AS DateTime2), 2, NULL, NULL, CAST(N'12:38:49.0566035' AS Time), NULL, NULL, NULL, 2, NULL, CAST(12.500 AS Decimal(20, 3)), 0, NULL, 0, NULL, 2, NULL, NULL, NULL, CAST(0.000 AS Decimal(20, 3)), NULL, 1, CAST(0.000 AS Decimal(20, 3)), CAST(0.000 AS Decimal(20, 3)), 0, 1, NULL, CAST(0.000 AS Decimal(20, 3)), CAST(0.000 AS Decimal(20, 3)), NULL, NULL, CAST(100.000 AS Decimal(20, 3)), NULL)
GO
INSERT [dbo].[invoices] ([invoiceId], [invNumber], [agentId], [createUserId], [invType], [discountType], [discountValue], [total], [totalNet], [paid], [deserved], [deservedDate], [invDate], [updateDate], [updateUserId], [invoiceMainId], [invCase], [invTime], [notes], [vendorInvNum], [vendorInvDate], [branchId], [posId], [tax], [taxtype], [name], [isApproved], [shippingCompanyId], [branchCreatorId], [shipUserId], [prevStatus], [userId], [manualDiscountValue], [manualDiscountType], [isActive], [invoiceProfit], [cashReturn], [printedcount], [isOrginal], [waiterId], [shippingCost], [realShippingCost], [reservationId], [orderTime], [shippingCostDiscount], [membershipId]) VALUES (272, N'is-B_JM-000001', NULL, 2, N'is', NULL, CAST(0.000 AS Decimal(20, 3)), CAST(340000.000 AS Decimal(20, 3)), CAST(340000.000 AS Decimal(20, 3)), CAST(0.000 AS Decimal(20, 3)), CAST(340000.000 AS Decimal(20, 3)), NULL, CAST(N'2022-04-16T12:49:01.7498361' AS DateTime2), CAST(N'2022-04-16T12:49:01.7498361' AS DateTime2), 2, NULL, NULL, CAST(N'12:49:01.7498361' AS Time), NULL, NULL, NULL, 2, 1, CAST(0.000 AS Decimal(20, 3)), 0, NULL, 0, NULL, 2, NULL, NULL, NULL, CAST(0.000 AS Decimal(20, 3)), NULL, 1, CAST(0.000 AS Decimal(20, 3)), CAST(0.000 AS Decimal(20, 3)), 0, 1, NULL, CAST(0.000 AS Decimal(20, 3)), CAST(0.000 AS Decimal(20, 3)), NULL, NULL, CAST(0.000 AS Decimal(20, 3)), NULL)
GO
INSERT [dbo].[invoices] ([invoiceId], [invNumber], [agentId], [createUserId], [invType], [discountType], [discountValue], [total], [totalNet], [paid], [deserved], [deservedDate], [invDate], [updateDate], [updateUserId], [invoiceMainId], [invCase], [invTime], [notes], [vendorInvNum], [vendorInvDate], [branchId], [posId], [tax], [taxtype], [name], [isApproved], [shippingCompanyId], [branchCreatorId], [shipUserId], [prevStatus], [userId], [manualDiscountValue], [manualDiscountType], [isActive], [invoiceProfit], [cashReturn], [printedcount], [isOrginal], [waiterId], [shippingCost], [realShippingCost], [reservationId], [orderTime], [shippingCostDiscount], [membershipId]) VALUES (273, N'sr-B_JM-000001', NULL, 17, N'sr', NULL, CAST(0.000 AS Decimal(20, 3)), CAST(0.000 AS Decimal(20, 3)), CAST(0.000 AS Decimal(20, 3)), CAST(0.000 AS Decimal(20, 3)), CAST(0.000 AS Decimal(20, 3)), NULL, CAST(N'2022-04-16T13:29:54.7792867' AS DateTime2), CAST(N'2022-04-17T11:58:07.8047848' AS DateTime2), 17, NULL, NULL, CAST(N'13:29:54.7792867' AS Time), NULL, NULL, NULL, 2, NULL, CAST(0.000 AS Decimal(20, 3)), 0, NULL, 0, NULL, 2, NULL, NULL, NULL, CAST(0.000 AS Decimal(20, 3)), NULL, 1, CAST(0.000 AS Decimal(20, 3)), CAST(0.000 AS Decimal(20, 3)), 0, 1, NULL, CAST(0.000 AS Decimal(20, 3)), CAST(0.000 AS Decimal(20, 3)), NULL, NULL, CAST(0.000 AS Decimal(20, 3)), NULL)
GO
INSERT [dbo].[invoices] ([invoiceId], [invNumber], [agentId], [createUserId], [invType], [discountType], [discountValue], [total], [totalNet], [paid], [deserved], [deservedDate], [invDate], [updateDate], [updateUserId], [invoiceMainId], [invCase], [invTime], [notes], [vendorInvNum], [vendorInvDate], [branchId], [posId], [tax], [taxtype], [name], [isApproved], [shippingCompanyId], [branchCreatorId], [shipUserId], [prevStatus], [userId], [manualDiscountValue], [manualDiscountType], [isActive], [invoiceProfit], [cashReturn], [printedcount], [isOrginal], [waiterId], [shippingCost], [realShippingCost], [reservationId], [orderTime], [shippingCostDiscount], [membershipId]) VALUES (274, N'sr-B_JM-000002', NULL, 17, N'sr', NULL, CAST(0.000 AS Decimal(20, 3)), CAST(0.000 AS Decimal(20, 3)), CAST(0.000 AS Decimal(20, 3)), CAST(0.000 AS Decimal(20, 3)), CAST(0.000 AS Decimal(20, 3)), NULL, CAST(N'2022-04-16T13:30:06.4341298' AS DateTime2), CAST(N'2022-04-17T11:58:24.7818728' AS DateTime2), 17, NULL, NULL, CAST(N'13:30:06.4341298' AS Time), NULL, NULL, NULL, 2, NULL, CAST(0.000 AS Decimal(20, 3)), 0, NULL, 0, NULL, 2, NULL, NULL, NULL, CAST(0.000 AS Decimal(20, 3)), NULL, 1, CAST(0.000 AS Decimal(20, 3)), CAST(0.000 AS Decimal(20, 3)), 0, 1, NULL, CAST(0.000 AS Decimal(20, 3)), CAST(0.000 AS Decimal(20, 3)), NULL, NULL, CAST(0.000 AS Decimal(20, 3)), NULL)
GO
INSERT [dbo].[invoices] ([invoiceId], [invNumber], [agentId], [createUserId], [invType], [discountType], [discountValue], [total], [totalNet], [paid], [deserved], [deservedDate], [invDate], [updateDate], [updateUserId], [invoiceMainId], [invCase], [invTime], [notes], [vendorInvNum], [vendorInvDate], [branchId], [posId], [tax], [taxtype], [name], [isApproved], [shippingCompanyId], [branchCreatorId], [shipUserId], [prevStatus], [userId], [manualDiscountValue], [manualDiscountType], [isActive], [invoiceProfit], [cashReturn], [printedcount], [isOrginal], [waiterId], [shippingCost], [realShippingCost], [reservationId], [orderTime], [shippingCostDiscount], [membershipId]) VALUES (275, N'sr-B_JM-000003', NULL, 17, N'sr', NULL, CAST(0.000 AS Decimal(20, 3)), CAST(0.000 AS Decimal(20, 3)), CAST(0.000 AS Decimal(20, 3)), CAST(0.000 AS Decimal(20, 3)), CAST(0.000 AS Decimal(20, 3)), NULL, CAST(N'2022-04-16T13:30:18.5647023' AS DateTime2), CAST(N'2022-04-16T14:29:47.4515381' AS DateTime2), 17, NULL, NULL, CAST(N'13:30:18.5647023' AS Time), NULL, NULL, NULL, 2, NULL, CAST(0.000 AS Decimal(20, 3)), 0, NULL, 0, NULL, 2, NULL, NULL, NULL, CAST(0.000 AS Decimal(20, 3)), NULL, 1, CAST(0.000 AS Decimal(20, 3)), CAST(0.000 AS Decimal(20, 3)), 0, 1, NULL, CAST(0.000 AS Decimal(20, 3)), CAST(0.000 AS Decimal(20, 3)), NULL, NULL, CAST(0.000 AS Decimal(20, 3)), NULL)
GO
INSERT [dbo].[invoices] ([invoiceId], [invNumber], [agentId], [createUserId], [invType], [discountType], [discountValue], [total], [totalNet], [paid], [deserved], [deservedDate], [invDate], [updateDate], [updateUserId], [invoiceMainId], [invCase], [invTime], [notes], [vendorInvNum], [vendorInvDate], [branchId], [posId], [tax], [taxtype], [name], [isApproved], [shippingCompanyId], [branchCreatorId], [shipUserId], [prevStatus], [userId], [manualDiscountValue], [manualDiscountType], [isActive], [invoiceProfit], [cashReturn], [printedcount], [isOrginal], [waiterId], [shippingCost], [realShippingCost], [reservationId], [orderTime], [shippingCostDiscount], [membershipId]) VALUES (276, N'sr-B_JM-000004', NULL, 17, N'srw', NULL, CAST(0.000 AS Decimal(20, 3)), CAST(0.000 AS Decimal(20, 3)), CAST(0.000 AS Decimal(20, 3)), CAST(0.000 AS Decimal(20, 3)), CAST(0.000 AS Decimal(20, 3)), NULL, CAST(N'2022-04-16T13:30:29.4585808' AS DateTime2), CAST(N'2022-04-16T13:30:29.4585808' AS DateTime2), 17, NULL, NULL, CAST(N'13:30:29.4585808' AS Time), NULL, NULL, NULL, 2, NULL, CAST(0.000 AS Decimal(20, 3)), 0, NULL, 0, NULL, 2, NULL, NULL, NULL, CAST(0.000 AS Decimal(20, 3)), NULL, 1, CAST(0.000 AS Decimal(20, 3)), CAST(0.000 AS Decimal(20, 3)), 0, 1, NULL, CAST(0.000 AS Decimal(20, 3)), CAST(0.000 AS Decimal(20, 3)), NULL, NULL, CAST(0.000 AS Decimal(20, 3)), NULL)
GO
INSERT [dbo].[invoices] ([invoiceId], [invNumber], [agentId], [createUserId], [invType], [discountType], [discountValue], [total], [totalNet], [paid], [deserved], [deservedDate], [invDate], [updateDate], [updateUserId], [invoiceMainId], [invCase], [invTime], [notes], [vendorInvNum], [vendorInvDate], [branchId], [posId], [tax], [taxtype], [name], [isApproved], [shippingCompanyId], [branchCreatorId], [shipUserId], [prevStatus], [userId], [manualDiscountValue], [manualDiscountType], [isActive], [invoiceProfit], [cashReturn], [printedcount], [isOrginal], [waiterId], [shippingCost], [realShippingCost], [reservationId], [orderTime], [shippingCostDiscount], [membershipId]) VALUES (277, N'0001', 18, 2, N'ts', NULL, CAST(0.000 AS Decimal(20, 3)), CAST(19000.000 AS Decimal(20, 3)), CAST(21375.000 AS Decimal(20, 3)), CAST(0.000 AS Decimal(20, 3)), CAST(21375.000 AS Decimal(20, 3)), NULL, CAST(N'2022-04-16T13:38:48.7473086' AS DateTime2), CAST(N'2022-04-16T16:39:43.8556612' AS DateTime2), 2, NULL, NULL, CAST(N'13:38:48.7473086' AS Time), NULL, NULL, NULL, 2, 1, CAST(12.500 AS Decimal(20, 3)), 0, NULL, 0, 3, 2, 22, NULL, NULL, CAST(0.000 AS Decimal(20, 3)), NULL, 1, CAST(0.000 AS Decimal(20, 3)), CAST(0.000 AS Decimal(20, 3)), 0, 1, NULL, CAST(1500.000 AS Decimal(20, 3)), CAST(1000.000 AS Decimal(20, 3)), NULL, NULL, CAST(100.000 AS Decimal(20, 3)), NULL)
GO
INSERT [dbo].[invoices] ([invoiceId], [invNumber], [agentId], [createUserId], [invType], [discountType], [discountValue], [total], [totalNet], [paid], [deserved], [deservedDate], [invDate], [updateDate], [updateUserId], [invoiceMainId], [invCase], [invTime], [notes], [vendorInvNum], [vendorInvDate], [branchId], [posId], [tax], [taxtype], [name], [isApproved], [shippingCompanyId], [branchCreatorId], [shipUserId], [prevStatus], [userId], [manualDiscountValue], [manualDiscountType], [isActive], [invoiceProfit], [cashReturn], [printedcount], [isOrginal], [waiterId], [shippingCost], [realShippingCost], [reservationId], [orderTime], [shippingCostDiscount], [membershipId]) VALUES (278, N'fbc-B_JM-000001', NULL, 2, N'fbc', NULL, CAST(0.000 AS Decimal(20, 3)), CAST(0.000 AS Decimal(20, 3)), CAST(0.000 AS Decimal(20, 3)), CAST(0.000 AS Decimal(20, 3)), CAST(0.000 AS Decimal(20, 3)), NULL, CAST(N'2022-04-16T14:07:37.8483459' AS DateTime2), CAST(N'2022-04-16T14:07:37.8483459' AS DateTime2), 2, NULL, NULL, CAST(N'14:07:37.8483459' AS Time), NULL, NULL, NULL, 2, 1, CAST(0.000 AS Decimal(20, 3)), 0, NULL, 0, NULL, 2, NULL, NULL, NULL, CAST(0.000 AS Decimal(20, 3)), NULL, 1, CAST(0.000 AS Decimal(20, 3)), CAST(0.000 AS Decimal(20, 3)), 0, 1, NULL, CAST(0.000 AS Decimal(20, 3)), CAST(0.000 AS Decimal(20, 3)), NULL, NULL, CAST(0.000 AS Decimal(20, 3)), NULL)
GO
INSERT [dbo].[invoices] ([invoiceId], [invNumber], [agentId], [createUserId], [invType], [discountType], [discountValue], [total], [totalNet], [paid], [deserved], [deservedDate], [invDate], [updateDate], [updateUserId], [invoiceMainId], [invCase], [invTime], [notes], [vendorInvNum], [vendorInvDate], [branchId], [posId], [tax], [taxtype], [name], [isApproved], [shippingCompanyId], [branchCreatorId], [shipUserId], [prevStatus], [userId], [manualDiscountValue], [manualDiscountType], [isActive], [invoiceProfit], [cashReturn], [printedcount], [isOrginal], [waiterId], [shippingCost], [realShippingCost], [reservationId], [orderTime], [shippingCostDiscount], [membershipId]) VALUES (279, N'sr-B_JM-000005', NULL, 17, N'srw', NULL, CAST(0.000 AS Decimal(20, 3)), CAST(0.000 AS Decimal(20, 3)), CAST(0.000 AS Decimal(20, 3)), CAST(0.000 AS Decimal(20, 3)), CAST(0.000 AS Decimal(20, 3)), NULL, CAST(N'2022-04-16T14:08:19.5668235' AS DateTime2), CAST(N'2022-04-16T14:08:19.5668235' AS DateTime2), 17, NULL, NULL, CAST(N'14:08:19.5668235' AS Time), NULL, NULL, NULL, 2, NULL, CAST(0.000 AS Decimal(20, 3)), 0, NULL, 0, NULL, 2, NULL, NULL, NULL, CAST(0.000 AS Decimal(20, 3)), NULL, 1, CAST(0.000 AS Decimal(20, 3)), CAST(0.000 AS Decimal(20, 3)), 0, 1, NULL, CAST(0.000 AS Decimal(20, 3)), CAST(0.000 AS Decimal(20, 3)), NULL, NULL, CAST(0.000 AS Decimal(20, 3)), NULL)
GO
INSERT [dbo].[invoices] ([invoiceId], [invNumber], [agentId], [createUserId], [invType], [discountType], [discountValue], [total], [totalNet], [paid], [deserved], [deservedDate], [invDate], [updateDate], [updateUserId], [invoiceMainId], [invCase], [invTime], [notes], [vendorInvNum], [vendorInvDate], [branchId], [posId], [tax], [taxtype], [name], [isApproved], [shippingCompanyId], [branchCreatorId], [shipUserId], [prevStatus], [userId], [manualDiscountValue], [manualDiscountType], [isActive], [invoiceProfit], [cashReturn], [printedcount], [isOrginal], [waiterId], [shippingCost], [realShippingCost], [reservationId], [orderTime], [shippingCostDiscount], [membershipId]) VALUES (280, N'pi-B_JM-000001', NULL, 17, N'p', N'-1', CAST(0.000 AS Decimal(20, 3)), CAST(1000.000 AS Decimal(20, 3)), CAST(1000.000 AS Decimal(20, 3)), CAST(1000.000 AS Decimal(20, 3)), CAST(0.000 AS Decimal(20, 3)), NULL, CAST(N'2022-04-16T14:29:16.6249454' AS DateTime2), CAST(N'2022-04-16T14:29:17.5325203' AS DateTime2), 17, NULL, NULL, CAST(N'14:29:16.6249454' AS Time), N'', N'', NULL, 2, 1, CAST(0.000 AS Decimal(20, 3)), 2, NULL, 0, NULL, 2, NULL, NULL, NULL, CAST(0.000 AS Decimal(20, 3)), NULL, 1, CAST(0.000 AS Decimal(20, 3)), CAST(0.000 AS Decimal(20, 3)), 0, 1, NULL, CAST(0.000 AS Decimal(20, 3)), CAST(0.000 AS Decimal(20, 3)), NULL, NULL, CAST(0.000 AS Decimal(20, 3)), NULL)
GO
INSERT [dbo].[invoices] ([invoiceId], [invNumber], [agentId], [createUserId], [invType], [discountType], [discountValue], [total], [totalNet], [paid], [deserved], [deservedDate], [invDate], [updateDate], [updateUserId], [invoiceMainId], [invCase], [invTime], [notes], [vendorInvNum], [vendorInvDate], [branchId], [posId], [tax], [taxtype], [name], [isApproved], [shippingCompanyId], [branchCreatorId], [shipUserId], [prevStatus], [userId], [manualDiscountValue], [manualDiscountType], [isActive], [invoiceProfit], [cashReturn], [printedcount], [isOrginal], [waiterId], [shippingCost], [realShippingCost], [reservationId], [orderTime], [shippingCostDiscount], [membershipId]) VALUES (281, N'srb-B_JM-000001', NULL, 17, N'srb', NULL, CAST(0.000 AS Decimal(20, 3)), CAST(0.000 AS Decimal(20, 3)), CAST(0.000 AS Decimal(20, 3)), CAST(0.000 AS Decimal(20, 3)), CAST(0.000 AS Decimal(20, 3)), NULL, CAST(N'2022-04-16T14:30:05.6199708' AS DateTime2), CAST(N'2022-04-16T14:30:05.6199708' AS DateTime2), 17, 275, NULL, CAST(N'14:30:05.6199708' AS Time), NULL, NULL, NULL, 2, 1, CAST(0.000 AS Decimal(20, 3)), 0, NULL, 0, NULL, 2, NULL, NULL, NULL, CAST(0.000 AS Decimal(20, 3)), NULL, 1, CAST(0.000 AS Decimal(20, 3)), CAST(0.000 AS Decimal(20, 3)), 0, 1, NULL, CAST(0.000 AS Decimal(20, 3)), CAST(0.000 AS Decimal(20, 3)), NULL, NULL, CAST(0.000 AS Decimal(20, 3)), NULL)
GO
INSERT [dbo].[invoices] ([invoiceId], [invNumber], [agentId], [createUserId], [invType], [discountType], [discountValue], [total], [totalNet], [paid], [deserved], [deservedDate], [invDate], [updateDate], [updateUserId], [invoiceMainId], [invCase], [invTime], [notes], [vendorInvNum], [vendorInvDate], [branchId], [posId], [tax], [taxtype], [name], [isApproved], [shippingCompanyId], [branchCreatorId], [shipUserId], [prevStatus], [userId], [manualDiscountValue], [manualDiscountType], [isActive], [invoiceProfit], [cashReturn], [printedcount], [isOrginal], [waiterId], [shippingCost], [realShippingCost], [reservationId], [orderTime], [shippingCostDiscount], [membershipId]) VALUES (282, N'0009', 20, 2, N'ts', N'', CAST(0.000 AS Decimal(20, 3)), CAST(14000.000 AS Decimal(20, 3)), CAST(15750.000 AS Decimal(20, 3)), CAST(15750.000 AS Decimal(20, 3)), CAST(0.000 AS Decimal(20, 3)), NULL, CAST(N'2022-04-16T16:37:51.6471661' AS DateTime2), CAST(N'2022-04-16T16:39:06.4508215' AS DateTime2), 2, NULL, NULL, CAST(N'16:37:51.6471661' AS Time), NULL, NULL, NULL, 2, NULL, CAST(12.500 AS Decimal(20, 3)), 0, NULL, 0, NULL, 2, NULL, NULL, NULL, CAST(0.000 AS Decimal(20, 3)), NULL, 1, CAST(0.000 AS Decimal(20, 3)), CAST(0.000 AS Decimal(20, 3)), 0, 1, NULL, CAST(0.000 AS Decimal(20, 3)), CAST(0.000 AS Decimal(20, 3)), NULL, CAST(N'2022-04-16T08:00:00.0000000' AS DateTime2), CAST(10.000 AS Decimal(20, 3)), NULL)
GO
INSERT [dbo].[invoices] ([invoiceId], [invNumber], [agentId], [createUserId], [invType], [discountType], [discountValue], [total], [totalNet], [paid], [deserved], [deservedDate], [invDate], [updateDate], [updateUserId], [invoiceMainId], [invCase], [invTime], [notes], [vendorInvNum], [vendorInvDate], [branchId], [posId], [tax], [taxtype], [name], [isApproved], [shippingCompanyId], [branchCreatorId], [shipUserId], [prevStatus], [userId], [manualDiscountValue], [manualDiscountType], [isActive], [invoiceProfit], [cashReturn], [printedcount], [isOrginal], [waiterId], [shippingCost], [realShippingCost], [reservationId], [orderTime], [shippingCostDiscount], [membershipId]) VALUES (283, N'0010', NULL, 2, N'tsd', N'', CAST(0.000 AS Decimal(20, 3)), CAST(0.000 AS Decimal(20, 3)), CAST(0.000 AS Decimal(20, 3)), CAST(0.000 AS Decimal(20, 3)), CAST(0.000 AS Decimal(20, 3)), NULL, CAST(N'2022-04-16T16:39:09.1253237' AS DateTime2), CAST(N'2022-04-16T16:39:09.1253237' AS DateTime2), 2, NULL, NULL, CAST(N'16:39:09.1253237' AS Time), NULL, NULL, NULL, 2, NULL, CAST(12.500 AS Decimal(20, 3)), 0, NULL, 0, NULL, 2, NULL, NULL, NULL, CAST(0.000 AS Decimal(20, 3)), NULL, 1, CAST(0.000 AS Decimal(20, 3)), CAST(0.000 AS Decimal(20, 3)), 0, 1, NULL, CAST(0.000 AS Decimal(20, 3)), CAST(0.000 AS Decimal(20, 3)), NULL, NULL, CAST(0.000 AS Decimal(20, 3)), NULL)
GO
INSERT [dbo].[invoices] ([invoiceId], [invNumber], [agentId], [createUserId], [invType], [discountType], [discountValue], [total], [totalNet], [paid], [deserved], [deservedDate], [invDate], [updateDate], [updateUserId], [invoiceMainId], [invCase], [invTime], [notes], [vendorInvNum], [vendorInvDate], [branchId], [posId], [tax], [taxtype], [name], [isApproved], [shippingCompanyId], [branchCreatorId], [shipUserId], [prevStatus], [userId], [manualDiscountValue], [manualDiscountType], [isActive], [invoiceProfit], [cashReturn], [printedcount], [isOrginal], [waiterId], [shippingCost], [realShippingCost], [reservationId], [orderTime], [shippingCostDiscount], [membershipId]) VALUES (284, N'0001', NULL, 2, N'sd', NULL, CAST(0.000 AS Decimal(20, 3)), CAST(89600.000 AS Decimal(20, 3)), CAST(100800.000 AS Decimal(20, 3)), CAST(0.000 AS Decimal(20, 3)), CAST(100800.000 AS Decimal(20, 3)), NULL, CAST(N'2022-04-16T17:02:28.2639780' AS DateTime2), CAST(N'2022-04-17T14:10:20.9977553' AS DateTime2), 2, NULL, NULL, CAST(N'17:02:28.2639780' AS Time), NULL, NULL, NULL, 2, 1, CAST(12.500 AS Decimal(20, 3)), 0, NULL, 0, NULL, 2, NULL, NULL, NULL, CAST(0.000 AS Decimal(20, 3)), NULL, 1, CAST(0.000 AS Decimal(20, 3)), CAST(0.000 AS Decimal(20, 3)), 0, 1, NULL, CAST(0.000 AS Decimal(20, 3)), CAST(0.000 AS Decimal(20, 3)), NULL, NULL, CAST(0.000 AS Decimal(20, 3)), NULL)
GO
INSERT [dbo].[invoices] ([invoiceId], [invNumber], [agentId], [createUserId], [invType], [discountType], [discountValue], [total], [totalNet], [paid], [deserved], [deservedDate], [invDate], [updateDate], [updateUserId], [invoiceMainId], [invCase], [invTime], [notes], [vendorInvNum], [vendorInvDate], [branchId], [posId], [tax], [taxtype], [name], [isApproved], [shippingCompanyId], [branchCreatorId], [shipUserId], [prevStatus], [userId], [manualDiscountValue], [manualDiscountType], [isActive], [invoiceProfit], [cashReturn], [printedcount], [isOrginal], [waiterId], [shippingCost], [realShippingCost], [reservationId], [orderTime], [shippingCostDiscount], [membershipId]) VALUES (285, N'0002', NULL, 2, N'sd', NULL, CAST(0.000 AS Decimal(20, 3)), CAST(0.000 AS Decimal(20, 3)), CAST(0.000 AS Decimal(20, 3)), CAST(0.000 AS Decimal(20, 3)), CAST(0.000 AS Decimal(20, 3)), NULL, CAST(N'2022-04-16T17:02:50.0020532' AS DateTime2), CAST(N'2022-04-17T14:09:23.2796742' AS DateTime2), 2, NULL, NULL, CAST(N'17:02:50.0020532' AS Time), NULL, NULL, NULL, 2, 1, CAST(12.500 AS Decimal(20, 3)), 0, NULL, 0, NULL, 2, NULL, NULL, NULL, CAST(0.000 AS Decimal(20, 3)), NULL, 1, CAST(0.000 AS Decimal(20, 3)), CAST(0.000 AS Decimal(20, 3)), 0, 1, NULL, CAST(0.000 AS Decimal(20, 3)), CAST(0.000 AS Decimal(20, 3)), NULL, NULL, CAST(0.000 AS Decimal(20, 3)), NULL)
GO
INSERT [dbo].[invoices] ([invoiceId], [invNumber], [agentId], [createUserId], [invType], [discountType], [discountValue], [total], [totalNet], [paid], [deserved], [deservedDate], [invDate], [updateDate], [updateUserId], [invoiceMainId], [invCase], [invTime], [notes], [vendorInvNum], [vendorInvDate], [branchId], [posId], [tax], [taxtype], [name], [isApproved], [shippingCompanyId], [branchCreatorId], [shipUserId], [prevStatus], [userId], [manualDiscountValue], [manualDiscountType], [isActive], [invoiceProfit], [cashReturn], [printedcount], [isOrginal], [waiterId], [shippingCost], [realShippingCost], [reservationId], [orderTime], [shippingCostDiscount], [membershipId]) VALUES (286, N'0003', NULL, 2, N'sd', NULL, CAST(0.000 AS Decimal(20, 3)), CAST(0.000 AS Decimal(20, 3)), CAST(0.000 AS Decimal(20, 3)), CAST(0.000 AS Decimal(20, 3)), CAST(0.000 AS Decimal(20, 3)), NULL, CAST(N'2022-04-16T17:03:59.8950826' AS DateTime2), CAST(N'2022-04-16T17:29:20.6791181' AS DateTime2), 2, NULL, NULL, CAST(N'17:03:59.8950826' AS Time), NULL, NULL, NULL, 2, 1, CAST(12.500 AS Decimal(20, 3)), 0, NULL, 0, NULL, 2, NULL, NULL, NULL, CAST(0.000 AS Decimal(20, 3)), NULL, 1, CAST(0.000 AS Decimal(20, 3)), CAST(0.000 AS Decimal(20, 3)), 0, 1, NULL, CAST(0.000 AS Decimal(20, 3)), CAST(0.000 AS Decimal(20, 3)), NULL, NULL, CAST(0.000 AS Decimal(20, 3)), NULL)
GO
INSERT [dbo].[invoices] ([invoiceId], [invNumber], [agentId], [createUserId], [invType], [discountType], [discountValue], [total], [totalNet], [paid], [deserved], [deservedDate], [invDate], [updateDate], [updateUserId], [invoiceMainId], [invCase], [invTime], [notes], [vendorInvNum], [vendorInvDate], [branchId], [posId], [tax], [taxtype], [name], [isApproved], [shippingCompanyId], [branchCreatorId], [shipUserId], [prevStatus], [userId], [manualDiscountValue], [manualDiscountType], [isActive], [invoiceProfit], [cashReturn], [printedcount], [isOrginal], [waiterId], [shippingCost], [realShippingCost], [reservationId], [orderTime], [shippingCostDiscount], [membershipId]) VALUES (287, N'0004', NULL, 2, N'sd', NULL, CAST(0.000 AS Decimal(20, 3)), CAST(19600.000 AS Decimal(20, 3)), CAST(22050.000 AS Decimal(20, 3)), CAST(0.000 AS Decimal(20, 3)), CAST(22050.000 AS Decimal(20, 3)), NULL, CAST(N'2022-04-16T17:06:32.3725194' AS DateTime2), CAST(N'2022-04-16T17:23:11.7154112' AS DateTime2), 2, NULL, NULL, CAST(N'17:06:32.3725194' AS Time), NULL, NULL, NULL, 2, 1, CAST(12.500 AS Decimal(20, 3)), 0, NULL, 0, NULL, 2, NULL, NULL, NULL, CAST(0.000 AS Decimal(20, 3)), NULL, 1, CAST(0.000 AS Decimal(20, 3)), CAST(0.000 AS Decimal(20, 3)), 0, 1, NULL, CAST(0.000 AS Decimal(20, 3)), CAST(0.000 AS Decimal(20, 3)), NULL, NULL, CAST(0.000 AS Decimal(20, 3)), NULL)
GO
INSERT [dbo].[invoices] ([invoiceId], [invNumber], [agentId], [createUserId], [invType], [discountType], [discountValue], [total], [totalNet], [paid], [deserved], [deservedDate], [invDate], [updateDate], [updateUserId], [invoiceMainId], [invCase], [invTime], [notes], [vendorInvNum], [vendorInvDate], [branchId], [posId], [tax], [taxtype], [name], [isApproved], [shippingCompanyId], [branchCreatorId], [shipUserId], [prevStatus], [userId], [manualDiscountValue], [manualDiscountType], [isActive], [invoiceProfit], [cashReturn], [printedcount], [isOrginal], [waiterId], [shippingCost], [realShippingCost], [reservationId], [orderTime], [shippingCostDiscount], [membershipId]) VALUES (288, N'0001', NULL, 2, N'tsd', N'', CAST(0.000 AS Decimal(20, 3)), CAST(0.000 AS Decimal(20, 3)), CAST(0.000 AS Decimal(20, 3)), CAST(0.000 AS Decimal(20, 3)), CAST(0.000 AS Decimal(20, 3)), NULL, CAST(N'2022-04-17T11:17:39.2038532' AS DateTime2), CAST(N'2022-04-17T11:17:39.2038532' AS DateTime2), 2, NULL, NULL, CAST(N'11:17:39.2038532' AS Time), NULL, NULL, NULL, 2, NULL, CAST(12.500 AS Decimal(20, 3)), 0, NULL, 0, NULL, 2, NULL, NULL, NULL, CAST(0.000 AS Decimal(20, 3)), NULL, 1, CAST(0.000 AS Decimal(20, 3)), CAST(0.000 AS Decimal(20, 3)), 0, 1, NULL, CAST(0.000 AS Decimal(20, 3)), CAST(0.000 AS Decimal(20, 3)), NULL, NULL, CAST(0.000 AS Decimal(20, 3)), NULL)
GO
INSERT [dbo].[invoices] ([invoiceId], [invNumber], [agentId], [createUserId], [invType], [discountType], [discountValue], [total], [totalNet], [paid], [deserved], [deservedDate], [invDate], [updateDate], [updateUserId], [invoiceMainId], [invCase], [invTime], [notes], [vendorInvNum], [vendorInvDate], [branchId], [posId], [tax], [taxtype], [name], [isApproved], [shippingCompanyId], [branchCreatorId], [shipUserId], [prevStatus], [userId], [manualDiscountValue], [manualDiscountType], [isActive], [invoiceProfit], [cashReturn], [printedcount], [isOrginal], [waiterId], [shippingCost], [realShippingCost], [reservationId], [orderTime], [shippingCostDiscount], [membershipId]) VALUES (289, N'0002', 18, 2, N'tsd', N'', CAST(0.000 AS Decimal(20, 3)), CAST(14000.000 AS Decimal(20, 3)), CAST(15750.000 AS Decimal(20, 3)), CAST(0.000 AS Decimal(20, 3)), CAST(15750.000 AS Decimal(20, 3)), NULL, CAST(N'2022-04-17T11:17:44.0967738' AS DateTime2), CAST(N'2022-04-17T11:18:44.8523597' AS DateTime2), 2, NULL, NULL, CAST(N'11:17:44.0967738' AS Time), NULL, NULL, NULL, 2, NULL, CAST(12.500 AS Decimal(20, 3)), 0, NULL, 0, NULL, 2, NULL, NULL, NULL, CAST(0.000 AS Decimal(20, 3)), NULL, 1, CAST(0.000 AS Decimal(20, 3)), CAST(0.000 AS Decimal(20, 3)), 0, 1, NULL, CAST(0.000 AS Decimal(20, 3)), CAST(0.000 AS Decimal(20, 3)), NULL, NULL, CAST(100.000 AS Decimal(20, 3)), NULL)
GO
INSERT [dbo].[invoices] ([invoiceId], [invNumber], [agentId], [createUserId], [invType], [discountType], [discountValue], [total], [totalNet], [paid], [deserved], [deservedDate], [invDate], [updateDate], [updateUserId], [invoiceMainId], [invCase], [invTime], [notes], [vendorInvNum], [vendorInvDate], [branchId], [posId], [tax], [taxtype], [name], [isApproved], [shippingCompanyId], [branchCreatorId], [shipUserId], [prevStatus], [userId], [manualDiscountValue], [manualDiscountType], [isActive], [invoiceProfit], [cashReturn], [printedcount], [isOrginal], [waiterId], [shippingCost], [realShippingCost], [reservationId], [orderTime], [shippingCostDiscount], [membershipId]) VALUES (290, N'pi-B_JM-000002', NULL, 17, N'p', N'-1', CAST(0.000 AS Decimal(20, 3)), CAST(10000.000 AS Decimal(20, 3)), CAST(10000.000 AS Decimal(20, 3)), CAST(10000.000 AS Decimal(20, 3)), CAST(0.000 AS Decimal(20, 3)), NULL, CAST(N'2022-04-17T11:57:02.5650335' AS DateTime2), CAST(N'2022-04-17T11:57:03.8907741' AS DateTime2), 17, NULL, NULL, CAST(N'11:57:02.5650335' AS Time), N'', N'', NULL, 2, 1, CAST(0.000 AS Decimal(20, 3)), 2, NULL, 0, NULL, 2, NULL, NULL, NULL, CAST(0.000 AS Decimal(20, 3)), NULL, 1, CAST(0.000 AS Decimal(20, 3)), CAST(0.000 AS Decimal(20, 3)), 0, 1, NULL, CAST(0.000 AS Decimal(20, 3)), CAST(0.000 AS Decimal(20, 3)), NULL, NULL, CAST(0.000 AS Decimal(20, 3)), NULL)
GO
INSERT [dbo].[invoices] ([invoiceId], [invNumber], [agentId], [createUserId], [invType], [discountType], [discountValue], [total], [totalNet], [paid], [deserved], [deservedDate], [invDate], [updateDate], [updateUserId], [invoiceMainId], [invCase], [invTime], [notes], [vendorInvNum], [vendorInvDate], [branchId], [posId], [tax], [taxtype], [name], [isApproved], [shippingCompanyId], [branchCreatorId], [shipUserId], [prevStatus], [userId], [manualDiscountValue], [manualDiscountType], [isActive], [invoiceProfit], [cashReturn], [printedcount], [isOrginal], [waiterId], [shippingCost], [realShippingCost], [reservationId], [orderTime], [shippingCostDiscount], [membershipId]) VALUES (291, N'pi-B_JM-000003', NULL, 17, N'p', N'-1', CAST(0.000 AS Decimal(20, 3)), CAST(25000.000 AS Decimal(20, 3)), CAST(25000.000 AS Decimal(20, 3)), CAST(25000.000 AS Decimal(20, 3)), CAST(0.000 AS Decimal(20, 3)), NULL, CAST(N'2022-04-17T11:57:30.5614306' AS DateTime2), CAST(N'2022-04-17T11:57:31.1997610' AS DateTime2), 17, NULL, NULL, CAST(N'11:57:30.5614306' AS Time), N'', N'', NULL, 2, 1, CAST(0.000 AS Decimal(20, 3)), 2, NULL, 0, NULL, 2, NULL, NULL, NULL, CAST(0.000 AS Decimal(20, 3)), NULL, 1, CAST(0.000 AS Decimal(20, 3)), CAST(0.000 AS Decimal(20, 3)), 0, 1, NULL, CAST(0.000 AS Decimal(20, 3)), CAST(0.000 AS Decimal(20, 3)), NULL, NULL, CAST(0.000 AS Decimal(20, 3)), NULL)
GO
INSERT [dbo].[invoices] ([invoiceId], [invNumber], [agentId], [createUserId], [invType], [discountType], [discountValue], [total], [totalNet], [paid], [deserved], [deservedDate], [invDate], [updateDate], [updateUserId], [invoiceMainId], [invCase], [invTime], [notes], [vendorInvNum], [vendorInvDate], [branchId], [posId], [tax], [taxtype], [name], [isApproved], [shippingCompanyId], [branchCreatorId], [shipUserId], [prevStatus], [userId], [manualDiscountValue], [manualDiscountType], [isActive], [invoiceProfit], [cashReturn], [printedcount], [isOrginal], [waiterId], [shippingCost], [realShippingCost], [reservationId], [orderTime], [shippingCostDiscount], [membershipId]) VALUES (292, N'pi-B_JM-000004', NULL, 17, N'p', N'-1', CAST(0.000 AS Decimal(20, 3)), CAST(10000.000 AS Decimal(20, 3)), CAST(10000.000 AS Decimal(20, 3)), CAST(10000.000 AS Decimal(20, 3)), CAST(0.000 AS Decimal(20, 3)), NULL, CAST(N'2022-04-17T11:57:50.1140976' AS DateTime2), CAST(N'2022-04-17T11:57:51.0646299' AS DateTime2), 17, NULL, NULL, CAST(N'11:57:50.1140976' AS Time), N'', N'', NULL, 2, 1, CAST(0.000 AS Decimal(20, 3)), 2, NULL, 0, NULL, 2, NULL, NULL, NULL, CAST(0.000 AS Decimal(20, 3)), NULL, 1, CAST(0.000 AS Decimal(20, 3)), CAST(0.000 AS Decimal(20, 3)), 0, 1, NULL, CAST(0.000 AS Decimal(20, 3)), CAST(0.000 AS Decimal(20, 3)), NULL, NULL, CAST(0.000 AS Decimal(20, 3)), NULL)
GO
INSERT [dbo].[invoices] ([invoiceId], [invNumber], [agentId], [createUserId], [invType], [discountType], [discountValue], [total], [totalNet], [paid], [deserved], [deservedDate], [invDate], [updateDate], [updateUserId], [invoiceMainId], [invCase], [invTime], [notes], [vendorInvNum], [vendorInvDate], [branchId], [posId], [tax], [taxtype], [name], [isApproved], [shippingCompanyId], [branchCreatorId], [shipUserId], [prevStatus], [userId], [manualDiscountValue], [manualDiscountType], [isActive], [invoiceProfit], [cashReturn], [printedcount], [isOrginal], [waiterId], [shippingCost], [realShippingCost], [reservationId], [orderTime], [shippingCostDiscount], [membershipId]) VALUES (293, N'po-B_JM-000001', 10, 17, N'pos', NULL, CAST(0.000 AS Decimal(20, 3)), CAST(0.000 AS Decimal(20, 3)), CAST(0.000 AS Decimal(20, 3)), CAST(0.000 AS Decimal(20, 3)), CAST(0.000 AS Decimal(20, 3)), NULL, CAST(N'2022-04-17T11:59:34.0092564' AS DateTime2), CAST(N'2022-04-17T11:59:34.0092564' AS DateTime2), 17, NULL, NULL, CAST(N'11:59:34.0092564' AS Time), N'', NULL, NULL, 2, 1, CAST(0.000 AS Decimal(20, 3)), 2, NULL, 0, NULL, 2, NULL, NULL, NULL, CAST(0.000 AS Decimal(20, 3)), NULL, 1, CAST(0.000 AS Decimal(20, 3)), CAST(0.000 AS Decimal(20, 3)), 0, 1, NULL, CAST(0.000 AS Decimal(20, 3)), CAST(0.000 AS Decimal(20, 3)), NULL, NULL, CAST(0.000 AS Decimal(20, 3)), NULL)
GO
INSERT [dbo].[invoices] ([invoiceId], [invNumber], [agentId], [createUserId], [invType], [discountType], [discountValue], [total], [totalNet], [paid], [deserved], [deservedDate], [invDate], [updateDate], [updateUserId], [invoiceMainId], [invCase], [invTime], [notes], [vendorInvNum], [vendorInvDate], [branchId], [posId], [tax], [taxtype], [name], [isApproved], [shippingCompanyId], [branchCreatorId], [shipUserId], [prevStatus], [userId], [manualDiscountValue], [manualDiscountType], [isActive], [invoiceProfit], [cashReturn], [printedcount], [isOrginal], [waiterId], [shippingCost], [realShippingCost], [reservationId], [orderTime], [shippingCostDiscount], [membershipId]) VALUES (294, N'po-B_JM-000002', 12, 17, N'pos', NULL, CAST(0.000 AS Decimal(20, 3)), CAST(0.000 AS Decimal(20, 3)), CAST(0.000 AS Decimal(20, 3)), CAST(0.000 AS Decimal(20, 3)), CAST(0.000 AS Decimal(20, 3)), NULL, CAST(N'2022-04-17T12:00:15.0685805' AS DateTime2), CAST(N'2022-04-17T12:00:15.0685805' AS DateTime2), 17, NULL, NULL, CAST(N'12:00:15.0685805' AS Time), N'', NULL, NULL, 2, 1, CAST(0.000 AS Decimal(20, 3)), 2, NULL, 0, NULL, 2, NULL, NULL, NULL, CAST(0.000 AS Decimal(20, 3)), NULL, 1, CAST(0.000 AS Decimal(20, 3)), CAST(0.000 AS Decimal(20, 3)), 0, 1, NULL, CAST(0.000 AS Decimal(20, 3)), CAST(0.000 AS Decimal(20, 3)), NULL, NULL, CAST(0.000 AS Decimal(20, 3)), NULL)
GO
INSERT [dbo].[invoices] ([invoiceId], [invNumber], [agentId], [createUserId], [invType], [discountType], [discountValue], [total], [totalNet], [paid], [deserved], [deservedDate], [invDate], [updateDate], [updateUserId], [invoiceMainId], [invCase], [invTime], [notes], [vendorInvNum], [vendorInvDate], [branchId], [posId], [tax], [taxtype], [name], [isApproved], [shippingCompanyId], [branchCreatorId], [shipUserId], [prevStatus], [userId], [manualDiscountValue], [manualDiscountType], [isActive], [invoiceProfit], [cashReturn], [printedcount], [isOrginal], [waiterId], [shippingCost], [realShippingCost], [reservationId], [orderTime], [shippingCostDiscount], [membershipId]) VALUES (295, N'po-B_JM-000003', 16, 17, N'pos', NULL, CAST(0.000 AS Decimal(20, 3)), CAST(0.000 AS Decimal(20, 3)), CAST(0.000 AS Decimal(20, 3)), CAST(0.000 AS Decimal(20, 3)), CAST(0.000 AS Decimal(20, 3)), NULL, CAST(N'2022-04-17T12:00:50.3573717' AS DateTime2), CAST(N'2022-04-17T12:00:50.3573717' AS DateTime2), 17, NULL, NULL, CAST(N'12:00:50.3573717' AS Time), N'', NULL, NULL, 2, 1, CAST(0.000 AS Decimal(20, 3)), 2, NULL, 0, NULL, 2, NULL, NULL, NULL, CAST(0.000 AS Decimal(20, 3)), NULL, 1, CAST(0.000 AS Decimal(20, 3)), CAST(0.000 AS Decimal(20, 3)), 0, 1, NULL, CAST(0.000 AS Decimal(20, 3)), CAST(0.000 AS Decimal(20, 3)), NULL, NULL, CAST(0.000 AS Decimal(20, 3)), NULL)
GO
INSERT [dbo].[invoices] ([invoiceId], [invNumber], [agentId], [createUserId], [invType], [discountType], [discountValue], [total], [totalNet], [paid], [deserved], [deservedDate], [invDate], [updateDate], [updateUserId], [invoiceMainId], [invCase], [invTime], [notes], [vendorInvNum], [vendorInvDate], [branchId], [posId], [tax], [taxtype], [name], [isApproved], [shippingCompanyId], [branchCreatorId], [shipUserId], [prevStatus], [userId], [manualDiscountValue], [manualDiscountType], [isActive], [invoiceProfit], [cashReturn], [printedcount], [isOrginal], [waiterId], [shippingCost], [realShippingCost], [reservationId], [orderTime], [shippingCostDiscount], [membershipId]) VALUES (296, N'0003', NULL, 18, N'ssd', N'', CAST(0.000 AS Decimal(20, 3)), CAST(0.000 AS Decimal(20, 3)), CAST(0.000 AS Decimal(20, 3)), CAST(0.000 AS Decimal(20, 3)), CAST(0.000 AS Decimal(20, 3)), NULL, CAST(N'2022-04-17T12:07:33.9552415' AS DateTime2), CAST(N'2022-04-17T12:07:33.9552415' AS DateTime2), 18, NULL, NULL, CAST(N'12:07:33.9552415' AS Time), NULL, NULL, NULL, 2, NULL, CAST(12.500 AS Decimal(20, 3)), 0, NULL, 0, NULL, 2, NULL, NULL, NULL, CAST(0.000 AS Decimal(20, 3)), NULL, 1, CAST(0.000 AS Decimal(20, 3)), CAST(0.000 AS Decimal(20, 3)), 0, 1, NULL, CAST(0.000 AS Decimal(20, 3)), CAST(0.000 AS Decimal(20, 3)), NULL, NULL, CAST(0.000 AS Decimal(20, 3)), NULL)
GO
INSERT [dbo].[invoices] ([invoiceId], [invNumber], [agentId], [createUserId], [invType], [discountType], [discountValue], [total], [totalNet], [paid], [deserved], [deservedDate], [invDate], [updateDate], [updateUserId], [invoiceMainId], [invCase], [invTime], [notes], [vendorInvNum], [vendorInvDate], [branchId], [posId], [tax], [taxtype], [name], [isApproved], [shippingCompanyId], [branchCreatorId], [shipUserId], [prevStatus], [userId], [manualDiscountValue], [manualDiscountType], [isActive], [invoiceProfit], [cashReturn], [printedcount], [isOrginal], [waiterId], [shippingCost], [realShippingCost], [reservationId], [orderTime], [shippingCostDiscount], [membershipId]) VALUES (297, N'0004', NULL, 18, N'ssd', N'', CAST(0.000 AS Decimal(20, 3)), CAST(0.000 AS Decimal(20, 3)), CAST(0.000 AS Decimal(20, 3)), CAST(0.000 AS Decimal(20, 3)), CAST(0.000 AS Decimal(20, 3)), NULL, CAST(N'2022-04-17T12:35:52.4671950' AS DateTime2), CAST(N'2022-04-17T12:40:38.5562638' AS DateTime2), 18, NULL, NULL, CAST(N'12:35:52.4671950' AS Time), NULL, NULL, NULL, 2, NULL, CAST(12.500 AS Decimal(20, 3)), 0, NULL, 0, NULL, 2, NULL, NULL, NULL, CAST(0.000 AS Decimal(20, 3)), NULL, 1, CAST(0.000 AS Decimal(20, 3)), CAST(0.000 AS Decimal(20, 3)), 0, 1, NULL, CAST(0.000 AS Decimal(20, 3)), CAST(0.000 AS Decimal(20, 3)), NULL, NULL, CAST(0.000 AS Decimal(20, 3)), NULL)
GO
INSERT [dbo].[invoices] ([invoiceId], [invNumber], [agentId], [createUserId], [invType], [discountType], [discountValue], [total], [totalNet], [paid], [deserved], [deservedDate], [invDate], [updateDate], [updateUserId], [invoiceMainId], [invCase], [invTime], [notes], [vendorInvNum], [vendorInvDate], [branchId], [posId], [tax], [taxtype], [name], [isApproved], [shippingCompanyId], [branchCreatorId], [shipUserId], [prevStatus], [userId], [manualDiscountValue], [manualDiscountType], [isActive], [invoiceProfit], [cashReturn], [printedcount], [isOrginal], [waiterId], [shippingCost], [realShippingCost], [reservationId], [orderTime], [shippingCostDiscount], [membershipId]) VALUES (298, N'0005', NULL, 18, N'ssd', N'', CAST(0.000 AS Decimal(20, 3)), CAST(0.000 AS Decimal(20, 3)), CAST(0.000 AS Decimal(20, 3)), CAST(0.000 AS Decimal(20, 3)), CAST(0.000 AS Decimal(20, 3)), NULL, CAST(N'2022-04-17T12:46:51.9352766' AS DateTime2), CAST(N'2022-04-17T12:46:51.9352766' AS DateTime2), 18, NULL, NULL, CAST(N'12:46:51.9352766' AS Time), NULL, NULL, NULL, 2, NULL, CAST(12.500 AS Decimal(20, 3)), 0, NULL, 0, NULL, 2, NULL, NULL, NULL, CAST(0.000 AS Decimal(20, 3)), NULL, 1, CAST(0.000 AS Decimal(20, 3)), CAST(0.000 AS Decimal(20, 3)), 0, 1, NULL, CAST(0.000 AS Decimal(20, 3)), CAST(0.000 AS Decimal(20, 3)), NULL, NULL, CAST(0.000 AS Decimal(20, 3)), NULL)
GO
INSERT [dbo].[invoices] ([invoiceId], [invNumber], [agentId], [createUserId], [invType], [discountType], [discountValue], [total], [totalNet], [paid], [deserved], [deservedDate], [invDate], [updateDate], [updateUserId], [invoiceMainId], [invCase], [invTime], [notes], [vendorInvNum], [vendorInvDate], [branchId], [posId], [tax], [taxtype], [name], [isApproved], [shippingCompanyId], [branchCreatorId], [shipUserId], [prevStatus], [userId], [manualDiscountValue], [manualDiscountType], [isActive], [invoiceProfit], [cashReturn], [printedcount], [isOrginal], [waiterId], [shippingCost], [realShippingCost], [reservationId], [orderTime], [shippingCostDiscount], [membershipId]) VALUES (299, N'0006', NULL, 18, N'ssd', N'', CAST(0.000 AS Decimal(20, 3)), CAST(0.000 AS Decimal(20, 3)), CAST(0.000 AS Decimal(20, 3)), CAST(0.000 AS Decimal(20, 3)), CAST(0.000 AS Decimal(20, 3)), NULL, CAST(N'2022-04-17T12:54:23.3714359' AS DateTime2), CAST(N'2022-04-17T12:54:23.3714359' AS DateTime2), 18, NULL, NULL, CAST(N'12:54:23.3714359' AS Time), NULL, NULL, NULL, 2, NULL, CAST(12.500 AS Decimal(20, 3)), 0, NULL, 0, NULL, 2, NULL, NULL, NULL, CAST(0.000 AS Decimal(20, 3)), NULL, 1, CAST(0.000 AS Decimal(20, 3)), CAST(0.000 AS Decimal(20, 3)), 0, 1, NULL, CAST(0.000 AS Decimal(20, 3)), CAST(0.000 AS Decimal(20, 3)), NULL, NULL, CAST(0.000 AS Decimal(20, 3)), NULL)
GO
INSERT [dbo].[invoices] ([invoiceId], [invNumber], [agentId], [createUserId], [invType], [discountType], [discountValue], [total], [totalNet], [paid], [deserved], [deservedDate], [invDate], [updateDate], [updateUserId], [invoiceMainId], [invCase], [invTime], [notes], [vendorInvNum], [vendorInvDate], [branchId], [posId], [tax], [taxtype], [name], [isApproved], [shippingCompanyId], [branchCreatorId], [shipUserId], [prevStatus], [userId], [manualDiscountValue], [manualDiscountType], [isActive], [invoiceProfit], [cashReturn], [printedcount], [isOrginal], [waiterId], [shippingCost], [realShippingCost], [reservationId], [orderTime], [shippingCostDiscount], [membershipId]) VALUES (300, N'0007', NULL, 18, N'ssd', N'', CAST(0.000 AS Decimal(20, 3)), CAST(0.000 AS Decimal(20, 3)), CAST(0.000 AS Decimal(20, 3)), CAST(0.000 AS Decimal(20, 3)), CAST(0.000 AS Decimal(20, 3)), NULL, CAST(N'2022-04-17T12:59:54.4021023' AS DateTime2), CAST(N'2022-04-17T12:59:54.4021023' AS DateTime2), 18, NULL, NULL, CAST(N'12:59:54.4021023' AS Time), NULL, NULL, NULL, 2, NULL, CAST(12.500 AS Decimal(20, 3)), 0, NULL, 0, NULL, 2, NULL, NULL, NULL, CAST(0.000 AS Decimal(20, 3)), NULL, 1, CAST(0.000 AS Decimal(20, 3)), CAST(0.000 AS Decimal(20, 3)), 0, 1, NULL, CAST(0.000 AS Decimal(20, 3)), CAST(0.000 AS Decimal(20, 3)), NULL, NULL, CAST(0.000 AS Decimal(20, 3)), NULL)
GO
INSERT [dbo].[invoices] ([invoiceId], [invNumber], [agentId], [createUserId], [invType], [discountType], [discountValue], [total], [totalNet], [paid], [deserved], [deservedDate], [invDate], [updateDate], [updateUserId], [invoiceMainId], [invCase], [invTime], [notes], [vendorInvNum], [vendorInvDate], [branchId], [posId], [tax], [taxtype], [name], [isApproved], [shippingCompanyId], [branchCreatorId], [shipUserId], [prevStatus], [userId], [manualDiscountValue], [manualDiscountType], [isActive], [invoiceProfit], [cashReturn], [printedcount], [isOrginal], [waiterId], [shippingCost], [realShippingCost], [reservationId], [orderTime], [shippingCostDiscount], [membershipId]) VALUES (301, N'0008', NULL, 18, N'ssd', N'', CAST(0.000 AS Decimal(20, 3)), CAST(0.000 AS Decimal(20, 3)), CAST(0.000 AS Decimal(20, 3)), CAST(0.000 AS Decimal(20, 3)), CAST(0.000 AS Decimal(20, 3)), NULL, CAST(N'2022-04-17T13:04:12.4945685' AS DateTime2), CAST(N'2022-04-17T13:04:12.4945685' AS DateTime2), 18, NULL, NULL, CAST(N'13:04:12.4945685' AS Time), NULL, NULL, NULL, 2, NULL, CAST(12.500 AS Decimal(20, 3)), 0, NULL, 0, NULL, 2, NULL, NULL, NULL, CAST(0.000 AS Decimal(20, 3)), NULL, 1, CAST(0.000 AS Decimal(20, 3)), CAST(0.000 AS Decimal(20, 3)), 0, 1, NULL, CAST(0.000 AS Decimal(20, 3)), CAST(0.000 AS Decimal(20, 3)), NULL, NULL, CAST(0.000 AS Decimal(20, 3)), NULL)
GO
INSERT [dbo].[invoices] ([invoiceId], [invNumber], [agentId], [createUserId], [invType], [discountType], [discountValue], [total], [totalNet], [paid], [deserved], [deservedDate], [invDate], [updateDate], [updateUserId], [invoiceMainId], [invCase], [invTime], [notes], [vendorInvNum], [vendorInvDate], [branchId], [posId], [tax], [taxtype], [name], [isApproved], [shippingCompanyId], [branchCreatorId], [shipUserId], [prevStatus], [userId], [manualDiscountValue], [manualDiscountType], [isActive], [invoiceProfit], [cashReturn], [printedcount], [isOrginal], [waiterId], [shippingCost], [realShippingCost], [reservationId], [orderTime], [shippingCostDiscount], [membershipId]) VALUES (302, N'0009', NULL, 18, N'ssd', N'', CAST(0.000 AS Decimal(20, 3)), CAST(20000.000 AS Decimal(20, 3)), CAST(22500.000 AS Decimal(20, 3)), CAST(0.000 AS Decimal(20, 3)), CAST(22500.000 AS Decimal(20, 3)), NULL, CAST(N'2022-04-17T13:11:02.7728014' AS DateTime2), CAST(N'2022-04-17T13:21:29.7885802' AS DateTime2), 18, NULL, NULL, CAST(N'13:11:02.7728014' AS Time), NULL, NULL, NULL, 2, NULL, CAST(12.500 AS Decimal(20, 3)), 0, NULL, 0, NULL, 2, NULL, NULL, NULL, CAST(0.000 AS Decimal(20, 3)), NULL, 1, CAST(0.000 AS Decimal(20, 3)), CAST(0.000 AS Decimal(20, 3)), 0, 1, NULL, CAST(0.000 AS Decimal(20, 3)), CAST(0.000 AS Decimal(20, 3)), NULL, NULL, CAST(0.000 AS Decimal(20, 3)), NULL)
GO
INSERT [dbo].[invoices] ([invoiceId], [invNumber], [agentId], [createUserId], [invType], [discountType], [discountValue], [total], [totalNet], [paid], [deserved], [deservedDate], [invDate], [updateDate], [updateUserId], [invoiceMainId], [invCase], [invTime], [notes], [vendorInvNum], [vendorInvDate], [branchId], [posId], [tax], [taxtype], [name], [isApproved], [shippingCompanyId], [branchCreatorId], [shipUserId], [prevStatus], [userId], [manualDiscountValue], [manualDiscountType], [isActive], [invoiceProfit], [cashReturn], [printedcount], [isOrginal], [waiterId], [shippingCost], [realShippingCost], [reservationId], [orderTime], [shippingCostDiscount], [membershipId]) VALUES (303, N'0010', NULL, 18, N'ssd', N'', CAST(0.000 AS Decimal(20, 3)), CAST(0.000 AS Decimal(20, 3)), CAST(0.000 AS Decimal(20, 3)), CAST(0.000 AS Decimal(20, 3)), CAST(0.000 AS Decimal(20, 3)), NULL, CAST(N'2022-04-17T13:26:41.1524874' AS DateTime2), CAST(N'2022-04-17T13:26:41.1524874' AS DateTime2), 18, NULL, NULL, CAST(N'13:26:41.1524874' AS Time), NULL, NULL, NULL, 2, NULL, CAST(12.500 AS Decimal(20, 3)), 0, NULL, 0, NULL, 2, NULL, NULL, NULL, CAST(0.000 AS Decimal(20, 3)), NULL, 1, CAST(0.000 AS Decimal(20, 3)), CAST(0.000 AS Decimal(20, 3)), 0, 1, NULL, CAST(0.000 AS Decimal(20, 3)), CAST(0.000 AS Decimal(20, 3)), NULL, NULL, CAST(0.000 AS Decimal(20, 3)), NULL)
GO
INSERT [dbo].[invoices] ([invoiceId], [invNumber], [agentId], [createUserId], [invType], [discountType], [discountValue], [total], [totalNet], [paid], [deserved], [deservedDate], [invDate], [updateDate], [updateUserId], [invoiceMainId], [invCase], [invTime], [notes], [vendorInvNum], [vendorInvDate], [branchId], [posId], [tax], [taxtype], [name], [isApproved], [shippingCompanyId], [branchCreatorId], [shipUserId], [prevStatus], [userId], [manualDiscountValue], [manualDiscountType], [isActive], [invoiceProfit], [cashReturn], [printedcount], [isOrginal], [waiterId], [shippingCost], [realShippingCost], [reservationId], [orderTime], [shippingCostDiscount], [membershipId]) VALUES (304, N'0011', NULL, 18, N'ssd', N'', CAST(0.000 AS Decimal(20, 3)), CAST(0.000 AS Decimal(20, 3)), CAST(0.000 AS Decimal(20, 3)), CAST(0.000 AS Decimal(20, 3)), CAST(0.000 AS Decimal(20, 3)), NULL, CAST(N'2022-04-17T13:32:23.5546096' AS DateTime2), CAST(N'2022-04-17T13:32:23.5546096' AS DateTime2), 18, NULL, NULL, CAST(N'13:32:23.5546096' AS Time), NULL, NULL, NULL, 2, NULL, CAST(12.500 AS Decimal(20, 3)), 0, NULL, 0, NULL, 2, NULL, NULL, NULL, CAST(0.000 AS Decimal(20, 3)), NULL, 1, CAST(0.000 AS Decimal(20, 3)), CAST(0.000 AS Decimal(20, 3)), 0, 1, NULL, CAST(0.000 AS Decimal(20, 3)), CAST(0.000 AS Decimal(20, 3)), NULL, NULL, CAST(0.000 AS Decimal(20, 3)), NULL)
GO
INSERT [dbo].[invoices] ([invoiceId], [invNumber], [agentId], [createUserId], [invType], [discountType], [discountValue], [total], [totalNet], [paid], [deserved], [deservedDate], [invDate], [updateDate], [updateUserId], [invoiceMainId], [invCase], [invTime], [notes], [vendorInvNum], [vendorInvDate], [branchId], [posId], [tax], [taxtype], [name], [isApproved], [shippingCompanyId], [branchCreatorId], [shipUserId], [prevStatus], [userId], [manualDiscountValue], [manualDiscountType], [isActive], [invoiceProfit], [cashReturn], [printedcount], [isOrginal], [waiterId], [shippingCost], [realShippingCost], [reservationId], [orderTime], [shippingCostDiscount], [membershipId]) VALUES (305, N'0012', NULL, 18, N'ssd', N'', CAST(0.000 AS Decimal(20, 3)), CAST(0.000 AS Decimal(20, 3)), CAST(0.000 AS Decimal(20, 3)), CAST(0.000 AS Decimal(20, 3)), CAST(0.000 AS Decimal(20, 3)), NULL, CAST(N'2022-04-17T13:35:09.1027607' AS DateTime2), CAST(N'2022-04-17T13:35:09.1027607' AS DateTime2), 18, NULL, NULL, CAST(N'13:35:09.1027607' AS Time), NULL, NULL, NULL, 2, NULL, CAST(12.500 AS Decimal(20, 3)), 0, NULL, 0, NULL, 2, NULL, NULL, NULL, CAST(0.000 AS Decimal(20, 3)), NULL, 1, CAST(0.000 AS Decimal(20, 3)), CAST(0.000 AS Decimal(20, 3)), 0, 1, NULL, CAST(0.000 AS Decimal(20, 3)), CAST(0.000 AS Decimal(20, 3)), NULL, NULL, CAST(0.000 AS Decimal(20, 3)), NULL)
GO
INSERT [dbo].[invoices] ([invoiceId], [invNumber], [agentId], [createUserId], [invType], [discountType], [discountValue], [total], [totalNet], [paid], [deserved], [deservedDate], [invDate], [updateDate], [updateUserId], [invoiceMainId], [invCase], [invTime], [notes], [vendorInvNum], [vendorInvDate], [branchId], [posId], [tax], [taxtype], [name], [isApproved], [shippingCompanyId], [branchCreatorId], [shipUserId], [prevStatus], [userId], [manualDiscountValue], [manualDiscountType], [isActive], [invoiceProfit], [cashReturn], [printedcount], [isOrginal], [waiterId], [shippingCost], [realShippingCost], [reservationId], [orderTime], [shippingCostDiscount], [membershipId]) VALUES (306, N'sr-Al-FK-B-000001', NULL, 17, N'sr', NULL, CAST(0.000 AS Decimal(20, 3)), CAST(0.000 AS Decimal(20, 3)), CAST(0.000 AS Decimal(20, 3)), CAST(0.000 AS Decimal(20, 3)), CAST(0.000 AS Decimal(20, 3)), NULL, CAST(N'2022-04-17T13:41:34.3880275' AS DateTime2), CAST(N'2022-04-17T13:47:03.5168470' AS DateTime2), 17, NULL, NULL, CAST(N'13:41:34.3880275' AS Time), NULL, NULL, NULL, 10, NULL, CAST(0.000 AS Decimal(20, 3)), 0, NULL, 0, NULL, 10, NULL, NULL, NULL, CAST(0.000 AS Decimal(20, 3)), NULL, 1, CAST(0.000 AS Decimal(20, 3)), CAST(0.000 AS Decimal(20, 3)), 0, 1, NULL, CAST(0.000 AS Decimal(20, 3)), CAST(0.000 AS Decimal(20, 3)), NULL, NULL, CAST(0.000 AS Decimal(20, 3)), NULL)
GO
INSERT [dbo].[invoices] ([invoiceId], [invNumber], [agentId], [createUserId], [invType], [discountType], [discountValue], [total], [totalNet], [paid], [deserved], [deservedDate], [invDate], [updateDate], [updateUserId], [invoiceMainId], [invCase], [invTime], [notes], [vendorInvNum], [vendorInvDate], [branchId], [posId], [tax], [taxtype], [name], [isApproved], [shippingCompanyId], [branchCreatorId], [shipUserId], [prevStatus], [userId], [manualDiscountValue], [manualDiscountType], [isActive], [invoiceProfit], [cashReturn], [printedcount], [isOrginal], [waiterId], [shippingCost], [realShippingCost], [reservationId], [orderTime], [shippingCostDiscount], [membershipId]) VALUES (307, N'sr-Al-FK-B-000002', NULL, 17, N'sr', NULL, CAST(0.000 AS Decimal(20, 3)), CAST(0.000 AS Decimal(20, 3)), CAST(0.000 AS Decimal(20, 3)), CAST(0.000 AS Decimal(20, 3)), CAST(0.000 AS Decimal(20, 3)), NULL, CAST(N'2022-04-17T13:42:20.0968391' AS DateTime2), CAST(N'2022-04-17T13:47:18.2564453' AS DateTime2), 17, NULL, NULL, CAST(N'13:42:20.0968391' AS Time), NULL, NULL, NULL, 10, NULL, CAST(0.000 AS Decimal(20, 3)), 0, NULL, 0, NULL, 10, NULL, NULL, NULL, CAST(0.000 AS Decimal(20, 3)), NULL, 1, CAST(0.000 AS Decimal(20, 3)), CAST(0.000 AS Decimal(20, 3)), 0, 1, NULL, CAST(0.000 AS Decimal(20, 3)), CAST(0.000 AS Decimal(20, 3)), NULL, NULL, CAST(0.000 AS Decimal(20, 3)), NULL)
GO
INSERT [dbo].[invoices] ([invoiceId], [invNumber], [agentId], [createUserId], [invType], [discountType], [discountValue], [total], [totalNet], [paid], [deserved], [deservedDate], [invDate], [updateDate], [updateUserId], [invoiceMainId], [invCase], [invTime], [notes], [vendorInvNum], [vendorInvDate], [branchId], [posId], [tax], [taxtype], [name], [isApproved], [shippingCompanyId], [branchCreatorId], [shipUserId], [prevStatus], [userId], [manualDiscountValue], [manualDiscountType], [isActive], [invoiceProfit], [cashReturn], [printedcount], [isOrginal], [waiterId], [shippingCost], [realShippingCost], [reservationId], [orderTime], [shippingCostDiscount], [membershipId]) VALUES (308, N'pi-Al-FK-B-000001', NULL, 17, N'p', N'-1', CAST(0.000 AS Decimal(20, 3)), CAST(6400.000 AS Decimal(20, 3)), CAST(6400.000 AS Decimal(20, 3)), CAST(6400.000 AS Decimal(20, 3)), CAST(0.000 AS Decimal(20, 3)), NULL, CAST(N'2022-04-17T13:46:37.3258610' AS DateTime2), CAST(N'2022-04-17T13:46:38.2444069' AS DateTime2), 17, NULL, NULL, CAST(N'13:46:37.3258610' AS Time), N'', N'', NULL, 10, 6, CAST(0.000 AS Decimal(20, 3)), 2, NULL, 0, NULL, 10, NULL, NULL, NULL, CAST(0.000 AS Decimal(20, 3)), NULL, 1, CAST(0.000 AS Decimal(20, 3)), CAST(0.000 AS Decimal(20, 3)), 0, 1, NULL, CAST(0.000 AS Decimal(20, 3)), CAST(0.000 AS Decimal(20, 3)), NULL, NULL, CAST(0.000 AS Decimal(20, 3)), NULL)
GO
INSERT [dbo].[invoices] ([invoiceId], [invNumber], [agentId], [createUserId], [invType], [discountType], [discountValue], [total], [totalNet], [paid], [deserved], [deservedDate], [invDate], [updateDate], [updateUserId], [invoiceMainId], [invCase], [invTime], [notes], [vendorInvNum], [vendorInvDate], [branchId], [posId], [tax], [taxtype], [name], [isApproved], [shippingCompanyId], [branchCreatorId], [shipUserId], [prevStatus], [userId], [manualDiscountValue], [manualDiscountType], [isActive], [invoiceProfit], [cashReturn], [printedcount], [isOrginal], [waiterId], [shippingCost], [realShippingCost], [reservationId], [orderTime], [shippingCostDiscount], [membershipId]) VALUES (309, N'sr-Al-FK-B-000003', NULL, 17, N'sr', NULL, CAST(0.000 AS Decimal(20, 3)), CAST(0.000 AS Decimal(20, 3)), CAST(0.000 AS Decimal(20, 3)), CAST(0.000 AS Decimal(20, 3)), CAST(0.000 AS Decimal(20, 3)), NULL, CAST(N'2022-04-17T13:55:28.5930565' AS DateTime2), CAST(N'2022-04-17T13:57:00.0638430' AS DateTime2), 17, NULL, NULL, CAST(N'13:55:28.5930565' AS Time), NULL, NULL, NULL, 10, NULL, CAST(0.000 AS Decimal(20, 3)), 0, NULL, 0, NULL, 10, NULL, NULL, NULL, CAST(0.000 AS Decimal(20, 3)), NULL, 1, CAST(0.000 AS Decimal(20, 3)), CAST(0.000 AS Decimal(20, 3)), 0, 1, NULL, CAST(0.000 AS Decimal(20, 3)), CAST(0.000 AS Decimal(20, 3)), NULL, NULL, CAST(0.000 AS Decimal(20, 3)), NULL)
GO
INSERT [dbo].[invoices] ([invoiceId], [invNumber], [agentId], [createUserId], [invType], [discountType], [discountValue], [total], [totalNet], [paid], [deserved], [deservedDate], [invDate], [updateDate], [updateUserId], [invoiceMainId], [invCase], [invTime], [notes], [vendorInvNum], [vendorInvDate], [branchId], [posId], [tax], [taxtype], [name], [isApproved], [shippingCompanyId], [branchCreatorId], [shipUserId], [prevStatus], [userId], [manualDiscountValue], [manualDiscountType], [isActive], [invoiceProfit], [cashReturn], [printedcount], [isOrginal], [waiterId], [shippingCost], [realShippingCost], [reservationId], [orderTime], [shippingCostDiscount], [membershipId]) VALUES (310, N'pi-Al-FK-B-000002', NULL, 17, N'p', N'-1', CAST(0.000 AS Decimal(20, 3)), CAST(1500.000 AS Decimal(20, 3)), CAST(1500.000 AS Decimal(20, 3)), CAST(1500.000 AS Decimal(20, 3)), CAST(0.000 AS Decimal(20, 3)), NULL, CAST(N'2022-04-17T13:56:35.8122775' AS DateTime2), CAST(N'2022-04-17T13:56:36.4574417' AS DateTime2), 17, NULL, NULL, CAST(N'13:56:35.8122775' AS Time), N'', N'', NULL, 10, 6, CAST(0.000 AS Decimal(20, 3)), 2, NULL, 0, NULL, 10, NULL, NULL, NULL, CAST(0.000 AS Decimal(20, 3)), NULL, 1, CAST(0.000 AS Decimal(20, 3)), CAST(0.000 AS Decimal(20, 3)), 0, 1, NULL, CAST(0.000 AS Decimal(20, 3)), CAST(0.000 AS Decimal(20, 3)), NULL, NULL, CAST(0.000 AS Decimal(20, 3)), NULL)
GO
INSERT [dbo].[invoices] ([invoiceId], [invNumber], [agentId], [createUserId], [invType], [discountType], [discountValue], [total], [totalNet], [paid], [deserved], [deservedDate], [invDate], [updateDate], [updateUserId], [invoiceMainId], [invCase], [invTime], [notes], [vendorInvNum], [vendorInvDate], [branchId], [posId], [tax], [taxtype], [name], [isApproved], [shippingCompanyId], [branchCreatorId], [shipUserId], [prevStatus], [userId], [manualDiscountValue], [manualDiscountType], [isActive], [invoiceProfit], [cashReturn], [printedcount], [isOrginal], [waiterId], [shippingCost], [realShippingCost], [reservationId], [orderTime], [shippingCostDiscount], [membershipId]) VALUES (311, N'sr-Al-FK-B-000004', NULL, 17, N'sr', NULL, CAST(0.000 AS Decimal(20, 3)), CAST(0.000 AS Decimal(20, 3)), CAST(0.000 AS Decimal(20, 3)), CAST(0.000 AS Decimal(20, 3)), CAST(0.000 AS Decimal(20, 3)), NULL, CAST(N'2022-04-17T13:59:31.4632085' AS DateTime2), CAST(N'2022-04-17T14:00:12.6445363' AS DateTime2), 17, NULL, NULL, CAST(N'13:59:31.4632085' AS Time), NULL, NULL, NULL, 10, NULL, CAST(0.000 AS Decimal(20, 3)), 0, NULL, 0, NULL, 10, NULL, NULL, NULL, CAST(0.000 AS Decimal(20, 3)), NULL, 1, CAST(0.000 AS Decimal(20, 3)), CAST(0.000 AS Decimal(20, 3)), 0, 1, NULL, CAST(0.000 AS Decimal(20, 3)), CAST(0.000 AS Decimal(20, 3)), NULL, NULL, CAST(0.000 AS Decimal(20, 3)), NULL)
GO
INSERT [dbo].[invoices] ([invoiceId], [invNumber], [agentId], [createUserId], [invType], [discountType], [discountValue], [total], [totalNet], [paid], [deserved], [deservedDate], [invDate], [updateDate], [updateUserId], [invoiceMainId], [invCase], [invTime], [notes], [vendorInvNum], [vendorInvDate], [branchId], [posId], [tax], [taxtype], [name], [isApproved], [shippingCompanyId], [branchCreatorId], [shipUserId], [prevStatus], [userId], [manualDiscountValue], [manualDiscountType], [isActive], [invoiceProfit], [cashReturn], [printedcount], [isOrginal], [waiterId], [shippingCost], [realShippingCost], [reservationId], [orderTime], [shippingCostDiscount], [membershipId]) VALUES (312, N'sr-Al-FK-B-000005', NULL, 17, N'sr', NULL, CAST(0.000 AS Decimal(20, 3)), CAST(0.000 AS Decimal(20, 3)), CAST(0.000 AS Decimal(20, 3)), CAST(0.000 AS Decimal(20, 3)), CAST(0.000 AS Decimal(20, 3)), NULL, CAST(N'2022-04-17T14:01:00.7403381' AS DateTime2), CAST(N'2022-04-17T14:01:20.8107914' AS DateTime2), 17, NULL, NULL, CAST(N'14:01:00.7403381' AS Time), NULL, NULL, NULL, 10, NULL, CAST(0.000 AS Decimal(20, 3)), 0, NULL, 0, NULL, 10, NULL, NULL, NULL, CAST(0.000 AS Decimal(20, 3)), NULL, 1, CAST(0.000 AS Decimal(20, 3)), CAST(0.000 AS Decimal(20, 3)), 0, 1, NULL, CAST(0.000 AS Decimal(20, 3)), CAST(0.000 AS Decimal(20, 3)), NULL, NULL, CAST(0.000 AS Decimal(20, 3)), NULL)
GO
INSERT [dbo].[invoices] ([invoiceId], [invNumber], [agentId], [createUserId], [invType], [discountType], [discountValue], [total], [totalNet], [paid], [deserved], [deservedDate], [invDate], [updateDate], [updateUserId], [invoiceMainId], [invCase], [invTime], [notes], [vendorInvNum], [vendorInvDate], [branchId], [posId], [tax], [taxtype], [name], [isApproved], [shippingCompanyId], [branchCreatorId], [shipUserId], [prevStatus], [userId], [manualDiscountValue], [manualDiscountType], [isActive], [invoiceProfit], [cashReturn], [printedcount], [isOrginal], [waiterId], [shippingCost], [realShippingCost], [reservationId], [orderTime], [shippingCostDiscount], [membershipId]) VALUES (313, N'0013', 19, 2, N'tsd', N'', CAST(0.000 AS Decimal(20, 3)), CAST(50000.000 AS Decimal(20, 3)), CAST(57000.000 AS Decimal(20, 3)), CAST(0.000 AS Decimal(20, 3)), CAST(57000.000 AS Decimal(20, 3)), NULL, CAST(N'2022-04-17T14:55:12.1388930' AS DateTime2), CAST(N'2022-04-17T14:55:33.1681687' AS DateTime2), 2, NULL, NULL, CAST(N'14:55:12.1388930' AS Time), NULL, NULL, NULL, 2, NULL, CAST(12.500 AS Decimal(20, 3)), 0, NULL, 0, 3, 2, 22, NULL, NULL, CAST(0.000 AS Decimal(20, 3)), NULL, 1, CAST(0.000 AS Decimal(20, 3)), CAST(0.000 AS Decimal(20, 3)), 0, 1, NULL, CAST(1500.000 AS Decimal(20, 3)), CAST(1000.000 AS Decimal(20, 3)), NULL, NULL, CAST(50.000 AS Decimal(20, 3)), NULL)
GO
INSERT [dbo].[invoices] ([invoiceId], [invNumber], [agentId], [createUserId], [invType], [discountType], [discountValue], [total], [totalNet], [paid], [deserved], [deservedDate], [invDate], [updateDate], [updateUserId], [invoiceMainId], [invCase], [invTime], [notes], [vendorInvNum], [vendorInvDate], [branchId], [posId], [tax], [taxtype], [name], [isApproved], [shippingCompanyId], [branchCreatorId], [shipUserId], [prevStatus], [userId], [manualDiscountValue], [manualDiscountType], [isActive], [invoiceProfit], [cashReturn], [printedcount], [isOrginal], [waiterId], [shippingCost], [realShippingCost], [reservationId], [orderTime], [shippingCostDiscount], [membershipId]) VALUES (314, N'0014', 18, 2, N'ts', N'', CAST(0.000 AS Decimal(20, 3)), CAST(5000.000 AS Decimal(20, 3)), CAST(5625.000 AS Decimal(20, 3)), CAST(5625.000 AS Decimal(20, 3)), CAST(0.000 AS Decimal(20, 3)), NULL, CAST(N'2022-04-17T14:55:52.9310155' AS DateTime2), CAST(N'2022-04-17T14:57:14.5435476' AS DateTime2), 2, NULL, NULL, CAST(N'14:55:52.9310155' AS Time), NULL, NULL, NULL, 2, NULL, CAST(12.500 AS Decimal(20, 3)), 0, NULL, 0, 4, 2, NULL, NULL, NULL, CAST(0.000 AS Decimal(20, 3)), NULL, 1, CAST(0.000 AS Decimal(20, 3)), CAST(0.000 AS Decimal(20, 3)), 0, 1, NULL, CAST(1500.000 AS Decimal(20, 3)), CAST(1000.000 AS Decimal(20, 3)), NULL, CAST(N'2022-04-17T09:00:00.0000000' AS DateTime2), CAST(100.000 AS Decimal(20, 3)), NULL)
GO
INSERT [dbo].[invoices] ([invoiceId], [invNumber], [agentId], [createUserId], [invType], [discountType], [discountValue], [total], [totalNet], [paid], [deserved], [deservedDate], [invDate], [updateDate], [updateUserId], [invoiceMainId], [invCase], [invTime], [notes], [vendorInvNum], [vendorInvDate], [branchId], [posId], [tax], [taxtype], [name], [isApproved], [shippingCompanyId], [branchCreatorId], [shipUserId], [prevStatus], [userId], [manualDiscountValue], [manualDiscountType], [isActive], [invoiceProfit], [cashReturn], [printedcount], [isOrginal], [waiterId], [shippingCost], [realShippingCost], [reservationId], [orderTime], [shippingCostDiscount], [membershipId]) VALUES (315, N'0015', NULL, 18, N'ssd', N'', CAST(0.000 AS Decimal(20, 3)), CAST(0.000 AS Decimal(20, 3)), CAST(0.000 AS Decimal(20, 3)), CAST(0.000 AS Decimal(20, 3)), CAST(0.000 AS Decimal(20, 3)), NULL, CAST(N'2022-04-17T15:39:03.6858486' AS DateTime2), CAST(N'2022-04-17T15:39:03.6858486' AS DateTime2), 18, NULL, NULL, CAST(N'15:39:03.6858486' AS Time), NULL, NULL, NULL, 2, NULL, CAST(0.000 AS Decimal(20, 3)), 0, NULL, 0, NULL, 2, NULL, NULL, NULL, CAST(0.000 AS Decimal(20, 3)), NULL, 1, CAST(0.000 AS Decimal(20, 3)), CAST(0.000 AS Decimal(20, 3)), 0, 1, NULL, CAST(0.000 AS Decimal(20, 3)), CAST(0.000 AS Decimal(20, 3)), NULL, NULL, CAST(0.000 AS Decimal(20, 3)), NULL)
GO
INSERT [dbo].[invoices] ([invoiceId], [invNumber], [agentId], [createUserId], [invType], [discountType], [discountValue], [total], [totalNet], [paid], [deserved], [deservedDate], [invDate], [updateDate], [updateUserId], [invoiceMainId], [invCase], [invTime], [notes], [vendorInvNum], [vendorInvDate], [branchId], [posId], [tax], [taxtype], [name], [isApproved], [shippingCompanyId], [branchCreatorId], [shipUserId], [prevStatus], [userId], [manualDiscountValue], [manualDiscountType], [isActive], [invoiceProfit], [cashReturn], [printedcount], [isOrginal], [waiterId], [shippingCost], [realShippingCost], [reservationId], [orderTime], [shippingCostDiscount], [membershipId]) VALUES (316, N'0016', NULL, 18, N'ssd', N'', CAST(0.000 AS Decimal(20, 3)), CAST(0.000 AS Decimal(20, 3)), CAST(0.000 AS Decimal(20, 3)), CAST(0.000 AS Decimal(20, 3)), CAST(0.000 AS Decimal(20, 3)), NULL, CAST(N'2022-04-17T15:51:58.9649072' AS DateTime2), CAST(N'2022-04-17T15:51:58.9649072' AS DateTime2), 18, NULL, NULL, CAST(N'15:51:58.9649072' AS Time), NULL, NULL, NULL, 2, NULL, CAST(0.000 AS Decimal(20, 3)), 0, NULL, 0, NULL, 2, NULL, NULL, NULL, CAST(0.000 AS Decimal(20, 3)), NULL, 1, CAST(0.000 AS Decimal(20, 3)), CAST(0.000 AS Decimal(20, 3)), 0, 1, NULL, CAST(0.000 AS Decimal(20, 3)), CAST(0.000 AS Decimal(20, 3)), NULL, NULL, CAST(0.000 AS Decimal(20, 3)), NULL)
GO
SET IDENTITY_INSERT [dbo].[invoices] OFF
GO
SET IDENTITY_INSERT [dbo].[invoicesClass] ON 
GO
INSERT [dbo].[invoicesClass] ([invClassId], [minInvoiceValue], [maxInvoiceValue], [discountValue], [discountType], [createDate], [updateDate], [updateUserId], [createUserId], [notes], [isActive], [name]) VALUES (3, CAST(0.000 AS Decimal(20, 3)), CAST(9999.000 AS Decimal(20, 3)), CAST(1.000 AS Decimal(20, 3)), 2, CAST(N'2022-03-10T15:04:25.0157729' AS DateTime2), CAST(N'2022-03-10T15:14:49.7450198' AS DateTime2), 18, 18, N'notes', 1, N'  -  ')
GO
INSERT [dbo].[invoicesClass] ([invClassId], [minInvoiceValue], [maxInvoiceValue], [discountValue], [discountType], [createDate], [updateDate], [updateUserId], [createUserId], [notes], [isActive], [name]) VALUES (4, CAST(0.000 AS Decimal(20, 3)), CAST(9999.000 AS Decimal(20, 3)), CAST(2.000 AS Decimal(20, 3)), 2, CAST(N'2022-03-10T15:06:13.5943975' AS DateTime2), CAST(N'2022-03-10T15:14:43.7779800' AS DateTime2), 18, 18, N'notes2', 1, N'  -  ')
GO
INSERT [dbo].[invoicesClass] ([invClassId], [minInvoiceValue], [maxInvoiceValue], [discountValue], [discountType], [createDate], [updateDate], [updateUserId], [createUserId], [notes], [isActive], [name]) VALUES (5, CAST(0.000 AS Decimal(20, 3)), CAST(9999.000 AS Decimal(20, 3)), CAST(3.000 AS Decimal(20, 3)), 2, CAST(N'2022-03-10T15:07:34.0522204' AS DateTime2), CAST(N'2022-03-10T15:15:07.7837778' AS DateTime2), 18, 18, N'notes3', 1, N'  -  ')
GO
INSERT [dbo].[invoicesClass] ([invClassId], [minInvoiceValue], [maxInvoiceValue], [discountValue], [discountType], [createDate], [updateDate], [updateUserId], [createUserId], [notes], [isActive], [name]) VALUES (6, CAST(10000.000 AS Decimal(20, 3)), CAST(20000.000 AS Decimal(20, 3)), CAST(2.000 AS Decimal(20, 3)), 2, CAST(N'2022-03-10T15:07:39.3281135' AS DateTime2), CAST(N'2022-03-10T15:13:31.3117794' AS DateTime2), 18, 18, N'notes4', 1, N' -  ')
GO
INSERT [dbo].[invoicesClass] ([invClassId], [minInvoiceValue], [maxInvoiceValue], [discountValue], [discountType], [createDate], [updateDate], [updateUserId], [createUserId], [notes], [isActive], [name]) VALUES (7, CAST(10000.000 AS Decimal(20, 3)), CAST(20000.000 AS Decimal(20, 3)), CAST(1.000 AS Decimal(20, 3)), 2, CAST(N'2022-03-10T15:14:05.2111189' AS DateTime2), CAST(N'2022-03-10T15:14:05.2111189' AS DateTime2), 18, 18, N'notes4', 1, N' -  ')
GO
INSERT [dbo].[invoicesClass] ([invClassId], [minInvoiceValue], [maxInvoiceValue], [discountValue], [discountType], [createDate], [updateDate], [updateUserId], [createUserId], [notes], [isActive], [name]) VALUES (8, CAST(10000.000 AS Decimal(20, 3)), CAST(20000.000 AS Decimal(20, 3)), CAST(3.000 AS Decimal(20, 3)), 2, CAST(N'2022-03-10T15:15:30.6526179' AS DateTime2), CAST(N'2022-03-10T15:15:30.6526179' AS DateTime2), 18, 18, N'notes4', 1, N' -  ')
GO
INSERT [dbo].[invoicesClass] ([invClassId], [minInvoiceValue], [maxInvoiceValue], [discountValue], [discountType], [createDate], [updateDate], [updateUserId], [createUserId], [notes], [isActive], [name]) VALUES (9, CAST(10000.000 AS Decimal(20, 3)), CAST(20000.000 AS Decimal(20, 3)), CAST(5.000 AS Decimal(20, 3)), 2, CAST(N'2022-03-10T15:15:43.1152904' AS DateTime2), CAST(N'2022-03-10T15:15:48.7033451' AS DateTime2), 18, 18, N'notes5', 1, N' -  ')
GO
SET IDENTITY_INSERT [dbo].[invoicesClass] OFF
GO
SET IDENTITY_INSERT [dbo].[invoicesClassMemberships] ON 
GO
INSERT [dbo].[invoicesClassMemberships] ([invClassMemberId], [membershipId], [invClassId], [notes], [createDate], [updateDate], [createUserId], [updateUserId]) VALUES (15, 11, 4, N'', CAST(N'2022-03-15T18:02:17.7827243' AS DateTime2), CAST(N'2022-03-15T18:02:17.7827243' AS DateTime2), 18, 18)
GO
INSERT [dbo].[invoicesClassMemberships] ([invClassMemberId], [membershipId], [invClassId], [notes], [createDate], [updateDate], [createUserId], [updateUserId]) VALUES (16, 11, 8, N'', CAST(N'2022-03-15T18:02:17.7916990' AS DateTime2), CAST(N'2022-03-15T18:02:17.7916990' AS DateTime2), 18, 18)
GO
INSERT [dbo].[invoicesClassMemberships] ([invClassMemberId], [membershipId], [invClassId], [notes], [createDate], [updateDate], [createUserId], [updateUserId]) VALUES (17, 12, 4, N'', CAST(N'2022-03-15T18:02:47.1661400' AS DateTime2), CAST(N'2022-03-15T18:02:47.1661400' AS DateTime2), 18, 18)
GO
INSERT [dbo].[invoicesClassMemberships] ([invClassMemberId], [membershipId], [invClassId], [notes], [createDate], [updateDate], [createUserId], [updateUserId]) VALUES (18, 12, 7, N'', CAST(N'2022-03-15T18:02:47.1691296' AS DateTime2), CAST(N'2022-03-15T18:02:47.1691296' AS DateTime2), 18, 18)
GO
INSERT [dbo].[invoicesClassMemberships] ([invClassMemberId], [membershipId], [invClassId], [notes], [createDate], [updateDate], [createUserId], [updateUserId]) VALUES (19, 13, 3, N'', CAST(N'2022-03-15T18:02:56.3685279' AS DateTime2), CAST(N'2022-03-15T18:02:56.3685279' AS DateTime2), 18, 18)
GO
INSERT [dbo].[invoicesClassMemberships] ([invClassMemberId], [membershipId], [invClassId], [notes], [createDate], [updateDate], [createUserId], [updateUserId]) VALUES (20, 13, 7, N'', CAST(N'2022-03-15T18:02:56.3705222' AS DateTime2), CAST(N'2022-03-15T18:02:56.3705222' AS DateTime2), 18, 18)
GO
INSERT [dbo].[invoicesClassMemberships] ([invClassMemberId], [membershipId], [invClassId], [notes], [createDate], [updateDate], [createUserId], [updateUserId]) VALUES (21, 14, 3, N'', CAST(N'2022-03-15T18:03:01.4329877' AS DateTime2), CAST(N'2022-03-15T18:03:01.4329877' AS DateTime2), 18, 18)
GO
INSERT [dbo].[invoicesClassMemberships] ([invClassMemberId], [membershipId], [invClassId], [notes], [createDate], [updateDate], [createUserId], [updateUserId]) VALUES (22, 14, 4, N'', CAST(N'2022-03-15T18:03:01.4359751' AS DateTime2), CAST(N'2022-03-15T18:03:01.4359751' AS DateTime2), 18, 18)
GO
INSERT [dbo].[invoicesClassMemberships] ([invClassMemberId], [membershipId], [invClassId], [notes], [createDate], [updateDate], [createUserId], [updateUserId]) VALUES (23, 14, 5, N'', CAST(N'2022-03-15T18:03:01.4379707' AS DateTime2), CAST(N'2022-03-15T18:03:01.4379707' AS DateTime2), 18, 18)
GO
INSERT [dbo].[invoicesClassMemberships] ([invClassMemberId], [membershipId], [invClassId], [notes], [createDate], [updateDate], [createUserId], [updateUserId]) VALUES (24, 14, 6, N'', CAST(N'2022-03-15T18:03:01.4409622' AS DateTime2), CAST(N'2022-03-15T18:03:01.4409622' AS DateTime2), 18, 18)
GO
INSERT [dbo].[invoicesClassMemberships] ([invClassMemberId], [membershipId], [invClassId], [notes], [createDate], [updateDate], [createUserId], [updateUserId]) VALUES (25, 14, 7, N'', CAST(N'2022-03-15T18:03:01.4429577' AS DateTime2), CAST(N'2022-03-15T18:03:01.4429577' AS DateTime2), 18, 18)
GO
INSERT [dbo].[invoicesClassMemberships] ([invClassMemberId], [membershipId], [invClassId], [notes], [createDate], [updateDate], [createUserId], [updateUserId]) VALUES (26, 14, 8, N'', CAST(N'2022-03-15T18:03:01.4449510' AS DateTime2), CAST(N'2022-03-15T18:03:01.4449510' AS DateTime2), 18, 18)
GO
INSERT [dbo].[invoicesClassMemberships] ([invClassMemberId], [membershipId], [invClassId], [notes], [createDate], [updateDate], [createUserId], [updateUserId]) VALUES (27, 14, 9, N'', CAST(N'2022-03-15T18:03:01.4479494' AS DateTime2), CAST(N'2022-03-15T18:03:01.4479494' AS DateTime2), 18, 18)
GO
INSERT [dbo].[invoicesClassMemberships] ([invClassMemberId], [membershipId], [invClassId], [notes], [createDate], [updateDate], [createUserId], [updateUserId]) VALUES (31, 10, 3, N'', CAST(N'2022-03-23T13:55:10.4723385' AS DateTime2), CAST(N'2022-03-23T13:55:10.4723385' AS DateTime2), 17, 17)
GO
SET IDENTITY_INSERT [dbo].[invoicesClassMemberships] OFF
GO
SET IDENTITY_INSERT [dbo].[invoiceTables] ON 
GO
INSERT [dbo].[invoiceTables] ([invTableId], [invoiceId], [tableId], [isActive], [createDate], [updateDate], [createUserId], [updateUserId]) VALUES (47, 277, 22, 1, CAST(N'2022-04-16T13:38:49.0883925' AS DateTime2), CAST(N'2022-04-16T13:38:49.0883925' AS DateTime2), 2, 2)
GO
INSERT [dbo].[invoiceTables] ([invTableId], [invoiceId], [tableId], [isActive], [createDate], [updateDate], [createUserId], [updateUserId]) VALUES (48, 284, 22, 1, CAST(N'2022-04-16T17:02:28.5448275' AS DateTime2), CAST(N'2022-04-16T17:02:28.5448275' AS DateTime2), 2, 2)
GO
INSERT [dbo].[invoiceTables] ([invTableId], [invoiceId], [tableId], [isActive], [createDate], [updateDate], [createUserId], [updateUserId]) VALUES (49, 285, 21, 1, CAST(N'2022-04-16T17:02:50.0090351' AS DateTime2), CAST(N'2022-04-16T17:02:50.0090351' AS DateTime2), 2, 2)
GO
INSERT [dbo].[invoiceTables] ([invTableId], [invoiceId], [tableId], [isActive], [createDate], [updateDate], [createUserId], [updateUserId]) VALUES (50, 286, 20, 1, CAST(N'2022-04-16T17:03:59.9299888' AS DateTime2), CAST(N'2022-04-16T17:03:59.9299888' AS DateTime2), 2, 2)
GO
INSERT [dbo].[invoiceTables] ([invTableId], [invoiceId], [tableId], [isActive], [createDate], [updateDate], [createUserId], [updateUserId]) VALUES (51, 287, 24, 1, CAST(N'2022-04-16T17:06:32.3974541' AS DateTime2), CAST(N'2022-04-16T17:06:32.3974541' AS DateTime2), 2, 2)
GO
SET IDENTITY_INSERT [dbo].[invoiceTables] OFF
GO
SET IDENTITY_INSERT [dbo].[itemOrderPreparing] ON 
GO
INSERT [dbo].[itemOrderPreparing] ([itemOrderId], [itemUnitId], [orderPreparingId], [quantity], [notes], [createDate], [updateDate], [createUserId], [updateUserId]) VALUES (128, 24, 113, 2, NULL, CAST(N'2022-04-16T12:25:49.3889805' AS DateTime2), CAST(N'2022-04-16T12:25:49.3889805' AS DateTime2), 17, 17)
GO
INSERT [dbo].[itemOrderPreparing] ([itemOrderId], [itemUnitId], [orderPreparingId], [quantity], [notes], [createDate], [updateDate], [createUserId], [updateUserId]) VALUES (129, 27, 114, 1, NULL, CAST(N'2022-04-16T12:25:49.4179032' AS DateTime2), CAST(N'2022-04-16T12:25:49.4179032' AS DateTime2), 17, 17)
GO
INSERT [dbo].[itemOrderPreparing] ([itemOrderId], [itemUnitId], [orderPreparingId], [quantity], [notes], [createDate], [updateDate], [createUserId], [updateUserId]) VALUES (130, 16, 115, 7, NULL, CAST(N'2022-04-16T12:25:49.4278770' AS DateTime2), CAST(N'2022-04-16T12:25:49.4278770' AS DateTime2), 17, 17)
GO
INSERT [dbo].[itemOrderPreparing] ([itemOrderId], [itemUnitId], [orderPreparingId], [quantity], [notes], [createDate], [updateDate], [createUserId], [updateUserId]) VALUES (131, 26, 116, 2, NULL, CAST(N'2022-04-16T12:31:50.0138338' AS DateTime2), CAST(N'2022-04-16T12:31:50.0138338' AS DateTime2), 17, 17)
GO
INSERT [dbo].[itemOrderPreparing] ([itemOrderId], [itemUnitId], [orderPreparingId], [quantity], [notes], [createDate], [updateDate], [createUserId], [updateUserId]) VALUES (132, 16, 117, 6, NULL, CAST(N'2022-04-16T12:31:50.0457492' AS DateTime2), CAST(N'2022-04-16T12:31:50.0457492' AS DateTime2), 17, 17)
GO
INSERT [dbo].[itemOrderPreparing] ([itemOrderId], [itemUnitId], [orderPreparingId], [quantity], [notes], [createDate], [updateDate], [createUserId], [updateUserId]) VALUES (133, 15, 118, 2, NULL, CAST(N'2022-04-16T12:33:16.7459783' AS DateTime2), CAST(N'2022-04-16T12:33:16.7459783' AS DateTime2), 17, 17)
GO
INSERT [dbo].[itemOrderPreparing] ([itemOrderId], [itemUnitId], [orderPreparingId], [quantity], [notes], [createDate], [updateDate], [createUserId], [updateUserId]) VALUES (134, 11, 119, 3, NULL, CAST(N'2022-04-16T12:33:16.7619364' AS DateTime2), CAST(N'2022-04-16T12:33:16.7619364' AS DateTime2), 17, 17)
GO
INSERT [dbo].[itemOrderPreparing] ([itemOrderId], [itemUnitId], [orderPreparingId], [quantity], [notes], [createDate], [updateDate], [createUserId], [updateUserId]) VALUES (135, 8, 120, 4, NULL, CAST(N'2022-04-16T12:33:16.7729063' AS DateTime2), CAST(N'2022-04-16T12:33:16.7729063' AS DateTime2), 17, 17)
GO
INSERT [dbo].[itemOrderPreparing] ([itemOrderId], [itemUnitId], [orderPreparingId], [quantity], [notes], [createDate], [updateDate], [createUserId], [updateUserId]) VALUES (136, 25, 121, 1, NULL, CAST(N'2022-04-16T12:34:19.0953849' AS DateTime2), CAST(N'2022-04-16T12:34:19.0953849' AS DateTime2), 17, 17)
GO
INSERT [dbo].[itemOrderPreparing] ([itemOrderId], [itemUnitId], [orderPreparingId], [quantity], [notes], [createDate], [updateDate], [createUserId], [updateUserId]) VALUES (137, 8, 122, 1, NULL, CAST(N'2022-04-16T16:39:06.0532582' AS DateTime2), CAST(N'2022-04-16T16:39:06.0532582' AS DateTime2), 2, 2)
GO
INSERT [dbo].[itemOrderPreparing] ([itemOrderId], [itemUnitId], [orderPreparingId], [quantity], [notes], [createDate], [updateDate], [createUserId], [updateUserId]) VALUES (138, 11, 123, 1, NULL, CAST(N'2022-04-16T16:39:06.0961439' AS DateTime2), CAST(N'2022-04-16T16:39:06.0961439' AS DateTime2), 2, 2)
GO
INSERT [dbo].[itemOrderPreparing] ([itemOrderId], [itemUnitId], [orderPreparingId], [quantity], [notes], [createDate], [updateDate], [createUserId], [updateUserId]) VALUES (139, 15, 124, 1, NULL, CAST(N'2022-04-16T16:39:06.1130984' AS DateTime2), CAST(N'2022-04-16T16:39:06.1130984' AS DateTime2), 2, 2)
GO
INSERT [dbo].[itemOrderPreparing] ([itemOrderId], [itemUnitId], [orderPreparingId], [quantity], [notes], [createDate], [updateDate], [createUserId], [updateUserId]) VALUES (140, 15, 125, 1, NULL, CAST(N'2022-04-16T16:39:44.0162322' AS DateTime2), CAST(N'2022-04-16T16:39:44.0162322' AS DateTime2), 2, 2)
GO
INSERT [dbo].[itemOrderPreparing] ([itemOrderId], [itemUnitId], [orderPreparingId], [quantity], [notes], [createDate], [updateDate], [createUserId], [updateUserId]) VALUES (141, 11, 126, 1, NULL, CAST(N'2022-04-16T16:39:44.0311927' AS DateTime2), CAST(N'2022-04-16T16:39:44.0311927' AS DateTime2), 2, 2)
GO
INSERT [dbo].[itemOrderPreparing] ([itemOrderId], [itemUnitId], [orderPreparingId], [quantity], [notes], [createDate], [updateDate], [createUserId], [updateUserId]) VALUES (142, 25, 127, 1, NULL, CAST(N'2022-04-16T16:39:44.0491433' AS DateTime2), CAST(N'2022-04-16T16:39:44.0491433' AS DateTime2), 2, 2)
GO
INSERT [dbo].[itemOrderPreparing] ([itemOrderId], [itemUnitId], [orderPreparingId], [quantity], [notes], [createDate], [updateDate], [createUserId], [updateUserId]) VALUES (143, 15, 128, 1, N'', CAST(N'2022-04-16T17:07:22.1973274' AS DateTime2), CAST(N'2022-04-16T17:07:22.1973274' AS DateTime2), 2, 2)
GO
INSERT [dbo].[itemOrderPreparing] ([itemOrderId], [itemUnitId], [orderPreparingId], [quantity], [notes], [createDate], [updateDate], [createUserId], [updateUserId]) VALUES (144, 16, 129, 1, N'', CAST(N'2022-04-16T17:07:22.3239889' AS DateTime2), CAST(N'2022-04-16T17:07:22.3239889' AS DateTime2), 2, 2)
GO
INSERT [dbo].[itemOrderPreparing] ([itemOrderId], [itemUnitId], [orderPreparingId], [quantity], [notes], [createDate], [updateDate], [createUserId], [updateUserId]) VALUES (145, 23, 130, 1, N'', CAST(N'2022-04-16T17:07:22.3479242' AS DateTime2), CAST(N'2022-04-16T17:07:22.3479242' AS DateTime2), 2, 2)
GO
INSERT [dbo].[itemOrderPreparing] ([itemOrderId], [itemUnitId], [orderPreparingId], [quantity], [notes], [createDate], [updateDate], [createUserId], [updateUserId]) VALUES (146, 16, 131, 1, N'', CAST(N'2022-04-16T17:28:56.5884869' AS DateTime2), CAST(N'2022-04-16T17:28:56.5884869' AS DateTime2), 2, 2)
GO
INSERT [dbo].[itemOrderPreparing] ([itemOrderId], [itemUnitId], [orderPreparingId], [quantity], [notes], [createDate], [updateDate], [createUserId], [updateUserId]) VALUES (147, 15, 132, 1, N'', CAST(N'2022-04-16T17:28:56.6164128' AS DateTime2), CAST(N'2022-04-16T17:28:56.6164128' AS DateTime2), 2, 2)
GO
INSERT [dbo].[itemOrderPreparing] ([itemOrderId], [itemUnitId], [orderPreparingId], [quantity], [notes], [createDate], [updateDate], [createUserId], [updateUserId]) VALUES (148, 11, 133, 1, N'', CAST(N'2022-04-16T17:28:56.6303754' AS DateTime2), CAST(N'2022-04-16T17:28:56.6303754' AS DateTime2), 2, 2)
GO
INSERT [dbo].[itemOrderPreparing] ([itemOrderId], [itemUnitId], [orderPreparingId], [quantity], [notes], [createDate], [updateDate], [createUserId], [updateUserId]) VALUES (149, 26, 134, 1, N'', CAST(N'2022-04-17T11:14:57.0832220' AS DateTime2), CAST(N'2022-04-17T11:14:57.0832220' AS DateTime2), 2, 2)
GO
INSERT [dbo].[itemOrderPreparing] ([itemOrderId], [itemUnitId], [orderPreparingId], [quantity], [notes], [createDate], [updateDate], [createUserId], [updateUserId]) VALUES (150, 15, 135, 1, N'', CAST(N'2022-04-17T12:13:06.1282682' AS DateTime2), CAST(N'2022-04-17T12:13:06.1282682' AS DateTime2), 2, 2)
GO
INSERT [dbo].[itemOrderPreparing] ([itemOrderId], [itemUnitId], [orderPreparingId], [quantity], [notes], [createDate], [updateDate], [createUserId], [updateUserId]) VALUES (151, 26, 136, 3, N'', CAST(N'2022-04-17T14:09:33.6553291' AS DateTime2), CAST(N'2022-04-17T14:09:33.6553291' AS DateTime2), 2, 2)
GO
INSERT [dbo].[itemOrderPreparing] ([itemOrderId], [itemUnitId], [orderPreparingId], [quantity], [notes], [createDate], [updateDate], [createUserId], [updateUserId]) VALUES (152, 8, 137, 1, NULL, CAST(N'2022-04-17T14:57:14.3071791' AS DateTime2), CAST(N'2022-04-17T14:57:14.3071791' AS DateTime2), 2, 2)
GO
SET IDENTITY_INSERT [dbo].[itemOrderPreparing] OFF
GO
SET IDENTITY_INSERT [dbo].[items] ON 
GO
INSERT [dbo].[items] ([itemId], [code], [name], [details], [type], [image], [taxes], [isActive], [min], [max], [categoryId], [parentId], [createDate], [updateDate], [createUserId], [updateUserId], [minUnitId], [maxUnitId], [avgPurchasePrice], [tagId], [notes], [categoryString]) VALUES (1, N'item1', N'', N'', N'PurchaseNormal', N'57440ff6b80f068efd50410ea24fd593.jpg', CAST(0.000 AS Decimal(20, 3)), 1, 5, 100, 10, NULL, CAST(N'2021-12-28T13:20:53.4588767' AS DateTime2), CAST(N'2022-04-03T16:32:31.4582414' AS DateTime2), 2, 2, 6, 6, CAST(0.000 AS Decimal(20, 3)), NULL, N'', NULL)
GO
INSERT [dbo].[items] ([itemId], [code], [name], [details], [type], [image], [taxes], [isActive], [min], [max], [categoryId], [parentId], [createDate], [updateDate], [createUserId], [updateUserId], [minUnitId], [maxUnitId], [avgPurchasePrice], [tagId], [notes], [categoryString]) VALUES (13, N'app-it1-1', N' ', N'', N'SalesNormal', N'd24538a57424ec2d36086326b9215b74.jpg', CAST(0.000 AS Decimal(20, 3)), 1, 0, 0, 4, NULL, CAST(N'2022-01-02T14:31:54.7633195' AS DateTime2), CAST(N'2022-03-03T16:25:05.3295423' AS DateTime2), 2, 2, NULL, NULL, CAST(4000.000 AS Decimal(20, 3)), 19, N'', NULL)
GO
INSERT [dbo].[items] ([itemId], [code], [name], [details], [type], [image], [taxes], [isActive], [min], [max], [categoryId], [parentId], [createDate], [updateDate], [createUserId], [updateUserId], [minUnitId], [maxUnitId], [avgPurchasePrice], [tagId], [notes], [categoryString]) VALUES (14, N'salad-1', N'tona salad', N'', N'SalesNormal', N'ad4bfd50185ef68bce2b903aa7e10ec0.png', CAST(0.000 AS Decimal(20, 3)), 1, 0, 0, 4, NULL, CAST(N'2022-01-04T12:34:47.2715550' AS DateTime2), CAST(N'2022-03-03T16:32:43.8870431' AS DateTime2), 2, 2, NULL, NULL, CAST(4000.000 AS Decimal(20, 3)), 21, N'', NULL)
GO
INSERT [dbo].[items] ([itemId], [code], [name], [details], [type], [image], [taxes], [isActive], [min], [max], [categoryId], [parentId], [createDate], [updateDate], [createUserId], [updateUserId], [minUnitId], [maxUnitId], [avgPurchasePrice], [tagId], [notes], [categoryString]) VALUES (15, N'k1', N' ', N'', N'SalesNormal', N'cfba0c3306a45ea0746c531906c58962.jpg', CAST(0.000 AS Decimal(20, 3)), 1, 0, 0, 4, NULL, CAST(N'2022-01-15T13:49:19.2148994' AS DateTime2), CAST(N'2022-03-03T16:24:56.7833987' AS DateTime2), 2, 2, NULL, NULL, CAST(3500.000 AS Decimal(20, 3)), 19, N'', NULL)
GO
INSERT [dbo].[items] ([itemId], [code], [name], [details], [type], [image], [taxes], [isActive], [min], [max], [categoryId], [parentId], [createDate], [updateDate], [createUserId], [updateUserId], [minUnitId], [maxUnitId], [avgPurchasePrice], [tagId], [notes], [categoryString]) VALUES (16, N'bev-1', N'coca cola', N'', N'SalesNormal', N'4361139d4379eb98f913441815402fe6.jpg', CAST(0.000 AS Decimal(20, 3)), 1, 0, 0, 5, NULL, CAST(N'2022-01-15T14:49:40.2715728' AS DateTime2), CAST(N'2022-03-03T16:27:01.3205121' AS DateTime2), 2, 2, NULL, NULL, CAST(500.000 AS Decimal(20, 3)), NULL, N'', NULL)
GO
INSERT [dbo].[items] ([itemId], [code], [name], [details], [type], [image], [taxes], [isActive], [min], [max], [categoryId], [parentId], [createDate], [updateDate], [createUserId], [updateUserId], [minUnitId], [maxUnitId], [avgPurchasePrice], [tagId], [notes], [categoryString]) VALUES (18, N'item56', N'', N'', N'PurchaseNormal', N'9c8336c58218f7dbea9b172c0da81139.png', CAST(0.000 AS Decimal(20, 3)), 1, 5, 50, 9, NULL, CAST(N'2022-03-03T14:28:53.9687868' AS DateTime2), CAST(N'2022-03-03T15:10:06.9998537' AS DateTime2), 2, 2, 6, 6, CAST(0.124 AS Decimal(20, 3)), NULL, N'', NULL)
GO
INSERT [dbo].[items] ([itemId], [code], [name], [details], [type], [image], [taxes], [isActive], [min], [max], [categoryId], [parentId], [createDate], [updateDate], [createUserId], [updateUserId], [minUnitId], [maxUnitId], [avgPurchasePrice], [tagId], [notes], [categoryString]) VALUES (19, N'item57', N'', N'', N'PurchaseNormal', N'b06b32577361609a56f8d74e9e127a01.jpg', CAST(0.000 AS Decimal(20, 3)), 1, 5, 50, 9, NULL, CAST(N'2022-03-03T14:29:12.0234726' AS DateTime2), CAST(N'2022-03-03T14:50:03.4905930' AS DateTime2), 2, 2, 6, 6, CAST(0.000 AS Decimal(20, 3)), NULL, N'', NULL)
GO
INSERT [dbo].[items] ([itemId], [code], [name], [details], [type], [image], [taxes], [isActive], [min], [max], [categoryId], [parentId], [createDate], [updateDate], [createUserId], [updateUserId], [minUnitId], [maxUnitId], [avgPurchasePrice], [tagId], [notes], [categoryString]) VALUES (20, N'item8', N'', N'', N'PurchaseNormal', N'cba6ef02fcbd47ba36115f8f64248594.jpg', CAST(0.000 AS Decimal(20, 3)), 1, 5, 100, 10, NULL, CAST(N'2022-03-03T14:32:06.0271491' AS DateTime2), CAST(N'2022-04-03T16:32:43.4711154' AS DateTime2), 2, 2, 6, 6, CAST(0.362 AS Decimal(20, 3)), NULL, N'', NULL)
GO
INSERT [dbo].[items] ([itemId], [code], [name], [details], [type], [image], [taxes], [isActive], [min], [max], [categoryId], [parentId], [createDate], [updateDate], [createUserId], [updateUserId], [minUnitId], [maxUnitId], [avgPurchasePrice], [tagId], [notes], [categoryString]) VALUES (21, N'item25', N'', N'', N'PurchaseNormal', N'90f607ba318fce94cafe1571617d1b6c.jpg', CAST(4.000 AS Decimal(20, 3)), 1, 0, 50, 11, NULL, CAST(N'2022-03-03T14:42:38.9215306' AS DateTime2), CAST(N'2022-03-03T14:58:54.2360702' AS DateTime2), 2, 2, 6, 6, CAST(0.475 AS Decimal(20, 3)), NULL, N'', NULL)
GO
INSERT [dbo].[items] ([itemId], [code], [name], [details], [type], [image], [taxes], [isActive], [min], [max], [categoryId], [parentId], [createDate], [updateDate], [createUserId], [updateUserId], [minUnitId], [maxUnitId], [avgPurchasePrice], [tagId], [notes], [categoryString]) VALUES (22, N'item95', N'', N'', N'PurchaseNormal', N'77d0501bbf02ad459f88ab4b7531b14d.jpg', CAST(4.000 AS Decimal(20, 3)), 1, 0, 50, 11, NULL, CAST(N'2022-03-03T14:43:00.0430441' AS DateTime2), CAST(N'2022-03-03T15:00:16.6496675' AS DateTime2), 2, 2, 6, 6, CAST(0.000 AS Decimal(20, 3)), NULL, N'', NULL)
GO
INSERT [dbo].[items] ([itemId], [code], [name], [details], [type], [image], [taxes], [isActive], [min], [max], [categoryId], [parentId], [createDate], [updateDate], [createUserId], [updateUserId], [minUnitId], [maxUnitId], [avgPurchasePrice], [tagId], [notes], [categoryString]) VALUES (23, N'item19', N' ', N'', N'PurchaseNormal', N'e8a124154d6b4436a9d47827fcd24d4d.jfif', CAST(4.000 AS Decimal(20, 3)), 1, 0, 50, 11, NULL, CAST(N'2022-03-03T14:43:31.2077007' AS DateTime2), CAST(N'2022-03-03T15:00:34.4660166' AS DateTime2), 2, 2, 6, 6, CAST(0.000 AS Decimal(20, 3)), NULL, N'', NULL)
GO
INSERT [dbo].[items] ([itemId], [code], [name], [details], [type], [image], [taxes], [isActive], [min], [max], [categoryId], [parentId], [createDate], [updateDate], [createUserId], [updateUserId], [minUnitId], [maxUnitId], [avgPurchasePrice], [tagId], [notes], [categoryString]) VALUES (24, N'item53', N'', N'', N'PurchaseNormal', N'3f85263e6e6e21f6a4057fab7f956f1b.jpg', CAST(0.000 AS Decimal(20, 3)), 1, 2, 10, 12, NULL, CAST(N'2022-03-03T15:01:48.3095339' AS DateTime2), CAST(N'2022-03-03T17:19:10.6662923' AS DateTime2), 2, 2, 4, 4, CAST(0.833 AS Decimal(20, 3)), NULL, N'', NULL)
GO
INSERT [dbo].[items] ([itemId], [code], [name], [details], [type], [image], [taxes], [isActive], [min], [max], [categoryId], [parentId], [createDate], [updateDate], [createUserId], [updateUserId], [minUnitId], [maxUnitId], [avgPurchasePrice], [tagId], [notes], [categoryString]) VALUES (25, N'MC-001', N' ', N'', N'SalesNormal', N'16008f81a32dddded32b87f4a2cd9ca7.jpg', CAST(0.000 AS Decimal(20, 3)), 1, 0, 0, 7, NULL, CAST(N'2022-03-03T16:27:49.4707115' AS DateTime2), CAST(N'2022-03-03T16:35:29.8577251' AS DateTime2), 2, 2, NULL, NULL, CAST(6000.000 AS Decimal(20, 3)), 26, N'', NULL)
GO
INSERT [dbo].[items] ([itemId], [code], [name], [details], [type], [image], [taxes], [isActive], [min], [max], [categoryId], [parentId], [createDate], [updateDate], [createUserId], [updateUserId], [minUnitId], [maxUnitId], [avgPurchasePrice], [tagId], [notes], [categoryString]) VALUES (26, N'MC-002', N'', N'', N'SalesNormal', N'37de6228ecdaf854ca17e0abd1062763.jpeg', CAST(0.000 AS Decimal(20, 3)), 1, 0, 0, 7, NULL, CAST(N'2022-03-03T16:28:10.8954145' AS DateTime2), CAST(N'2022-03-03T16:35:44.9942402' AS DateTime2), 2, 2, NULL, NULL, CAST(20000.000 AS Decimal(20, 3)), 26, N'', NULL)
GO
INSERT [dbo].[items] ([itemId], [code], [name], [details], [type], [image], [taxes], [isActive], [min], [max], [categoryId], [parentId], [createDate], [updateDate], [createUserId], [updateUserId], [minUnitId], [maxUnitId], [avgPurchasePrice], [tagId], [notes], [categoryString]) VALUES (27, N'D-001', N' ', N'', N'SalesNormal', N'15c139cdb9cb2a3e6788751f02626b1e.jfif', CAST(0.000 AS Decimal(20, 3)), 1, 0, 0, 8, NULL, CAST(N'2022-03-03T16:28:55.5921253' AS DateTime2), CAST(N'2022-03-03T16:36:01.7484041' AS DateTime2), 2, 2, NULL, NULL, CAST(7500.000 AS Decimal(20, 3)), 28, N'', NULL)
GO
INSERT [dbo].[items] ([itemId], [code], [name], [details], [type], [image], [taxes], [isActive], [min], [max], [categoryId], [parentId], [createDate], [updateDate], [createUserId], [updateUserId], [minUnitId], [maxUnitId], [avgPurchasePrice], [tagId], [notes], [categoryString]) VALUES (28, N'D-002', N' ', N'', N'SalesNormal', N'b754f525b6f76b3c7201c0d029f5b267.jpg', CAST(0.000 AS Decimal(20, 3)), 1, 0, 0, 8, NULL, CAST(N'2022-03-03T16:29:25.9790456' AS DateTime2), CAST(N'2022-03-03T16:36:13.1280610' AS DateTime2), 2, 2, NULL, NULL, CAST(16000.000 AS Decimal(20, 3)), 29, N'', NULL)
GO
INSERT [dbo].[items] ([itemId], [code], [name], [details], [type], [image], [taxes], [isActive], [min], [max], [categoryId], [parentId], [createDate], [updateDate], [createUserId], [updateUserId], [minUnitId], [maxUnitId], [avgPurchasePrice], [tagId], [notes], [categoryString]) VALUES (29, N'P-001', N' ', N'  ', N'packageItems', N'66b335393cbb2b27cf54475a279dc1be.jpg', CAST(0.000 AS Decimal(20, 3)), 1, 0, 0, 7, NULL, CAST(N'2022-03-03T16:31:07.1295146' AS DateTime2), CAST(N'2022-03-03T16:38:21.3191584' AS DateTime2), 2, 2, NULL, NULL, CAST(16500.000 AS Decimal(20, 3)), 26, N'', NULL)
GO
SET IDENTITY_INSERT [dbo].[items] OFF
GO
SET IDENTITY_INSERT [dbo].[itemsLocations] ON 
GO
INSERT [dbo].[itemsLocations] ([itemsLocId], [locationId], [quantity], [createDate], [updateDate], [createUserId], [updateUserId], [startDate], [endDate], [itemUnitId], [notes], [invoiceId]) VALUES (60, 71, 10, CAST(N'2022-04-16T12:49:02.0610035' AS DateTime2), CAST(N'2022-04-16T12:49:17.9634931' AS DateTime2), 2, 2, NULL, NULL, 29, NULL, NULL)
GO
INSERT [dbo].[itemsLocations] ([itemsLocId], [locationId], [quantity], [createDate], [updateDate], [createUserId], [updateUserId], [startDate], [endDate], [itemUnitId], [notes], [invoiceId]) VALUES (61, 71, 35, CAST(N'2022-04-16T12:49:02.2983689' AS DateTime2), CAST(N'2022-04-17T11:57:30.8018204' AS DateTime2), 2, 17, NULL, NULL, 31, NULL, NULL)
GO
INSERT [dbo].[itemsLocations] ([itemsLocId], [locationId], [quantity], [createDate], [updateDate], [createUserId], [updateUserId], [startDate], [endDate], [itemUnitId], [notes], [invoiceId]) VALUES (62, 72, 10, CAST(N'2022-04-16T12:49:17.9814456' AS DateTime2), CAST(N'2022-04-16T12:49:17.9814456' AS DateTime2), 2, 2, NULL, NULL, 29, NULL, NULL)
GO
INSERT [dbo].[itemsLocations] ([itemsLocId], [locationId], [quantity], [createDate], [updateDate], [createUserId], [updateUserId], [startDate], [endDate], [itemUnitId], [notes], [invoiceId]) VALUES (63, 72, 5, CAST(N'2022-04-16T12:49:18.0303141' AS DateTime2), CAST(N'2022-04-16T14:07:38.1086509' AS DateTime2), 2, 2, NULL, NULL, 31, NULL, NULL)
GO
INSERT [dbo].[itemsLocations] ([itemsLocId], [locationId], [quantity], [createDate], [updateDate], [createUserId], [updateUserId], [startDate], [endDate], [itemUnitId], [notes], [invoiceId]) VALUES (64, 71, 100, CAST(N'2022-04-16T14:29:16.9171631' AS DateTime2), CAST(N'2022-04-16T14:30:05.8014843' AS DateTime2), 17, 17, NULL, NULL, 22, NULL, NULL)
GO
INSERT [dbo].[itemsLocations] ([itemsLocId], [locationId], [quantity], [createDate], [updateDate], [createUserId], [updateUserId], [startDate], [endDate], [itemUnitId], [notes], [invoiceId]) VALUES (65, 72, 0, CAST(N'2022-04-16T14:29:47.7078524' AS DateTime2), CAST(N'2022-04-16T14:30:05.7955023' AS DateTime2), 17, 17, NULL, NULL, 22, NULL, NULL)
GO
INSERT [dbo].[itemsLocations] ([itemsLocId], [locationId], [quantity], [createDate], [updateDate], [createUserId], [updateUserId], [startDate], [endDate], [itemUnitId], [notes], [invoiceId]) VALUES (66, 71, 99, CAST(N'2022-04-17T11:57:03.2033283' AS DateTime2), CAST(N'2022-04-17T11:58:24.9344644' AS DateTime2), 17, 17, NULL, NULL, 19, NULL, NULL)
GO
INSERT [dbo].[itemsLocations] ([itemsLocId], [locationId], [quantity], [createDate], [updateDate], [createUserId], [updateUserId], [startDate], [endDate], [itemUnitId], [notes], [invoiceId]) VALUES (67, 71, 0, CAST(N'2022-04-17T11:57:50.3035936' AS DateTime2), CAST(N'2022-04-17T11:58:08.0740619' AS DateTime2), 17, 17, NULL, NULL, 28, NULL, NULL)
GO
INSERT [dbo].[itemsLocations] ([itemsLocId], [locationId], [quantity], [createDate], [updateDate], [createUserId], [updateUserId], [startDate], [endDate], [itemUnitId], [notes], [invoiceId]) VALUES (68, 72, 100, CAST(N'2022-04-17T11:58:08.0830381' AS DateTime2), CAST(N'2022-04-17T11:58:08.0830381' AS DateTime2), 17, 17, NULL, NULL, 28, NULL, NULL)
GO
INSERT [dbo].[itemsLocations] ([itemsLocId], [locationId], [quantity], [createDate], [updateDate], [createUserId], [updateUserId], [startDate], [endDate], [itemUnitId], [notes], [invoiceId]) VALUES (69, 72, 1, CAST(N'2022-04-17T11:58:24.9444363' AS DateTime2), CAST(N'2022-04-17T11:58:24.9444363' AS DateTime2), 17, 17, NULL, NULL, 19, NULL, NULL)
GO
INSERT [dbo].[itemsLocations] ([itemsLocId], [locationId], [quantity], [createDate], [updateDate], [createUserId], [updateUserId], [startDate], [endDate], [itemUnitId], [notes], [invoiceId]) VALUES (70, 73, 90, CAST(N'2022-04-17T13:46:37.6360328' AS DateTime2), CAST(N'2022-04-17T14:00:13.8140205' AS DateTime2), 17, 17, NULL, NULL, 18, NULL, NULL)
GO
INSERT [dbo].[itemsLocations] ([itemsLocId], [locationId], [quantity], [createDate], [updateDate], [createUserId], [updateUserId], [startDate], [endDate], [itemUnitId], [notes], [invoiceId]) VALUES (71, 73, 5, CAST(N'2022-04-17T13:46:37.7038513' AS DateTime2), CAST(N'2022-04-17T13:47:18.4668850' AS DateTime2), 17, 17, NULL, NULL, 29, NULL, NULL)
GO
INSERT [dbo].[itemsLocations] ([itemsLocId], [locationId], [quantity], [createDate], [updateDate], [createUserId], [updateUserId], [startDate], [endDate], [itemUnitId], [notes], [invoiceId]) VALUES (72, 73, 19, CAST(N'2022-04-17T13:46:37.7646895' AS DateTime2), CAST(N'2022-04-17T13:57:00.3012461' AS DateTime2), 17, 17, NULL, NULL, 31, NULL, NULL)
GO
INSERT [dbo].[itemsLocations] ([itemsLocId], [locationId], [quantity], [createDate], [updateDate], [createUserId], [updateUserId], [startDate], [endDate], [itemUnitId], [notes], [invoiceId]) VALUES (73, 73, 14, CAST(N'2022-04-17T13:46:37.8025869' AS DateTime2), CAST(N'2022-04-17T14:01:20.9713307' AS DateTime2), 17, 17, NULL, NULL, 22, NULL, NULL)
GO
INSERT [dbo].[itemsLocations] ([itemsLocId], [locationId], [quantity], [createDate], [updateDate], [createUserId], [updateUserId], [startDate], [endDate], [itemUnitId], [notes], [invoiceId]) VALUES (74, 74, 160, CAST(N'2022-04-17T13:47:03.7193053' AS DateTime2), CAST(N'2022-04-17T14:00:13.8300816' AS DateTime2), 17, 17, NULL, NULL, 18, NULL, NULL)
GO
INSERT [dbo].[itemsLocations] ([itemsLocId], [locationId], [quantity], [createDate], [updateDate], [createUserId], [updateUserId], [startDate], [endDate], [itemUnitId], [notes], [invoiceId]) VALUES (75, 74, 25, CAST(N'2022-04-17T13:47:03.7303111' AS DateTime2), CAST(N'2022-04-17T13:47:18.4818433' AS DateTime2), 17, 17, NULL, NULL, 29, NULL, NULL)
GO
INSERT [dbo].[itemsLocations] ([itemsLocId], [locationId], [quantity], [createDate], [updateDate], [createUserId], [updateUserId], [startDate], [endDate], [itemUnitId], [notes], [invoiceId]) VALUES (76, 74, 16, CAST(N'2022-04-17T13:47:18.4908188' AS DateTime2), CAST(N'2022-04-17T13:57:00.3092282' AS DateTime2), 17, 17, NULL, NULL, 31, NULL, NULL)
GO
INSERT [dbo].[itemsLocations] ([itemsLocId], [locationId], [quantity], [createDate], [updateDate], [createUserId], [updateUserId], [startDate], [endDate], [itemUnitId], [notes], [invoiceId]) VALUES (77, 74, 6, CAST(N'2022-04-17T13:47:18.5047806' AS DateTime2), CAST(N'2022-04-17T14:01:20.9832992' AS DateTime2), 17, 17, NULL, NULL, 22, NULL, NULL)
GO
SET IDENTITY_INSERT [dbo].[itemsLocations] OFF
GO
SET IDENTITY_INSERT [dbo].[itemsOffers] ON 
GO
INSERT [dbo].[itemsOffers] ([ioId], [iuId], [offerId], [createDate], [updateDate], [createUserId], [updateUserId], [quantity], [used]) VALUES (1, 25, 1, NULL, CAST(N'2022-04-17T16:33:13.7815783' AS DateTime2), 18, 18, 1, 0)
GO
INSERT [dbo].[itemsOffers] ([ioId], [iuId], [offerId], [createDate], [updateDate], [createUserId], [updateUserId], [quantity], [used]) VALUES (2, 26, 1, NULL, CAST(N'2022-04-17T16:33:13.7815783' AS DateTime2), 18, 18, 10, 0)
GO
INSERT [dbo].[itemsOffers] ([ioId], [iuId], [offerId], [createDate], [updateDate], [createUserId], [updateUserId], [quantity], [used]) VALUES (3, 11, 1, NULL, CAST(N'2022-04-17T16:33:13.7815783' AS DateTime2), 18, 18, 1, 0)
GO
SET IDENTITY_INSERT [dbo].[itemsOffers] OFF
GO
SET IDENTITY_INSERT [dbo].[itemsTransfer] ON 
GO
INSERT [dbo].[itemsTransfer] ([itemsTransId], [quantity], [invoiceId], [createDate], [updateDate], [createUserId], [updateUserId], [notes], [price], [itemUnitId], [itemSerial], [inventoryItemLocId], [offerId], [profit], [purchasePrice], [cause], [itemTax], [itemUnitPrice], [offerValue], [offerType], [forAgents]) VALUES (688, 2, 264, CAST(N'2022-04-16T12:25:49.1755507' AS DateTime2), CAST(N'2022-04-16T12:25:49.1755507' AS DateTime2), 17, 17, NULL, CAST(25000.000 AS Decimal(20, 3)), 24, N'', NULL, NULL, CAST(0.000 AS Decimal(20, 3)), CAST(0.000 AS Decimal(20, 3)), NULL, CAST(0.000 AS Decimal(20, 3)), CAST(25000.000 AS Decimal(20, 3)), CAST(0.000 AS Decimal(20, 3)), CAST(1 AS Decimal(4, 0)), NULL)
GO
INSERT [dbo].[itemsTransfer] ([itemsTransId], [quantity], [invoiceId], [createDate], [updateDate], [createUserId], [updateUserId], [notes], [price], [itemUnitId], [itemSerial], [inventoryItemLocId], [offerId], [profit], [purchasePrice], [cause], [itemTax], [itemUnitPrice], [offerValue], [offerType], [forAgents]) VALUES (689, 1, 264, CAST(N'2022-04-16T12:25:49.1795399' AS DateTime2), CAST(N'2022-04-16T12:25:49.1795399' AS DateTime2), 17, 17, NULL, CAST(20000.000 AS Decimal(20, 3)), 27, N'', NULL, NULL, CAST(0.000 AS Decimal(20, 3)), CAST(0.000 AS Decimal(20, 3)), NULL, CAST(0.000 AS Decimal(20, 3)), CAST(20000.000 AS Decimal(20, 3)), CAST(0.000 AS Decimal(20, 3)), CAST(1 AS Decimal(4, 0)), NULL)
GO
INSERT [dbo].[itemsTransfer] ([itemsTransId], [quantity], [invoiceId], [createDate], [updateDate], [createUserId], [updateUserId], [notes], [price], [itemUnitId], [itemSerial], [inventoryItemLocId], [offerId], [profit], [purchasePrice], [cause], [itemTax], [itemUnitPrice], [offerValue], [offerType], [forAgents]) VALUES (690, 7, 264, CAST(N'2022-04-16T12:25:49.1835286' AS DateTime2), CAST(N'2022-04-16T12:25:49.1835286' AS DateTime2), 17, 17, NULL, CAST(600.000 AS Decimal(20, 3)), 16, N'', NULL, NULL, CAST(0.000 AS Decimal(20, 3)), CAST(0.000 AS Decimal(20, 3)), NULL, CAST(0.000 AS Decimal(20, 3)), CAST(600.000 AS Decimal(20, 3)), CAST(0.000 AS Decimal(20, 3)), CAST(1 AS Decimal(4, 0)), NULL)
GO
INSERT [dbo].[itemsTransfer] ([itemsTransId], [quantity], [invoiceId], [createDate], [updateDate], [createUserId], [updateUserId], [notes], [price], [itemUnitId], [itemSerial], [inventoryItemLocId], [offerId], [profit], [purchasePrice], [cause], [itemTax], [itemUnitPrice], [offerValue], [offerType], [forAgents]) VALUES (699, 2, 265, CAST(N'2022-04-16T12:31:49.8692228' AS DateTime2), CAST(N'2022-04-16T12:31:49.8692228' AS DateTime2), 17, 17, NULL, CAST(20000.000 AS Decimal(20, 3)), 26, N'', NULL, NULL, CAST(0.000 AS Decimal(20, 3)), CAST(0.000 AS Decimal(20, 3)), NULL, CAST(0.000 AS Decimal(20, 3)), CAST(20000.000 AS Decimal(20, 3)), CAST(0.000 AS Decimal(20, 3)), CAST(1 AS Decimal(4, 0)), NULL)
GO
INSERT [dbo].[itemsTransfer] ([itemsTransId], [quantity], [invoiceId], [createDate], [updateDate], [createUserId], [updateUserId], [notes], [price], [itemUnitId], [itemSerial], [inventoryItemLocId], [offerId], [profit], [purchasePrice], [cause], [itemTax], [itemUnitPrice], [offerValue], [offerType], [forAgents]) VALUES (700, 6, 265, CAST(N'2022-04-16T12:31:49.8771984' AS DateTime2), CAST(N'2022-04-16T12:31:49.8771984' AS DateTime2), 17, 17, NULL, CAST(600.000 AS Decimal(20, 3)), 16, N'', NULL, NULL, CAST(0.000 AS Decimal(20, 3)), CAST(0.000 AS Decimal(20, 3)), NULL, CAST(0.000 AS Decimal(20, 3)), CAST(600.000 AS Decimal(20, 3)), CAST(0.000 AS Decimal(20, 3)), CAST(1 AS Decimal(4, 0)), NULL)
GO
INSERT [dbo].[itemsTransfer] ([itemsTransId], [quantity], [invoiceId], [createDate], [updateDate], [createUserId], [updateUserId], [notes], [price], [itemUnitId], [itemSerial], [inventoryItemLocId], [offerId], [profit], [purchasePrice], [cause], [itemTax], [itemUnitPrice], [offerValue], [offerType], [forAgents]) VALUES (713, 2, 266, CAST(N'2022-04-16T12:33:16.4796917' AS DateTime2), CAST(N'2022-04-16T12:33:16.4796917' AS DateTime2), 17, 17, NULL, CAST(4000.000 AS Decimal(20, 3)), 15, N'', NULL, NULL, CAST(0.000 AS Decimal(20, 3)), CAST(0.000 AS Decimal(20, 3)), NULL, CAST(0.000 AS Decimal(20, 3)), CAST(4000.000 AS Decimal(20, 3)), CAST(0.000 AS Decimal(20, 3)), CAST(1 AS Decimal(4, 0)), NULL)
GO
INSERT [dbo].[itemsTransfer] ([itemsTransId], [quantity], [invoiceId], [createDate], [updateDate], [createUserId], [updateUserId], [notes], [price], [itemUnitId], [itemSerial], [inventoryItemLocId], [offerId], [profit], [purchasePrice], [cause], [itemTax], [itemUnitPrice], [offerValue], [offerType], [forAgents]) VALUES (714, 3, 266, CAST(N'2022-04-16T12:33:16.4816850' AS DateTime2), CAST(N'2022-04-16T12:33:16.4816850' AS DateTime2), 17, 17, NULL, CAST(5000.000 AS Decimal(20, 3)), 11, N'', NULL, NULL, CAST(0.000 AS Decimal(20, 3)), CAST(0.000 AS Decimal(20, 3)), NULL, CAST(0.000 AS Decimal(20, 3)), CAST(5000.000 AS Decimal(20, 3)), CAST(0.000 AS Decimal(20, 3)), CAST(1 AS Decimal(4, 0)), NULL)
GO
INSERT [dbo].[itemsTransfer] ([itemsTransId], [quantity], [invoiceId], [createDate], [updateDate], [createUserId], [updateUserId], [notes], [price], [itemUnitId], [itemSerial], [inventoryItemLocId], [offerId], [profit], [purchasePrice], [cause], [itemTax], [itemUnitPrice], [offerValue], [offerType], [forAgents]) VALUES (715, 4, 266, CAST(N'2022-04-16T12:33:16.4836798' AS DateTime2), CAST(N'2022-04-16T12:33:16.4836798' AS DateTime2), 17, 17, NULL, CAST(5000.000 AS Decimal(20, 3)), 8, N'', NULL, NULL, CAST(0.000 AS Decimal(20, 3)), CAST(0.000 AS Decimal(20, 3)), NULL, CAST(0.000 AS Decimal(20, 3)), CAST(5000.000 AS Decimal(20, 3)), CAST(0.000 AS Decimal(20, 3)), CAST(1 AS Decimal(4, 0)), NULL)
GO
INSERT [dbo].[itemsTransfer] ([itemsTransId], [quantity], [invoiceId], [createDate], [updateDate], [createUserId], [updateUserId], [notes], [price], [itemUnitId], [itemSerial], [inventoryItemLocId], [offerId], [profit], [purchasePrice], [cause], [itemTax], [itemUnitPrice], [offerValue], [offerType], [forAgents]) VALUES (720, 1, 267, CAST(N'2022-04-16T12:34:18.9647327' AS DateTime2), CAST(N'2022-04-16T12:34:18.9647327' AS DateTime2), 17, 17, NULL, CAST(10000.000 AS Decimal(20, 3)), 25, N'', NULL, NULL, CAST(0.000 AS Decimal(20, 3)), CAST(0.000 AS Decimal(20, 3)), NULL, CAST(0.000 AS Decimal(20, 3)), CAST(10000.000 AS Decimal(20, 3)), CAST(0.000 AS Decimal(20, 3)), CAST(1 AS Decimal(4, 0)), NULL)
GO
INSERT [dbo].[itemsTransfer] ([itemsTransId], [quantity], [invoiceId], [createDate], [updateDate], [createUserId], [updateUserId], [notes], [price], [itemUnitId], [itemSerial], [inventoryItemLocId], [offerId], [profit], [purchasePrice], [cause], [itemTax], [itemUnitPrice], [offerValue], [offerType], [forAgents]) VALUES (721, 1, 268, CAST(N'2022-04-16T12:38:13.3789780' AS DateTime2), CAST(N'2022-04-16T12:38:13.3789780' AS DateTime2), 2, 2, NULL, CAST(4000.000 AS Decimal(20, 3)), 15, N'', NULL, NULL, CAST(0.000 AS Decimal(20, 3)), CAST(0.000 AS Decimal(20, 3)), NULL, CAST(0.000 AS Decimal(20, 3)), CAST(4000.000 AS Decimal(20, 3)), CAST(0.000 AS Decimal(20, 3)), CAST(1 AS Decimal(4, 0)), NULL)
GO
INSERT [dbo].[itemsTransfer] ([itemsTransId], [quantity], [invoiceId], [createDate], [updateDate], [createUserId], [updateUserId], [notes], [price], [itemUnitId], [itemSerial], [inventoryItemLocId], [offerId], [profit], [purchasePrice], [cause], [itemTax], [itemUnitPrice], [offerValue], [offerType], [forAgents]) VALUES (722, 1, 268, CAST(N'2022-04-16T12:38:13.4408141' AS DateTime2), CAST(N'2022-04-16T12:38:13.4408141' AS DateTime2), 2, 2, NULL, CAST(5000.000 AS Decimal(20, 3)), 11, N'', NULL, NULL, CAST(0.000 AS Decimal(20, 3)), CAST(0.000 AS Decimal(20, 3)), NULL, CAST(0.000 AS Decimal(20, 3)), CAST(5000.000 AS Decimal(20, 3)), CAST(0.000 AS Decimal(20, 3)), CAST(1 AS Decimal(4, 0)), NULL)
GO
INSERT [dbo].[itemsTransfer] ([itemsTransId], [quantity], [invoiceId], [createDate], [updateDate], [createUserId], [updateUserId], [notes], [price], [itemUnitId], [itemSerial], [inventoryItemLocId], [offerId], [profit], [purchasePrice], [cause], [itemTax], [itemUnitPrice], [offerValue], [offerType], [forAgents]) VALUES (723, 1, 268, CAST(N'2022-04-16T12:38:13.4438049' AS DateTime2), CAST(N'2022-04-16T12:38:13.4438049' AS DateTime2), 2, 2, NULL, CAST(5000.000 AS Decimal(20, 3)), 8, N'', NULL, NULL, CAST(0.000 AS Decimal(20, 3)), CAST(0.000 AS Decimal(20, 3)), NULL, CAST(0.000 AS Decimal(20, 3)), CAST(5000.000 AS Decimal(20, 3)), CAST(0.000 AS Decimal(20, 3)), CAST(1 AS Decimal(4, 0)), NULL)
GO
INSERT [dbo].[itemsTransfer] ([itemsTransId], [quantity], [invoiceId], [createDate], [updateDate], [createUserId], [updateUserId], [notes], [price], [itemUnitId], [itemSerial], [inventoryItemLocId], [offerId], [profit], [purchasePrice], [cause], [itemTax], [itemUnitPrice], [offerValue], [offerType], [forAgents]) VALUES (724, 1, 269, CAST(N'2022-04-16T12:38:26.5916582' AS DateTime2), CAST(N'2022-04-16T12:38:26.5916582' AS DateTime2), 2, 2, NULL, CAST(600.000 AS Decimal(20, 3)), 16, N'', NULL, NULL, CAST(0.000 AS Decimal(20, 3)), CAST(0.000 AS Decimal(20, 3)), NULL, CAST(0.000 AS Decimal(20, 3)), CAST(600.000 AS Decimal(20, 3)), CAST(0.000 AS Decimal(20, 3)), CAST(1 AS Decimal(4, 0)), NULL)
GO
INSERT [dbo].[itemsTransfer] ([itemsTransId], [quantity], [invoiceId], [createDate], [updateDate], [createUserId], [updateUserId], [notes], [price], [itemUnitId], [itemSerial], [inventoryItemLocId], [offerId], [profit], [purchasePrice], [cause], [itemTax], [itemUnitPrice], [offerValue], [offerType], [forAgents]) VALUES (725, 1, 269, CAST(N'2022-04-16T12:38:26.6046225' AS DateTime2), CAST(N'2022-04-16T12:38:26.6046225' AS DateTime2), 2, 2, NULL, CAST(4000.000 AS Decimal(20, 3)), 15, N'', NULL, NULL, CAST(0.000 AS Decimal(20, 3)), CAST(0.000 AS Decimal(20, 3)), NULL, CAST(0.000 AS Decimal(20, 3)), CAST(4000.000 AS Decimal(20, 3)), CAST(0.000 AS Decimal(20, 3)), CAST(1 AS Decimal(4, 0)), NULL)
GO
INSERT [dbo].[itemsTransfer] ([itemsTransId], [quantity], [invoiceId], [createDate], [updateDate], [createUserId], [updateUserId], [notes], [price], [itemUnitId], [itemSerial], [inventoryItemLocId], [offerId], [profit], [purchasePrice], [cause], [itemTax], [itemUnitPrice], [offerValue], [offerType], [forAgents]) VALUES (726, 1, 269, CAST(N'2022-04-16T12:38:26.6076148' AS DateTime2), CAST(N'2022-04-16T12:38:26.6076148' AS DateTime2), 2, 2, NULL, CAST(5000.000 AS Decimal(20, 3)), 11, N'', NULL, NULL, CAST(0.000 AS Decimal(20, 3)), CAST(0.000 AS Decimal(20, 3)), NULL, CAST(0.000 AS Decimal(20, 3)), CAST(5000.000 AS Decimal(20, 3)), CAST(0.000 AS Decimal(20, 3)), CAST(1 AS Decimal(4, 0)), NULL)
GO
INSERT [dbo].[itemsTransfer] ([itemsTransId], [quantity], [invoiceId], [createDate], [updateDate], [createUserId], [updateUserId], [notes], [price], [itemUnitId], [itemSerial], [inventoryItemLocId], [offerId], [profit], [purchasePrice], [cause], [itemTax], [itemUnitPrice], [offerValue], [offerType], [forAgents]) VALUES (729, 20, 272, CAST(N'2022-04-16T12:49:01.7737721' AS DateTime2), CAST(N'2022-04-16T12:49:01.7737721' AS DateTime2), 2, 2, NULL, CAST(2000.000 AS Decimal(20, 3)), 29, N'', NULL, NULL, CAST(0.000 AS Decimal(20, 3)), CAST(0.000 AS Decimal(20, 3)), NULL, NULL, NULL, NULL, NULL, NULL)
GO
INSERT [dbo].[itemsTransfer] ([itemsTransId], [quantity], [invoiceId], [createDate], [updateDate], [createUserId], [updateUserId], [notes], [price], [itemUnitId], [itemSerial], [inventoryItemLocId], [offerId], [profit], [purchasePrice], [cause], [itemTax], [itemUnitPrice], [offerValue], [offerType], [forAgents]) VALUES (730, 20, 272, CAST(N'2022-04-16T12:49:01.7807528' AS DateTime2), CAST(N'2022-04-16T12:49:01.7807528' AS DateTime2), 2, 2, NULL, CAST(15000.000 AS Decimal(20, 3)), 31, N'', NULL, NULL, CAST(0.000 AS Decimal(20, 3)), CAST(0.000 AS Decimal(20, 3)), NULL, NULL, NULL, NULL, NULL, NULL)
GO
INSERT [dbo].[itemsTransfer] ([itemsTransId], [quantity], [invoiceId], [createDate], [updateDate], [createUserId], [updateUserId], [notes], [price], [itemUnitId], [itemSerial], [inventoryItemLocId], [offerId], [profit], [purchasePrice], [cause], [itemTax], [itemUnitPrice], [offerValue], [offerType], [forAgents]) VALUES (736, 50, 276, CAST(N'2022-04-16T13:30:29.4705501' AS DateTime2), CAST(N'2022-04-16T13:30:29.4705501' AS DateTime2), 17, 17, NULL, CAST(0.000 AS Decimal(20, 3)), 31, N'', NULL, NULL, CAST(0.000 AS Decimal(20, 3)), CAST(0.000 AS Decimal(20, 3)), NULL, NULL, NULL, NULL, NULL, NULL)
GO
INSERT [dbo].[itemsTransfer] ([itemsTransId], [quantity], [invoiceId], [createDate], [updateDate], [createUserId], [updateUserId], [notes], [price], [itemUnitId], [itemSerial], [inventoryItemLocId], [offerId], [profit], [purchasePrice], [cause], [itemTax], [itemUnitPrice], [offerValue], [offerType], [forAgents]) VALUES (746, 5, 278, CAST(N'2022-04-16T14:07:37.8653023' AS DateTime2), CAST(N'2022-04-16T14:07:37.8653023' AS DateTime2), 2, 2, NULL, CAST(0.000 AS Decimal(20, 3)), 31, N'', NULL, NULL, CAST(0.000 AS Decimal(20, 3)), CAST(0.000 AS Decimal(20, 3)), NULL, NULL, NULL, NULL, NULL, NULL)
GO
INSERT [dbo].[itemsTransfer] ([itemsTransId], [quantity], [invoiceId], [createDate], [updateDate], [createUserId], [updateUserId], [notes], [price], [itemUnitId], [itemSerial], [inventoryItemLocId], [offerId], [profit], [purchasePrice], [cause], [itemTax], [itemUnitPrice], [offerValue], [offerType], [forAgents]) VALUES (747, 100, 279, CAST(N'2022-04-16T14:08:19.5877680' AS DateTime2), CAST(N'2022-04-16T14:08:19.5877680' AS DateTime2), 17, 17, NULL, CAST(0.000 AS Decimal(20, 3)), 28, N'', NULL, NULL, CAST(0.000 AS Decimal(20, 3)), CAST(0.000 AS Decimal(20, 3)), NULL, NULL, NULL, NULL, NULL, NULL)
GO
INSERT [dbo].[itemsTransfer] ([itemsTransId], [quantity], [invoiceId], [createDate], [updateDate], [createUserId], [updateUserId], [notes], [price], [itemUnitId], [itemSerial], [inventoryItemLocId], [offerId], [profit], [purchasePrice], [cause], [itemTax], [itemUnitPrice], [offerValue], [offerType], [forAgents]) VALUES (748, 20, 279, CAST(N'2022-04-16T14:08:19.5957466' AS DateTime2), CAST(N'2022-04-16T14:08:19.5957466' AS DateTime2), 17, 17, NULL, CAST(0.000 AS Decimal(20, 3)), 19, N'', NULL, NULL, CAST(0.000 AS Decimal(20, 3)), CAST(0.000 AS Decimal(20, 3)), NULL, NULL, NULL, NULL, NULL, NULL)
GO
INSERT [dbo].[itemsTransfer] ([itemsTransId], [quantity], [invoiceId], [createDate], [updateDate], [createUserId], [updateUserId], [notes], [price], [itemUnitId], [itemSerial], [inventoryItemLocId], [offerId], [profit], [purchasePrice], [cause], [itemTax], [itemUnitPrice], [offerValue], [offerType], [forAgents]) VALUES (749, 5, 279, CAST(N'2022-04-16T14:08:19.5977407' AS DateTime2), CAST(N'2022-04-16T14:08:19.5977407' AS DateTime2), 17, 17, NULL, CAST(0.000 AS Decimal(20, 3)), 22, N'', NULL, NULL, CAST(0.000 AS Decimal(20, 3)), CAST(0.000 AS Decimal(20, 3)), NULL, NULL, NULL, NULL, NULL, NULL)
GO
INSERT [dbo].[itemsTransfer] ([itemsTransId], [quantity], [invoiceId], [createDate], [updateDate], [createUserId], [updateUserId], [notes], [price], [itemUnitId], [itemSerial], [inventoryItemLocId], [offerId], [profit], [purchasePrice], [cause], [itemTax], [itemUnitPrice], [offerValue], [offerType], [forAgents]) VALUES (750, 100, 280, CAST(N'2022-04-16T14:29:16.7286692' AS DateTime2), CAST(N'2022-04-16T14:29:16.7286692' AS DateTime2), 17, 17, NULL, CAST(10.000 AS Decimal(20, 3)), 22, N'', NULL, NULL, CAST(0.000 AS Decimal(20, 3)), CAST(0.000 AS Decimal(20, 3)), NULL, NULL, NULL, NULL, NULL, NULL)
GO
INSERT [dbo].[itemsTransfer] ([itemsTransId], [quantity], [invoiceId], [createDate], [updateDate], [createUserId], [updateUserId], [notes], [price], [itemUnitId], [itemSerial], [inventoryItemLocId], [offerId], [profit], [purchasePrice], [cause], [itemTax], [itemUnitPrice], [offerValue], [offerType], [forAgents]) VALUES (751, 10, 275, CAST(N'2022-04-16T14:29:47.4694887' AS DateTime2), CAST(N'2022-04-16T14:29:47.4694887' AS DateTime2), 17, 17, NULL, CAST(0.000 AS Decimal(20, 3)), 22, N'', NULL, NULL, CAST(0.000 AS Decimal(20, 3)), CAST(0.000 AS Decimal(20, 3)), NULL, NULL, NULL, NULL, NULL, NULL)
GO
INSERT [dbo].[itemsTransfer] ([itemsTransId], [quantity], [invoiceId], [createDate], [updateDate], [createUserId], [updateUserId], [notes], [price], [itemUnitId], [itemSerial], [inventoryItemLocId], [offerId], [profit], [purchasePrice], [cause], [itemTax], [itemUnitPrice], [offerValue], [offerType], [forAgents]) VALUES (752, 10, 281, CAST(N'2022-04-16T14:30:05.6309444' AS DateTime2), CAST(N'2022-04-16T14:30:05.6309444' AS DateTime2), 17, 17, NULL, CAST(0.000 AS Decimal(20, 3)), 22, N'', NULL, NULL, CAST(0.000 AS Decimal(20, 3)), CAST(0.000 AS Decimal(20, 3)), NULL, NULL, NULL, NULL, NULL, NULL)
GO
INSERT [dbo].[itemsTransfer] ([itemsTransId], [quantity], [invoiceId], [createDate], [updateDate], [createUserId], [updateUserId], [notes], [price], [itemUnitId], [itemSerial], [inventoryItemLocId], [offerId], [profit], [purchasePrice], [cause], [itemTax], [itemUnitPrice], [offerValue], [offerType], [forAgents]) VALUES (759, 1, 282, CAST(N'2022-04-16T16:39:05.7909596' AS DateTime2), CAST(N'2022-04-16T16:39:05.7909596' AS DateTime2), 2, 2, NULL, CAST(5000.000 AS Decimal(20, 3)), 8, N'', NULL, NULL, CAST(0.000 AS Decimal(20, 3)), CAST(0.000 AS Decimal(20, 3)), NULL, CAST(0.000 AS Decimal(20, 3)), CAST(5000.000 AS Decimal(20, 3)), CAST(0.000 AS Decimal(20, 3)), CAST(1 AS Decimal(4, 0)), NULL)
GO
INSERT [dbo].[itemsTransfer] ([itemsTransId], [quantity], [invoiceId], [createDate], [updateDate], [createUserId], [updateUserId], [notes], [price], [itemUnitId], [itemSerial], [inventoryItemLocId], [offerId], [profit], [purchasePrice], [cause], [itemTax], [itemUnitPrice], [offerValue], [offerType], [forAgents]) VALUES (760, 1, 282, CAST(N'2022-04-16T16:39:05.7969461' AS DateTime2), CAST(N'2022-04-16T16:39:05.7969461' AS DateTime2), 2, 2, NULL, CAST(5000.000 AS Decimal(20, 3)), 11, N'', NULL, NULL, CAST(0.000 AS Decimal(20, 3)), CAST(0.000 AS Decimal(20, 3)), NULL, CAST(0.000 AS Decimal(20, 3)), CAST(5000.000 AS Decimal(20, 3)), CAST(0.000 AS Decimal(20, 3)), CAST(1 AS Decimal(4, 0)), NULL)
GO
INSERT [dbo].[itemsTransfer] ([itemsTransId], [quantity], [invoiceId], [createDate], [updateDate], [createUserId], [updateUserId], [notes], [price], [itemUnitId], [itemSerial], [inventoryItemLocId], [offerId], [profit], [purchasePrice], [cause], [itemTax], [itemUnitPrice], [offerValue], [offerType], [forAgents]) VALUES (761, 1, 282, CAST(N'2022-04-16T16:39:05.8009327' AS DateTime2), CAST(N'2022-04-16T16:39:05.8009327' AS DateTime2), 2, 2, NULL, CAST(4000.000 AS Decimal(20, 3)), 15, N'', NULL, NULL, CAST(0.000 AS Decimal(20, 3)), CAST(0.000 AS Decimal(20, 3)), NULL, CAST(0.000 AS Decimal(20, 3)), CAST(4000.000 AS Decimal(20, 3)), CAST(0.000 AS Decimal(20, 3)), CAST(1 AS Decimal(4, 0)), NULL)
GO
INSERT [dbo].[itemsTransfer] ([itemsTransId], [quantity], [invoiceId], [createDate], [updateDate], [createUserId], [updateUserId], [notes], [price], [itemUnitId], [itemSerial], [inventoryItemLocId], [offerId], [profit], [purchasePrice], [cause], [itemTax], [itemUnitPrice], [offerValue], [offerType], [forAgents]) VALUES (768, 1, 277, CAST(N'2022-04-16T16:39:43.9414322' AS DateTime2), CAST(N'2022-04-16T16:39:43.9414322' AS DateTime2), 2, 2, NULL, CAST(4000.000 AS Decimal(20, 3)), 15, N'', NULL, NULL, CAST(0.000 AS Decimal(20, 3)), CAST(0.000 AS Decimal(20, 3)), NULL, CAST(0.000 AS Decimal(20, 3)), CAST(4000.000 AS Decimal(20, 3)), CAST(0.000 AS Decimal(20, 3)), CAST(1 AS Decimal(4, 0)), NULL)
GO
INSERT [dbo].[itemsTransfer] ([itemsTransId], [quantity], [invoiceId], [createDate], [updateDate], [createUserId], [updateUserId], [notes], [price], [itemUnitId], [itemSerial], [inventoryItemLocId], [offerId], [profit], [purchasePrice], [cause], [itemTax], [itemUnitPrice], [offerValue], [offerType], [forAgents]) VALUES (769, 1, 277, CAST(N'2022-04-16T16:39:43.9434273' AS DateTime2), CAST(N'2022-04-16T16:39:43.9434273' AS DateTime2), 2, 2, NULL, CAST(5000.000 AS Decimal(20, 3)), 11, N'', NULL, NULL, CAST(0.000 AS Decimal(20, 3)), CAST(0.000 AS Decimal(20, 3)), NULL, CAST(0.000 AS Decimal(20, 3)), CAST(5000.000 AS Decimal(20, 3)), CAST(0.000 AS Decimal(20, 3)), CAST(1 AS Decimal(4, 0)), NULL)
GO
INSERT [dbo].[itemsTransfer] ([itemsTransId], [quantity], [invoiceId], [createDate], [updateDate], [createUserId], [updateUserId], [notes], [price], [itemUnitId], [itemSerial], [inventoryItemLocId], [offerId], [profit], [purchasePrice], [cause], [itemTax], [itemUnitPrice], [offerValue], [offerType], [forAgents]) VALUES (770, 1, 277, CAST(N'2022-04-16T16:39:43.9454217' AS DateTime2), CAST(N'2022-04-16T16:39:43.9454217' AS DateTime2), 2, 2, NULL, CAST(10000.000 AS Decimal(20, 3)), 25, N'', NULL, NULL, CAST(0.000 AS Decimal(20, 3)), CAST(0.000 AS Decimal(20, 3)), NULL, CAST(0.000 AS Decimal(20, 3)), CAST(10000.000 AS Decimal(20, 3)), CAST(0.000 AS Decimal(20, 3)), CAST(1 AS Decimal(4, 0)), NULL)
GO
INSERT [dbo].[itemsTransfer] ([itemsTransId], [quantity], [invoiceId], [createDate], [updateDate], [createUserId], [updateUserId], [notes], [price], [itemUnitId], [itemSerial], [inventoryItemLocId], [offerId], [profit], [purchasePrice], [cause], [itemTax], [itemUnitPrice], [offerValue], [offerType], [forAgents]) VALUES (794, 1, 287, CAST(N'2022-04-16T17:23:11.7343609' AS DateTime2), CAST(N'2022-04-16T17:23:11.7343609' AS DateTime2), 2, 2, NULL, CAST(5000.000 AS Decimal(20, 3)), 11, N'', NULL, NULL, CAST(0.000 AS Decimal(20, 3)), CAST(0.000 AS Decimal(20, 3)), NULL, CAST(0.000 AS Decimal(20, 3)), CAST(5000.000 AS Decimal(20, 3)), CAST(0.000 AS Decimal(20, 3)), CAST(1 AS Decimal(4, 0)), NULL)
GO
INSERT [dbo].[itemsTransfer] ([itemsTransId], [quantity], [invoiceId], [createDate], [updateDate], [createUserId], [updateUserId], [notes], [price], [itemUnitId], [itemSerial], [inventoryItemLocId], [offerId], [profit], [purchasePrice], [cause], [itemTax], [itemUnitPrice], [offerValue], [offerType], [forAgents]) VALUES (795, 1, 287, CAST(N'2022-04-16T17:23:11.7373525' AS DateTime2), CAST(N'2022-04-16T17:23:11.7373525' AS DateTime2), 2, 2, NULL, CAST(4000.000 AS Decimal(20, 3)), 15, N'', NULL, NULL, CAST(0.000 AS Decimal(20, 3)), CAST(0.000 AS Decimal(20, 3)), NULL, CAST(0.000 AS Decimal(20, 3)), CAST(4000.000 AS Decimal(20, 3)), CAST(0.000 AS Decimal(20, 3)), CAST(1 AS Decimal(4, 0)), NULL)
GO
INSERT [dbo].[itemsTransfer] ([itemsTransId], [quantity], [invoiceId], [createDate], [updateDate], [createUserId], [updateUserId], [notes], [price], [itemUnitId], [itemSerial], [inventoryItemLocId], [offerId], [profit], [purchasePrice], [cause], [itemTax], [itemUnitPrice], [offerValue], [offerType], [forAgents]) VALUES (796, 1, 287, CAST(N'2022-04-16T17:23:11.7413413' AS DateTime2), CAST(N'2022-04-16T17:23:11.7413413' AS DateTime2), 2, 2, NULL, CAST(600.000 AS Decimal(20, 3)), 16, N'', NULL, NULL, CAST(0.000 AS Decimal(20, 3)), CAST(0.000 AS Decimal(20, 3)), NULL, CAST(0.000 AS Decimal(20, 3)), CAST(600.000 AS Decimal(20, 3)), CAST(0.000 AS Decimal(20, 3)), CAST(1 AS Decimal(4, 0)), NULL)
GO
INSERT [dbo].[itemsTransfer] ([itemsTransId], [quantity], [invoiceId], [createDate], [updateDate], [createUserId], [updateUserId], [notes], [price], [itemUnitId], [itemSerial], [inventoryItemLocId], [offerId], [profit], [purchasePrice], [cause], [itemTax], [itemUnitPrice], [offerValue], [offerType], [forAgents]) VALUES (797, 1, 287, CAST(N'2022-04-16T17:23:11.7443340' AS DateTime2), CAST(N'2022-04-16T17:23:11.7443340' AS DateTime2), 2, 2, NULL, CAST(10000.000 AS Decimal(20, 3)), 23, N'', NULL, NULL, CAST(0.000 AS Decimal(20, 3)), CAST(0.000 AS Decimal(20, 3)), NULL, CAST(0.000 AS Decimal(20, 3)), CAST(10000.000 AS Decimal(20, 3)), CAST(0.000 AS Decimal(20, 3)), CAST(1 AS Decimal(4, 0)), NULL)
GO
INSERT [dbo].[itemsTransfer] ([itemsTransId], [quantity], [invoiceId], [createDate], [updateDate], [createUserId], [updateUserId], [notes], [price], [itemUnitId], [itemSerial], [inventoryItemLocId], [offerId], [profit], [purchasePrice], [cause], [itemTax], [itemUnitPrice], [offerValue], [offerType], [forAgents]) VALUES (853, 1, 289, CAST(N'2022-04-17T11:18:44.8822823' AS DateTime2), CAST(N'2022-04-17T11:18:44.8822823' AS DateTime2), 2, 2, NULL, CAST(4000.000 AS Decimal(20, 3)), 15, N'', NULL, NULL, CAST(0.000 AS Decimal(20, 3)), CAST(0.000 AS Decimal(20, 3)), NULL, CAST(0.000 AS Decimal(20, 3)), CAST(4000.000 AS Decimal(20, 3)), CAST(0.000 AS Decimal(20, 3)), CAST(1 AS Decimal(4, 0)), NULL)
GO
INSERT [dbo].[itemsTransfer] ([itemsTransId], [quantity], [invoiceId], [createDate], [updateDate], [createUserId], [updateUserId], [notes], [price], [itemUnitId], [itemSerial], [inventoryItemLocId], [offerId], [profit], [purchasePrice], [cause], [itemTax], [itemUnitPrice], [offerValue], [offerType], [forAgents]) VALUES (854, 1, 289, CAST(N'2022-04-17T11:18:44.8892611' AS DateTime2), CAST(N'2022-04-17T11:18:44.8892611' AS DateTime2), 2, 2, NULL, CAST(5000.000 AS Decimal(20, 3)), 11, N'', NULL, NULL, CAST(0.000 AS Decimal(20, 3)), CAST(0.000 AS Decimal(20, 3)), NULL, CAST(0.000 AS Decimal(20, 3)), CAST(5000.000 AS Decimal(20, 3)), CAST(0.000 AS Decimal(20, 3)), CAST(1 AS Decimal(4, 0)), NULL)
GO
INSERT [dbo].[itemsTransfer] ([itemsTransId], [quantity], [invoiceId], [createDate], [updateDate], [createUserId], [updateUserId], [notes], [price], [itemUnitId], [itemSerial], [inventoryItemLocId], [offerId], [profit], [purchasePrice], [cause], [itemTax], [itemUnitPrice], [offerValue], [offerType], [forAgents]) VALUES (855, 1, 289, CAST(N'2022-04-17T11:18:44.8932506' AS DateTime2), CAST(N'2022-04-17T11:18:44.8932506' AS DateTime2), 2, 2, NULL, CAST(5000.000 AS Decimal(20, 3)), 8, N'', NULL, NULL, CAST(0.000 AS Decimal(20, 3)), CAST(0.000 AS Decimal(20, 3)), NULL, CAST(0.000 AS Decimal(20, 3)), CAST(5000.000 AS Decimal(20, 3)), CAST(0.000 AS Decimal(20, 3)), CAST(1 AS Decimal(4, 0)), NULL)
GO
INSERT [dbo].[itemsTransfer] ([itemsTransId], [quantity], [invoiceId], [createDate], [updateDate], [createUserId], [updateUserId], [notes], [price], [itemUnitId], [itemSerial], [inventoryItemLocId], [offerId], [profit], [purchasePrice], [cause], [itemTax], [itemUnitPrice], [offerValue], [offerType], [forAgents]) VALUES (856, 100, 290, CAST(N'2022-04-17T11:57:02.9140999' AS DateTime2), CAST(N'2022-04-17T11:57:02.9140999' AS DateTime2), 17, 17, NULL, CAST(100.000 AS Decimal(20, 3)), 19, N'', NULL, NULL, CAST(0.000 AS Decimal(20, 3)), CAST(0.000 AS Decimal(20, 3)), NULL, NULL, NULL, NULL, NULL, NULL)
GO
INSERT [dbo].[itemsTransfer] ([itemsTransId], [quantity], [invoiceId], [createDate], [updateDate], [createUserId], [updateUserId], [notes], [price], [itemUnitId], [itemSerial], [inventoryItemLocId], [offerId], [profit], [purchasePrice], [cause], [itemTax], [itemUnitPrice], [offerValue], [offerType], [forAgents]) VALUES (857, 25, 291, CAST(N'2022-04-17T11:57:30.6212712' AS DateTime2), CAST(N'2022-04-17T11:57:30.6212712' AS DateTime2), 17, 17, NULL, CAST(1000.000 AS Decimal(20, 3)), 31, N'', NULL, NULL, CAST(0.000 AS Decimal(20, 3)), CAST(0.000 AS Decimal(20, 3)), NULL, NULL, NULL, NULL, NULL, NULL)
GO
INSERT [dbo].[itemsTransfer] ([itemsTransId], [quantity], [invoiceId], [createDate], [updateDate], [createUserId], [updateUserId], [notes], [price], [itemUnitId], [itemSerial], [inventoryItemLocId], [offerId], [profit], [purchasePrice], [cause], [itemTax], [itemUnitPrice], [offerValue], [offerType], [forAgents]) VALUES (858, 100, 292, CAST(N'2022-04-17T11:57:50.1569844' AS DateTime2), CAST(N'2022-04-17T11:57:50.1569844' AS DateTime2), 17, 17, NULL, CAST(100.000 AS Decimal(20, 3)), 28, N'', NULL, NULL, CAST(0.000 AS Decimal(20, 3)), CAST(0.000 AS Decimal(20, 3)), NULL, NULL, NULL, NULL, NULL, NULL)
GO
INSERT [dbo].[itemsTransfer] ([itemsTransId], [quantity], [invoiceId], [createDate], [updateDate], [createUserId], [updateUserId], [notes], [price], [itemUnitId], [itemSerial], [inventoryItemLocId], [offerId], [profit], [purchasePrice], [cause], [itemTax], [itemUnitPrice], [offerValue], [offerType], [forAgents]) VALUES (859, 100, 273, CAST(N'2022-04-17T11:58:07.8436806' AS DateTime2), CAST(N'2022-04-17T11:58:07.8436806' AS DateTime2), 17, 17, NULL, CAST(0.000 AS Decimal(20, 3)), 28, N'', NULL, NULL, CAST(0.000 AS Decimal(20, 3)), CAST(0.000 AS Decimal(20, 3)), NULL, NULL, NULL, NULL, NULL, NULL)
GO
INSERT [dbo].[itemsTransfer] ([itemsTransId], [quantity], [invoiceId], [createDate], [updateDate], [createUserId], [updateUserId], [notes], [price], [itemUnitId], [itemSerial], [inventoryItemLocId], [offerId], [profit], [purchasePrice], [cause], [itemTax], [itemUnitPrice], [offerValue], [offerType], [forAgents]) VALUES (860, 1, 274, CAST(N'2022-04-17T11:58:24.7928434' AS DateTime2), CAST(N'2022-04-17T11:58:24.7928434' AS DateTime2), 17, 17, NULL, CAST(0.000 AS Decimal(20, 3)), 19, N'', NULL, NULL, CAST(0.000 AS Decimal(20, 3)), CAST(0.000 AS Decimal(20, 3)), NULL, NULL, NULL, NULL, NULL, NULL)
GO
INSERT [dbo].[itemsTransfer] ([itemsTransId], [quantity], [invoiceId], [createDate], [updateDate], [createUserId], [updateUserId], [notes], [price], [itemUnitId], [itemSerial], [inventoryItemLocId], [offerId], [profit], [purchasePrice], [cause], [itemTax], [itemUnitPrice], [offerValue], [offerType], [forAgents]) VALUES (861, 100, 293, CAST(N'2022-04-17T11:59:34.0780737' AS DateTime2), CAST(N'2022-04-17T11:59:34.0780737' AS DateTime2), 17, 17, NULL, CAST(0.000 AS Decimal(20, 3)), 22, N'', NULL, NULL, CAST(0.000 AS Decimal(20, 3)), CAST(0.000 AS Decimal(20, 3)), NULL, NULL, NULL, NULL, NULL, NULL)
GO
INSERT [dbo].[itemsTransfer] ([itemsTransId], [quantity], [invoiceId], [createDate], [updateDate], [createUserId], [updateUserId], [notes], [price], [itemUnitId], [itemSerial], [inventoryItemLocId], [offerId], [profit], [purchasePrice], [cause], [itemTax], [itemUnitPrice], [offerValue], [offerType], [forAgents]) VALUES (862, 100, 294, CAST(N'2022-04-17T12:00:15.1154542' AS DateTime2), CAST(N'2022-04-17T12:00:15.1154542' AS DateTime2), 17, 17, NULL, CAST(0.000 AS Decimal(20, 3)), 31, N'', NULL, NULL, CAST(0.000 AS Decimal(20, 3)), CAST(0.000 AS Decimal(20, 3)), NULL, NULL, NULL, NULL, NULL, NULL)
GO
INSERT [dbo].[itemsTransfer] ([itemsTransId], [quantity], [invoiceId], [createDate], [updateDate], [createUserId], [updateUserId], [notes], [price], [itemUnitId], [itemSerial], [inventoryItemLocId], [offerId], [profit], [purchasePrice], [cause], [itemTax], [itemUnitPrice], [offerValue], [offerType], [forAgents]) VALUES (863, 50, 295, CAST(N'2022-04-17T12:00:50.4202043' AS DateTime2), CAST(N'2022-04-17T12:00:50.4202043' AS DateTime2), 17, 17, NULL, CAST(0.000 AS Decimal(20, 3)), 22, N'', NULL, NULL, CAST(0.000 AS Decimal(20, 3)), CAST(0.000 AS Decimal(20, 3)), NULL, NULL, NULL, NULL, NULL, NULL)
GO
INSERT [dbo].[itemsTransfer] ([itemsTransId], [quantity], [invoiceId], [createDate], [updateDate], [createUserId], [updateUserId], [notes], [price], [itemUnitId], [itemSerial], [inventoryItemLocId], [offerId], [profit], [purchasePrice], [cause], [itemTax], [itemUnitPrice], [offerValue], [offerType], [forAgents]) VALUES (869, 1, 302, CAST(N'2022-04-17T13:21:29.8204956' AS DateTime2), CAST(N'2022-04-17T13:21:29.8204956' AS DateTime2), 18, 18, NULL, CAST(20000.000 AS Decimal(20, 3)), 26, N'', NULL, NULL, CAST(0.000 AS Decimal(20, 3)), CAST(0.000 AS Decimal(20, 3)), NULL, CAST(0.000 AS Decimal(20, 3)), CAST(20000.000 AS Decimal(20, 3)), CAST(0.000 AS Decimal(20, 3)), CAST(1 AS Decimal(4, 0)), NULL)
GO
INSERT [dbo].[itemsTransfer] ([itemsTransId], [quantity], [invoiceId], [createDate], [updateDate], [createUserId], [updateUserId], [notes], [price], [itemUnitId], [itemSerial], [inventoryItemLocId], [offerId], [profit], [purchasePrice], [cause], [itemTax], [itemUnitPrice], [offerValue], [offerType], [forAgents]) VALUES (875, 100, 308, CAST(N'2022-04-17T13:46:37.4415561' AS DateTime2), CAST(N'2022-04-17T13:46:37.4415561' AS DateTime2), 17, 17, NULL, CAST(10.000 AS Decimal(20, 3)), 18, N'', NULL, NULL, CAST(0.000 AS Decimal(20, 3)), CAST(0.000 AS Decimal(20, 3)), NULL, NULL, NULL, NULL, NULL, NULL)
GO
INSERT [dbo].[itemsTransfer] ([itemsTransId], [quantity], [invoiceId], [createDate], [updateDate], [createUserId], [updateUserId], [notes], [price], [itemUnitId], [itemSerial], [inventoryItemLocId], [offerId], [profit], [purchasePrice], [cause], [itemTax], [itemUnitPrice], [offerValue], [offerType], [forAgents]) VALUES (876, 30, 308, CAST(N'2022-04-17T13:46:37.4475393' AS DateTime2), CAST(N'2022-04-17T13:46:37.4475393' AS DateTime2), 17, 17, NULL, CAST(30.000 AS Decimal(20, 3)), 29, N'', NULL, NULL, CAST(0.000 AS Decimal(20, 3)), CAST(0.000 AS Decimal(20, 3)), NULL, NULL, NULL, NULL, NULL, NULL)
GO
INSERT [dbo].[itemsTransfer] ([itemsTransId], [quantity], [invoiceId], [createDate], [updateDate], [createUserId], [updateUserId], [notes], [price], [itemUnitId], [itemSerial], [inventoryItemLocId], [offerId], [profit], [purchasePrice], [cause], [itemTax], [itemUnitPrice], [offerValue], [offerType], [forAgents]) VALUES (877, 35, 308, CAST(N'2022-04-17T13:46:37.4505301' AS DateTime2), CAST(N'2022-04-17T13:46:37.4505301' AS DateTime2), 17, 17, NULL, CAST(100.000 AS Decimal(20, 3)), 31, N'', NULL, NULL, CAST(0.000 AS Decimal(20, 3)), CAST(0.000 AS Decimal(20, 3)), NULL, NULL, NULL, NULL, NULL, NULL)
GO
INSERT [dbo].[itemsTransfer] ([itemsTransId], [quantity], [invoiceId], [createDate], [updateDate], [createUserId], [updateUserId], [notes], [price], [itemUnitId], [itemSerial], [inventoryItemLocId], [offerId], [profit], [purchasePrice], [cause], [itemTax], [itemUnitPrice], [offerValue], [offerType], [forAgents]) VALUES (878, 20, 308, CAST(N'2022-04-17T13:46:37.4545290' AS DateTime2), CAST(N'2022-04-17T13:46:37.4545290' AS DateTime2), 17, 17, NULL, CAST(50.000 AS Decimal(20, 3)), 22, N'', NULL, NULL, CAST(0.000 AS Decimal(20, 3)), CAST(0.000 AS Decimal(20, 3)), NULL, NULL, NULL, NULL, NULL, NULL)
GO
INSERT [dbo].[itemsTransfer] ([itemsTransId], [quantity], [invoiceId], [createDate], [updateDate], [createUserId], [updateUserId], [notes], [price], [itemUnitId], [itemSerial], [inventoryItemLocId], [offerId], [profit], [purchasePrice], [cause], [itemTax], [itemUnitPrice], [offerValue], [offerType], [forAgents]) VALUES (879, 15, 306, CAST(N'2022-04-17T13:47:03.5328077' AS DateTime2), CAST(N'2022-04-17T13:47:03.5328077' AS DateTime2), 17, 17, NULL, CAST(0.000 AS Decimal(20, 3)), 29, N'', NULL, NULL, CAST(0.000 AS Decimal(20, 3)), CAST(0.000 AS Decimal(20, 3)), NULL, NULL, NULL, NULL, NULL, NULL)
GO
INSERT [dbo].[itemsTransfer] ([itemsTransId], [quantity], [invoiceId], [createDate], [updateDate], [createUserId], [updateUserId], [notes], [price], [itemUnitId], [itemSerial], [inventoryItemLocId], [offerId], [profit], [purchasePrice], [cause], [itemTax], [itemUnitPrice], [offerValue], [offerType], [forAgents]) VALUES (880, 100, 306, CAST(N'2022-04-17T13:47:03.5367938' AS DateTime2), CAST(N'2022-04-17T13:47:03.5367938' AS DateTime2), 17, 17, NULL, CAST(0.000 AS Decimal(20, 3)), 18, N'', NULL, NULL, CAST(0.000 AS Decimal(20, 3)), CAST(0.000 AS Decimal(20, 3)), NULL, NULL, NULL, NULL, NULL, NULL)
GO
INSERT [dbo].[itemsTransfer] ([itemsTransId], [quantity], [invoiceId], [createDate], [updateDate], [createUserId], [updateUserId], [notes], [price], [itemUnitId], [itemSerial], [inventoryItemLocId], [offerId], [profit], [purchasePrice], [cause], [itemTax], [itemUnitPrice], [offerValue], [offerType], [forAgents]) VALUES (881, 15, 307, CAST(N'2022-04-17T13:47:18.2774215' AS DateTime2), CAST(N'2022-04-17T13:47:18.2774215' AS DateTime2), 17, 17, NULL, CAST(0.000 AS Decimal(20, 3)), 31, N'', NULL, NULL, CAST(0.000 AS Decimal(20, 3)), CAST(0.000 AS Decimal(20, 3)), NULL, NULL, NULL, NULL, NULL, NULL)
GO
INSERT [dbo].[itemsTransfer] ([itemsTransId], [quantity], [invoiceId], [createDate], [updateDate], [createUserId], [updateUserId], [notes], [price], [itemUnitId], [itemSerial], [inventoryItemLocId], [offerId], [profit], [purchasePrice], [cause], [itemTax], [itemUnitPrice], [offerValue], [offerType], [forAgents]) VALUES (882, 5, 307, CAST(N'2022-04-17T13:47:18.2843724' AS DateTime2), CAST(N'2022-04-17T13:47:18.2843724' AS DateTime2), 17, 17, NULL, CAST(0.000 AS Decimal(20, 3)), 22, N'', NULL, NULL, CAST(0.000 AS Decimal(20, 3)), CAST(0.000 AS Decimal(20, 3)), NULL, NULL, NULL, NULL, NULL, NULL)
GO
INSERT [dbo].[itemsTransfer] ([itemsTransId], [quantity], [invoiceId], [createDate], [updateDate], [createUserId], [updateUserId], [notes], [price], [itemUnitId], [itemSerial], [inventoryItemLocId], [offerId], [profit], [purchasePrice], [cause], [itemTax], [itemUnitPrice], [offerValue], [offerType], [forAgents]) VALUES (883, 10, 307, CAST(N'2022-04-17T13:47:18.2873647' AS DateTime2), CAST(N'2022-04-17T13:47:18.2873647' AS DateTime2), 17, 17, NULL, CAST(0.000 AS Decimal(20, 3)), 29, N'', NULL, NULL, CAST(0.000 AS Decimal(20, 3)), CAST(0.000 AS Decimal(20, 3)), NULL, NULL, NULL, NULL, NULL, NULL)
GO
INSERT [dbo].[itemsTransfer] ([itemsTransId], [quantity], [invoiceId], [createDate], [updateDate], [createUserId], [updateUserId], [notes], [price], [itemUnitId], [itemSerial], [inventoryItemLocId], [offerId], [profit], [purchasePrice], [cause], [itemTax], [itemUnitPrice], [offerValue], [offerType], [forAgents]) VALUES (886, 150, 310, CAST(N'2022-04-17T13:56:35.8621447' AS DateTime2), CAST(N'2022-04-17T13:56:35.8621447' AS DateTime2), 17, 17, NULL, CAST(10.000 AS Decimal(20, 3)), 18, N'', NULL, NULL, CAST(0.000 AS Decimal(20, 3)), CAST(0.000 AS Decimal(20, 3)), NULL, NULL, NULL, NULL, NULL, NULL)
GO
INSERT [dbo].[itemsTransfer] ([itemsTransId], [quantity], [invoiceId], [createDate], [updateDate], [createUserId], [updateUserId], [notes], [price], [itemUnitId], [itemSerial], [inventoryItemLocId], [offerId], [profit], [purchasePrice], [cause], [itemTax], [itemUnitPrice], [offerValue], [offerType], [forAgents]) VALUES (887, 1, 309, CAST(N'2022-04-17T13:57:00.0788028' AS DateTime2), CAST(N'2022-04-17T13:57:00.0788028' AS DateTime2), 17, 17, NULL, CAST(0.000 AS Decimal(20, 3)), 31, N'', NULL, NULL, CAST(0.000 AS Decimal(20, 3)), CAST(0.000 AS Decimal(20, 3)), NULL, NULL, NULL, NULL, NULL, NULL)
GO
INSERT [dbo].[itemsTransfer] ([itemsTransId], [quantity], [invoiceId], [createDate], [updateDate], [createUserId], [updateUserId], [notes], [price], [itemUnitId], [itemSerial], [inventoryItemLocId], [offerId], [profit], [purchasePrice], [cause], [itemTax], [itemUnitPrice], [offerValue], [offerType], [forAgents]) VALUES (888, 50, 309, CAST(N'2022-04-17T13:57:00.0827919' AS DateTime2), CAST(N'2022-04-17T13:57:00.0827919' AS DateTime2), 17, 17, NULL, CAST(0.000 AS Decimal(20, 3)), 18, N'', NULL, NULL, CAST(0.000 AS Decimal(20, 3)), CAST(0.000 AS Decimal(20, 3)), NULL, NULL, NULL, NULL, NULL, NULL)
GO
INSERT [dbo].[itemsTransfer] ([itemsTransId], [quantity], [invoiceId], [createDate], [updateDate], [createUserId], [updateUserId], [notes], [price], [itemUnitId], [itemSerial], [inventoryItemLocId], [offerId], [profit], [purchasePrice], [cause], [itemTax], [itemUnitPrice], [offerValue], [offerType], [forAgents]) VALUES (890, 10, 311, CAST(N'2022-04-17T14:00:12.6624880' AS DateTime2), CAST(N'2022-04-17T14:00:12.6624880' AS DateTime2), 17, 17, NULL, CAST(0.000 AS Decimal(20, 3)), 18, N'', NULL, NULL, CAST(0.000 AS Decimal(20, 3)), CAST(0.000 AS Decimal(20, 3)), NULL, NULL, NULL, NULL, NULL, NULL)
GO
INSERT [dbo].[itemsTransfer] ([itemsTransId], [quantity], [invoiceId], [createDate], [updateDate], [createUserId], [updateUserId], [notes], [price], [itemUnitId], [itemSerial], [inventoryItemLocId], [offerId], [profit], [purchasePrice], [cause], [itemTax], [itemUnitPrice], [offerValue], [offerType], [forAgents]) VALUES (892, 1, 312, CAST(N'2022-04-17T14:01:20.8237235' AS DateTime2), CAST(N'2022-04-17T14:01:20.8237235' AS DateTime2), 17, 17, NULL, CAST(0.000 AS Decimal(20, 3)), 22, N'', NULL, NULL, CAST(0.000 AS Decimal(20, 3)), CAST(0.000 AS Decimal(20, 3)), NULL, NULL, NULL, NULL, NULL, NULL)
GO
INSERT [dbo].[itemsTransfer] ([itemsTransId], [quantity], [invoiceId], [createDate], [updateDate], [createUserId], [updateUserId], [notes], [price], [itemUnitId], [itemSerial], [inventoryItemLocId], [offerId], [profit], [purchasePrice], [cause], [itemTax], [itemUnitPrice], [offerValue], [offerType], [forAgents]) VALUES (905, 1, 284, CAST(N'2022-04-17T14:10:21.0496206' AS DateTime2), CAST(N'2022-04-17T14:10:21.0496206' AS DateTime2), 2, 2, NULL, CAST(600.000 AS Decimal(20, 3)), 16, N'', NULL, NULL, CAST(0.000 AS Decimal(20, 3)), CAST(0.000 AS Decimal(20, 3)), NULL, CAST(0.000 AS Decimal(20, 3)), CAST(600.000 AS Decimal(20, 3)), CAST(0.000 AS Decimal(20, 3)), CAST(1 AS Decimal(4, 0)), NULL)
GO
INSERT [dbo].[itemsTransfer] ([itemsTransId], [quantity], [invoiceId], [createDate], [updateDate], [createUserId], [updateUserId], [notes], [price], [itemUnitId], [itemSerial], [inventoryItemLocId], [offerId], [profit], [purchasePrice], [cause], [itemTax], [itemUnitPrice], [offerValue], [offerType], [forAgents]) VALUES (906, 2, 284, CAST(N'2022-04-17T14:10:21.0605875' AS DateTime2), CAST(N'2022-04-17T14:10:21.0605875' AS DateTime2), 2, 2, NULL, CAST(4000.000 AS Decimal(20, 3)), 15, N'', NULL, NULL, CAST(0.000 AS Decimal(20, 3)), CAST(0.000 AS Decimal(20, 3)), NULL, CAST(0.000 AS Decimal(20, 3)), CAST(4000.000 AS Decimal(20, 3)), CAST(0.000 AS Decimal(20, 3)), CAST(1 AS Decimal(4, 0)), NULL)
GO
INSERT [dbo].[itemsTransfer] ([itemsTransId], [quantity], [invoiceId], [createDate], [updateDate], [createUserId], [updateUserId], [notes], [price], [itemUnitId], [itemSerial], [inventoryItemLocId], [offerId], [profit], [purchasePrice], [cause], [itemTax], [itemUnitPrice], [offerValue], [offerType], [forAgents]) VALUES (907, 1, 284, CAST(N'2022-04-17T14:10:21.0745489' AS DateTime2), CAST(N'2022-04-17T14:10:21.0745489' AS DateTime2), 2, 2, NULL, CAST(5000.000 AS Decimal(20, 3)), 11, N'', NULL, NULL, CAST(0.000 AS Decimal(20, 3)), CAST(0.000 AS Decimal(20, 3)), NULL, CAST(0.000 AS Decimal(20, 3)), CAST(5000.000 AS Decimal(20, 3)), CAST(0.000 AS Decimal(20, 3)), CAST(1 AS Decimal(4, 0)), NULL)
GO
INSERT [dbo].[itemsTransfer] ([itemsTransId], [quantity], [invoiceId], [createDate], [updateDate], [createUserId], [updateUserId], [notes], [price], [itemUnitId], [itemSerial], [inventoryItemLocId], [offerId], [profit], [purchasePrice], [cause], [itemTax], [itemUnitPrice], [offerValue], [offerType], [forAgents]) VALUES (908, 4, 284, CAST(N'2022-04-17T14:10:21.0775401' AS DateTime2), CAST(N'2022-04-17T14:10:21.0775401' AS DateTime2), 2, 2, NULL, CAST(20000.000 AS Decimal(20, 3)), 26, N'', NULL, NULL, CAST(0.000 AS Decimal(20, 3)), CAST(0.000 AS Decimal(20, 3)), NULL, CAST(0.000 AS Decimal(20, 3)), CAST(20000.000 AS Decimal(20, 3)), CAST(0.000 AS Decimal(20, 3)), CAST(1 AS Decimal(4, 0)), NULL)
GO
INSERT [dbo].[itemsTransfer] ([itemsTransId], [quantity], [invoiceId], [createDate], [updateDate], [createUserId], [updateUserId], [notes], [price], [itemUnitId], [itemSerial], [inventoryItemLocId], [offerId], [profit], [purchasePrice], [cause], [itemTax], [itemUnitPrice], [offerValue], [offerType], [forAgents]) VALUES (921, 1, 313, CAST(N'2022-04-17T14:55:33.1879362' AS DateTime2), CAST(N'2022-04-17T14:55:33.1879362' AS DateTime2), 2, 2, NULL, CAST(10000.000 AS Decimal(20, 3)), 25, N'', NULL, NULL, CAST(0.000 AS Decimal(20, 3)), CAST(0.000 AS Decimal(20, 3)), NULL, CAST(0.000 AS Decimal(20, 3)), CAST(10000.000 AS Decimal(20, 3)), CAST(0.000 AS Decimal(20, 3)), CAST(1 AS Decimal(4, 0)), NULL)
GO
INSERT [dbo].[itemsTransfer] ([itemsTransId], [quantity], [invoiceId], [createDate], [updateDate], [createUserId], [updateUserId], [notes], [price], [itemUnitId], [itemSerial], [inventoryItemLocId], [offerId], [profit], [purchasePrice], [cause], [itemTax], [itemUnitPrice], [offerValue], [offerType], [forAgents]) VALUES (922, 1, 313, CAST(N'2022-04-17T14:55:33.1919246' AS DateTime2), CAST(N'2022-04-17T14:55:33.1919246' AS DateTime2), 2, 2, NULL, CAST(20000.000 AS Decimal(20, 3)), 26, N'', NULL, NULL, CAST(0.000 AS Decimal(20, 3)), CAST(0.000 AS Decimal(20, 3)), NULL, CAST(0.000 AS Decimal(20, 3)), CAST(20000.000 AS Decimal(20, 3)), CAST(0.000 AS Decimal(20, 3)), CAST(1 AS Decimal(4, 0)), NULL)
GO
INSERT [dbo].[itemsTransfer] ([itemsTransId], [quantity], [invoiceId], [createDate], [updateDate], [createUserId], [updateUserId], [notes], [price], [itemUnitId], [itemSerial], [inventoryItemLocId], [offerId], [profit], [purchasePrice], [cause], [itemTax], [itemUnitPrice], [offerValue], [offerType], [forAgents]) VALUES (923, 1, 313, CAST(N'2022-04-17T14:55:33.1949162' AS DateTime2), CAST(N'2022-04-17T14:55:33.1949162' AS DateTime2), 2, 2, NULL, CAST(20000.000 AS Decimal(20, 3)), 27, N'', NULL, NULL, CAST(0.000 AS Decimal(20, 3)), CAST(0.000 AS Decimal(20, 3)), NULL, CAST(0.000 AS Decimal(20, 3)), CAST(20000.000 AS Decimal(20, 3)), CAST(0.000 AS Decimal(20, 3)), CAST(1 AS Decimal(4, 0)), NULL)
GO
INSERT [dbo].[itemsTransfer] ([itemsTransId], [quantity], [invoiceId], [createDate], [updateDate], [createUserId], [updateUserId], [notes], [price], [itemUnitId], [itemSerial], [inventoryItemLocId], [offerId], [profit], [purchasePrice], [cause], [itemTax], [itemUnitPrice], [offerValue], [offerType], [forAgents]) VALUES (931, 1, 314, CAST(N'2022-04-17T14:57:14.0558522' AS DateTime2), CAST(N'2022-04-17T14:57:14.0558522' AS DateTime2), 2, 2, NULL, CAST(5000.000 AS Decimal(20, 3)), 8, N'', NULL, NULL, CAST(0.000 AS Decimal(20, 3)), CAST(0.000 AS Decimal(20, 3)), NULL, CAST(0.000 AS Decimal(20, 3)), CAST(5000.000 AS Decimal(20, 3)), CAST(0.000 AS Decimal(20, 3)), CAST(1 AS Decimal(4, 0)), NULL)
GO
SET IDENTITY_INSERT [dbo].[itemsTransfer] OFF
GO
SET IDENTITY_INSERT [dbo].[itemsUnits] ON 
GO
INSERT [dbo].[itemsUnits] ([itemUnitId], [itemId], [unitId], [unitValue], [defaultSale], [defaultPurchase], [price], [priceWithService], [barcode], [isCountable], [createDate], [updateDate], [createUserId], [updateUserId], [subUnitId], [purchasePrice], [storageCostId], [isActive], [cost]) VALUES (8, 13, 1, 1, 1, 0, CAST(5000.000 AS Decimal(20, 3)), CAST(6000.000 AS Decimal(20, 3)), N'6210552012626', 0, CAST(N'2022-01-02T14:31:55.6040718' AS DateTime2), CAST(N'2022-03-03T16:25:05.3375511' AS DateTime2), 2, NULL, 1, CAST(0.000 AS Decimal(20, 3)), NULL, 1, NULL)
GO
INSERT [dbo].[itemsUnits] ([itemUnitId], [itemId], [unitId], [unitValue], [defaultSale], [defaultPurchase], [price], [priceWithService], [barcode], [isCountable], [createDate], [updateDate], [createUserId], [updateUserId], [subUnitId], [purchasePrice], [storageCostId], [isActive], [cost]) VALUES (11, 14, 1, 1, 1, 0, CAST(5000.000 AS Decimal(20, 3)), CAST(5000.000 AS Decimal(20, 3)), N'8080394506601', 0, CAST(N'2022-01-04T12:34:47.2934968' AS DateTime2), CAST(N'2022-03-03T16:32:43.8950214' AS DateTime2), 2, NULL, 1, CAST(0.000 AS Decimal(20, 3)), NULL, 1, NULL)
GO
INSERT [dbo].[itemsUnits] ([itemUnitId], [itemId], [unitId], [unitValue], [defaultSale], [defaultPurchase], [price], [priceWithService], [barcode], [isCountable], [createDate], [updateDate], [createUserId], [updateUserId], [subUnitId], [purchasePrice], [storageCostId], [isActive], [cost]) VALUES (15, 15, 1, 1, 1, 0, CAST(4000.000 AS Decimal(20, 3)), CAST(4000.000 AS Decimal(20, 3)), N'3080504970402', 0, CAST(N'2022-01-15T13:49:19.2976649' AS DateTime2), CAST(N'2022-03-03T16:24:56.7973612' AS DateTime2), 2, NULL, 1, CAST(0.000 AS Decimal(20, 3)), NULL, 1, NULL)
GO
INSERT [dbo].[itemsUnits] ([itemUnitId], [itemId], [unitId], [unitValue], [defaultSale], [defaultPurchase], [price], [priceWithService], [barcode], [isCountable], [createDate], [updateDate], [createUserId], [updateUserId], [subUnitId], [purchasePrice], [storageCostId], [isActive], [cost]) VALUES (16, 16, 1, 1, 1, 0, CAST(600.000 AS Decimal(20, 3)), CAST(650.000 AS Decimal(20, 3)), N'3080505333602', 0, CAST(N'2022-01-15T14:49:40.4009925' AS DateTime2), CAST(N'2022-03-03T16:27:01.3304877' AS DateTime2), 2, NULL, 1, CAST(0.000 AS Decimal(20, 3)), NULL, 1, NULL)
GO
INSERT [dbo].[itemsUnits] ([itemUnitId], [itemId], [unitId], [unitValue], [defaultSale], [defaultPurchase], [price], [priceWithService], [barcode], [isCountable], [createDate], [updateDate], [createUserId], [updateUserId], [subUnitId], [purchasePrice], [storageCostId], [isActive], [cost]) VALUES (18, 18, 5, 1, 1, 0, CAST(0.000 AS Decimal(20, 3)), CAST(0.000 AS Decimal(20, 3)), N'4080975475801', 0, CAST(N'2022-03-03T15:09:33.4934936' AS DateTime2), CAST(N'2022-03-03T15:09:33.4934936' AS DateTime2), 2, 2, 5, CAST(0.000 AS Decimal(20, 3)), NULL, 1, NULL)
GO
INSERT [dbo].[itemsUnits] ([itemUnitId], [itemId], [unitId], [unitValue], [defaultSale], [defaultPurchase], [price], [priceWithService], [barcode], [isCountable], [createDate], [updateDate], [createUserId], [updateUserId], [subUnitId], [purchasePrice], [storageCostId], [isActive], [cost]) VALUES (19, 18, 6, 1000, 1, 1, CAST(0.000 AS Decimal(20, 3)), CAST(0.000 AS Decimal(20, 3)), N'0080975476802', 0, CAST(N'2022-03-03T15:09:47.1639009' AS DateTime2), CAST(N'2022-03-14T18:25:48.0038673' AS DateTime2), 2, 18, 5, CAST(0.000 AS Decimal(20, 3)), NULL, 1, NULL)
GO
INSERT [dbo].[itemsUnits] ([itemUnitId], [itemId], [unitId], [unitValue], [defaultSale], [defaultPurchase], [price], [priceWithService], [barcode], [isCountable], [createDate], [updateDate], [createUserId], [updateUserId], [subUnitId], [purchasePrice], [storageCostId], [isActive], [cost]) VALUES (21, 24, 3, 1, 1, 0, CAST(0.000 AS Decimal(20, 3)), CAST(0.000 AS Decimal(20, 3)), N'1080975678700', 0, CAST(N'2022-03-03T15:43:28.3599357' AS DateTime2), CAST(N'2022-03-03T15:43:28.3599357' AS DateTime2), 2, 2, 3, CAST(0.000 AS Decimal(20, 3)), NULL, 1, NULL)
GO
INSERT [dbo].[itemsUnits] ([itemUnitId], [itemId], [unitId], [unitValue], [defaultSale], [defaultPurchase], [price], [priceWithService], [barcode], [isCountable], [createDate], [updateDate], [createUserId], [updateUserId], [subUnitId], [purchasePrice], [storageCostId], [isActive], [cost]) VALUES (22, 24, 4, 20, 0, 1, CAST(0.000 AS Decimal(20, 3)), CAST(0.000 AS Decimal(20, 3)), N'7080975680202', 0, CAST(N'2022-03-03T15:43:47.1506554' AS DateTime2), CAST(N'2022-03-03T15:43:47.1506554' AS DateTime2), 2, 2, 3, CAST(0.000 AS Decimal(20, 3)), NULL, 1, NULL)
GO
INSERT [dbo].[itemsUnits] ([itemUnitId], [itemId], [unitId], [unitValue], [defaultSale], [defaultPurchase], [price], [priceWithService], [barcode], [isCountable], [createDate], [updateDate], [createUserId], [updateUserId], [subUnitId], [purchasePrice], [storageCostId], [isActive], [cost]) VALUES (23, 25, 1, 1, 1, 0, CAST(10000.000 AS Decimal(20, 3)), CAST(12000.000 AS Decimal(20, 3)), N'6080975941908', 0, CAST(N'2022-03-03T16:27:49.4906572' AS DateTime2), CAST(N'2022-03-03T16:35:29.8676963' AS DateTime2), 2, NULL, 1, CAST(0.000 AS Decimal(20, 3)), NULL, 1, NULL)
GO
INSERT [dbo].[itemsUnits] ([itemUnitId], [itemId], [unitId], [unitValue], [defaultSale], [defaultPurchase], [price], [priceWithService], [barcode], [isCountable], [createDate], [updateDate], [createUserId], [updateUserId], [subUnitId], [purchasePrice], [storageCostId], [isActive], [cost]) VALUES (24, 26, 1, 1, 1, 0, CAST(25000.000 AS Decimal(20, 3)), CAST(30000.000 AS Decimal(20, 3)), N'6080975941908', 0, CAST(N'2022-03-03T16:28:10.9163570' AS DateTime2), CAST(N'2022-03-03T16:35:45.0021910' AS DateTime2), 2, NULL, 1, CAST(0.000 AS Decimal(20, 3)), NULL, 1, NULL)
GO
INSERT [dbo].[itemsUnits] ([itemUnitId], [itemId], [unitId], [unitValue], [defaultSale], [defaultPurchase], [price], [priceWithService], [barcode], [isCountable], [createDate], [updateDate], [createUserId], [updateUserId], [subUnitId], [purchasePrice], [storageCostId], [isActive], [cost]) VALUES (25, 27, 1, 1, 1, 0, CAST(10000.000 AS Decimal(20, 3)), CAST(10000.000 AS Decimal(20, 3)), N'2080975949212', 0, CAST(N'2022-03-03T16:28:55.6050880' AS DateTime2), CAST(N'2022-03-03T16:36:01.7653601' AS DateTime2), 2, NULL, 1, CAST(0.000 AS Decimal(20, 3)), NULL, 1, NULL)
GO
INSERT [dbo].[itemsUnits] ([itemUnitId], [itemId], [unitId], [unitValue], [defaultSale], [defaultPurchase], [price], [priceWithService], [barcode], [isCountable], [createDate], [updateDate], [createUserId], [updateUserId], [subUnitId], [purchasePrice], [storageCostId], [isActive], [cost]) VALUES (26, 28, 1, 1, 1, 0, CAST(20000.000 AS Decimal(20, 3)), CAST(20000.000 AS Decimal(20, 3)), N'2080975949212', 0, CAST(N'2022-03-03T16:29:25.9860263' AS DateTime2), CAST(N'2022-03-03T16:36:13.1369462' AS DateTime2), 2, NULL, 1, CAST(0.000 AS Decimal(20, 3)), NULL, 1, NULL)
GO
INSERT [dbo].[itemsUnits] ([itemUnitId], [itemId], [unitId], [unitValue], [defaultSale], [defaultPurchase], [price], [priceWithService], [barcode], [isCountable], [createDate], [updateDate], [createUserId], [updateUserId], [subUnitId], [purchasePrice], [storageCostId], [isActive], [cost]) VALUES (27, 29, 1, 1, 1, 0, CAST(20000.000 AS Decimal(20, 3)), CAST(22000.000 AS Decimal(20, 3)), N'2080975960101', 0, CAST(N'2022-03-03T16:31:07.2691395' AS DateTime2), CAST(N'2022-03-03T16:38:21.3590517' AS DateTime2), 2, NULL, 1, CAST(0.000 AS Decimal(20, 3)), NULL, 1, NULL)
GO
INSERT [dbo].[itemsUnits] ([itemUnitId], [itemId], [unitId], [unitValue], [defaultSale], [defaultPurchase], [price], [priceWithService], [barcode], [isCountable], [createDate], [updateDate], [createUserId], [updateUserId], [subUnitId], [purchasePrice], [storageCostId], [isActive], [cost]) VALUES (28, 20, 5, 1, 0, 1, CAST(0.000 AS Decimal(20, 3)), CAST(0.000 AS Decimal(20, 3)), N'8081086658400', 0, CAST(N'2022-03-14T18:26:21.6399114' AS DateTime2), CAST(N'2022-03-14T18:26:21.6399114' AS DateTime2), 18, 18, 5, CAST(0.000 AS Decimal(20, 3)), NULL, 1, NULL)
GO
INSERT [dbo].[itemsUnits] ([itemUnitId], [itemId], [unitId], [unitValue], [defaultSale], [defaultPurchase], [price], [priceWithService], [barcode], [isCountable], [createDate], [updateDate], [createUserId], [updateUserId], [subUnitId], [purchasePrice], [storageCostId], [isActive], [cost]) VALUES (29, 20, 6, 1000, 0, 0, CAST(0.000 AS Decimal(20, 3)), CAST(0.000 AS Decimal(20, 3)), N'5081086662301', 0, CAST(N'2022-03-14T18:26:59.8796451' AS DateTime2), CAST(N'2022-03-14T18:26:59.8796451' AS DateTime2), 18, 18, 5, CAST(0.000 AS Decimal(20, 3)), NULL, 1, NULL)
GO
INSERT [dbo].[itemsUnits] ([itemUnitId], [itemId], [unitId], [unitValue], [defaultSale], [defaultPurchase], [price], [priceWithService], [barcode], [isCountable], [createDate], [updateDate], [createUserId], [updateUserId], [subUnitId], [purchasePrice], [storageCostId], [isActive], [cost]) VALUES (30, 21, 5, 1, 0, 0, CAST(0.000 AS Decimal(20, 3)), CAST(0.000 AS Decimal(20, 3)), N'1081086664002', 0, CAST(N'2022-03-14T18:27:21.4340003' AS DateTime2), CAST(N'2022-03-14T18:27:21.4340003' AS DateTime2), 18, 18, 5, CAST(0.000 AS Decimal(20, 3)), NULL, 1, NULL)
GO
INSERT [dbo].[itemsUnits] ([itemUnitId], [itemId], [unitId], [unitValue], [defaultSale], [defaultPurchase], [price], [priceWithService], [barcode], [isCountable], [createDate], [updateDate], [createUserId], [updateUserId], [subUnitId], [purchasePrice], [storageCostId], [isActive], [cost]) VALUES (31, 21, 6, 1000, 0, 1, CAST(0.000 AS Decimal(20, 3)), CAST(0.000 AS Decimal(20, 3)), N'4081086665303', 0, CAST(N'2022-03-14T18:27:30.4468985' AS DateTime2), CAST(N'2022-03-14T18:27:30.4468985' AS DateTime2), 18, 18, 5, CAST(0.000 AS Decimal(20, 3)), NULL, 1, NULL)
GO
SET IDENTITY_INSERT [dbo].[itemsUnits] OFF
GO
SET IDENTITY_INSERT [dbo].[locations] ON 
GO
INSERT [dbo].[locations] ([locationId], [x], [y], [z], [createDate], [updateDate], [createUserId], [updateUserId], [isActive], [sectionId], [notes], [branchId], [isFreeZone], [isKitchen]) VALUES (71, N'0', N'0', N'0', CAST(N'2021-12-19T15:05:42.5722444' AS DateTime2), CAST(N'2022-01-18T11:51:05.5632594' AS DateTime2), 2, 2, 1, 29, N'no', 2, 1, 0)
GO
INSERT [dbo].[locations] ([locationId], [x], [y], [z], [createDate], [updateDate], [createUserId], [updateUserId], [isActive], [sectionId], [notes], [branchId], [isFreeZone], [isKitchen]) VALUES (72, N'0', N'0', N'0', CAST(N'2021-12-19T15:05:42.5722444' AS DateTime2), CAST(N'2022-01-18T11:51:05.5632594' AS DateTime2), 2, 2, 1, 30, N'no', 2, 0, 1)
GO
INSERT [dbo].[locations] ([locationId], [x], [y], [z], [createDate], [updateDate], [createUserId], [updateUserId], [isActive], [sectionId], [notes], [branchId], [isFreeZone], [isKitchen]) VALUES (73, N'0', N'0', N'0', CAST(N'2022-03-14T18:19:14.7048810' AS DateTime2), CAST(N'2022-03-14T18:19:14.7048810' AS DateTime2), 18, 18, 1, 31, N'', 10, 1, 0)
GO
INSERT [dbo].[locations] ([locationId], [x], [y], [z], [createDate], [updateDate], [createUserId], [updateUserId], [isActive], [sectionId], [notes], [branchId], [isFreeZone], [isKitchen]) VALUES (74, N'0', N'0', N'0', CAST(N'2022-03-14T18:19:14.7268226' AS DateTime2), CAST(N'2022-03-14T18:19:14.7268226' AS DateTime2), 18, 18, 1, 32, N'', 10, 0, 1)
GO
INSERT [dbo].[locations] ([locationId], [x], [y], [z], [createDate], [updateDate], [createUserId], [updateUserId], [isActive], [sectionId], [notes], [branchId], [isFreeZone], [isKitchen]) VALUES (75, N'0', N'0', N'0', CAST(N'2022-03-14T18:19:34.7043951' AS DateTime2), CAST(N'2022-03-14T18:19:34.7043951' AS DateTime2), 18, 18, 1, 33, N'', 11, 1, 0)
GO
INSERT [dbo].[locations] ([locationId], [x], [y], [z], [createDate], [updateDate], [createUserId], [updateUserId], [isActive], [sectionId], [notes], [branchId], [isFreeZone], [isKitchen]) VALUES (76, N'0', N'0', N'0', CAST(N'2022-03-14T18:19:34.7083854' AS DateTime2), CAST(N'2022-03-14T18:19:34.7083854' AS DateTime2), 18, 18, 1, 34, N'', 11, 0, 1)
GO
INSERT [dbo].[locations] ([locationId], [x], [y], [z], [createDate], [updateDate], [createUserId], [updateUserId], [isActive], [sectionId], [notes], [branchId], [isFreeZone], [isKitchen]) VALUES (77, N'0', N'0', N'0', CAST(N'2022-03-14T18:21:35.5803684' AS DateTime2), CAST(N'2022-03-14T18:21:35.5803684' AS DateTime2), 18, 18, 1, 35, N'', 12, 1, 0)
GO
INSERT [dbo].[locations] ([locationId], [x], [y], [z], [createDate], [updateDate], [createUserId], [updateUserId], [isActive], [sectionId], [notes], [branchId], [isFreeZone], [isKitchen]) VALUES (78, N'0', N'0', N'0', CAST(N'2022-03-14T18:21:35.5893439' AS DateTime2), CAST(N'2022-03-14T18:21:35.5893439' AS DateTime2), 18, 18, 1, 36, N'', 12, 0, 1)
GO
INSERT [dbo].[locations] ([locationId], [x], [y], [z], [createDate], [updateDate], [createUserId], [updateUserId], [isActive], [sectionId], [notes], [branchId], [isFreeZone], [isKitchen]) VALUES (79, N'0', N'0', N'0', CAST(N'2022-03-14T18:21:57.6294018' AS DateTime2), CAST(N'2022-03-14T18:21:57.6294018' AS DateTime2), 18, 18, 1, 37, N'', 13, 1, 0)
GO
INSERT [dbo].[locations] ([locationId], [x], [y], [z], [createDate], [updateDate], [createUserId], [updateUserId], [isActive], [sectionId], [notes], [branchId], [isFreeZone], [isKitchen]) VALUES (80, N'0', N'0', N'0', CAST(N'2022-03-14T18:21:57.6333902' AS DateTime2), CAST(N'2022-03-14T18:21:57.6333902' AS DateTime2), 18, 18, 1, 38, N'', 13, 0, 1)
GO
INSERT [dbo].[locations] ([locationId], [x], [y], [z], [createDate], [updateDate], [createUserId], [updateUserId], [isActive], [sectionId], [notes], [branchId], [isFreeZone], [isKitchen]) VALUES (81, N'0', N'0', N'0', CAST(N'2022-03-14T18:22:17.1880943' AS DateTime2), CAST(N'2022-03-14T18:22:17.1880943' AS DateTime2), 18, 18, 1, 39, N'', 14, 1, 0)
GO
INSERT [dbo].[locations] ([locationId], [x], [y], [z], [createDate], [updateDate], [createUserId], [updateUserId], [isActive], [sectionId], [notes], [branchId], [isFreeZone], [isKitchen]) VALUES (82, N'0', N'0', N'0', CAST(N'2022-03-14T18:22:17.1910859' AS DateTime2), CAST(N'2022-03-14T18:22:17.1910859' AS DateTime2), 18, 18, 1, 40, N'', 14, 0, 1)
GO
INSERT [dbo].[locations] ([locationId], [x], [y], [z], [createDate], [updateDate], [createUserId], [updateUserId], [isActive], [sectionId], [notes], [branchId], [isFreeZone], [isKitchen]) VALUES (83, N'1', N'1', N'1', CAST(N'2022-03-14T18:35:41.8935888' AS DateTime2), CAST(N'2022-03-14T18:36:24.0887649' AS DateTime2), 18, 18, 1, 41, N'', 2, 0, 0)
GO
INSERT [dbo].[locations] ([locationId], [x], [y], [z], [createDate], [updateDate], [createUserId], [updateUserId], [isActive], [sectionId], [notes], [branchId], [isFreeZone], [isKitchen]) VALUES (84, N'1', N'1', N'2', CAST(N'2022-03-14T18:35:41.9534286' AS DateTime2), CAST(N'2022-03-14T18:36:24.0967228' AS DateTime2), 18, 18, 1, 41, N'', 2, 0, 0)
GO
INSERT [dbo].[locations] ([locationId], [x], [y], [z], [createDate], [updateDate], [createUserId], [updateUserId], [isActive], [sectionId], [notes], [branchId], [isFreeZone], [isKitchen]) VALUES (85, N'1', N'1', N'3', CAST(N'2022-03-14T18:35:42.0062869' AS DateTime2), CAST(N'2022-03-14T18:36:24.0937305' AS DateTime2), 18, 18, 1, 41, N'', 2, 0, 0)
GO
INSERT [dbo].[locations] ([locationId], [x], [y], [z], [createDate], [updateDate], [createUserId], [updateUserId], [isActive], [sectionId], [notes], [branchId], [isFreeZone], [isKitchen]) VALUES (86, N'1', N'1', N'4', CAST(N'2022-03-14T18:35:42.0561578' AS DateTime2), CAST(N'2022-03-14T18:35:42.0561578' AS DateTime2), 18, 18, 1, NULL, N'', 2, 0, 0)
GO
INSERT [dbo].[locations] ([locationId], [x], [y], [z], [createDate], [updateDate], [createUserId], [updateUserId], [isActive], [sectionId], [notes], [branchId], [isFreeZone], [isKitchen]) VALUES (87, N'1', N'1', N'5', CAST(N'2022-03-14T18:35:42.1000368' AS DateTime2), CAST(N'2022-03-14T18:35:42.1000368' AS DateTime2), 18, 18, 1, NULL, N'', 2, 0, 0)
GO
INSERT [dbo].[locations] ([locationId], [x], [y], [z], [createDate], [updateDate], [createUserId], [updateUserId], [isActive], [sectionId], [notes], [branchId], [isFreeZone], [isKitchen]) VALUES (88, N'1', N'1', N'6', CAST(N'2022-03-14T18:35:42.1429217' AS DateTime2), CAST(N'2022-03-14T18:35:42.1429217' AS DateTime2), 18, 18, 1, NULL, N'', 2, 0, 0)
GO
INSERT [dbo].[locations] ([locationId], [x], [y], [z], [createDate], [updateDate], [createUserId], [updateUserId], [isActive], [sectionId], [notes], [branchId], [isFreeZone], [isKitchen]) VALUES (89, N'1', N'1', N'7', CAST(N'2022-03-14T18:35:42.1947843' AS DateTime2), CAST(N'2022-03-14T18:35:42.1947843' AS DateTime2), 18, 18, 1, NULL, N'', 2, 0, 0)
GO
INSERT [dbo].[locations] ([locationId], [x], [y], [z], [createDate], [updateDate], [createUserId], [updateUserId], [isActive], [sectionId], [notes], [branchId], [isFreeZone], [isKitchen]) VALUES (90, N'1', N'1', N'8', CAST(N'2022-03-14T18:35:42.2376681' AS DateTime2), CAST(N'2022-03-14T18:35:42.2376681' AS DateTime2), 18, 18, 1, NULL, N'', 2, 0, 0)
GO
INSERT [dbo].[locations] ([locationId], [x], [y], [z], [createDate], [updateDate], [createUserId], [updateUserId], [isActive], [sectionId], [notes], [branchId], [isFreeZone], [isKitchen]) VALUES (91, N'1', N'1', N'9', CAST(N'2022-03-14T18:35:42.2755670' AS DateTime2), CAST(N'2022-03-14T18:35:42.2755670' AS DateTime2), 18, 18, 1, NULL, N'', 2, 0, 0)
GO
INSERT [dbo].[locations] ([locationId], [x], [y], [z], [createDate], [updateDate], [createUserId], [updateUserId], [isActive], [sectionId], [notes], [branchId], [isFreeZone], [isKitchen]) VALUES (92, N'0', N'0', N'0', CAST(N'2022-03-15T13:39:20.1848011' AS DateTime2), CAST(N'2022-03-15T13:39:20.1848011' AS DateTime2), 18, 18, 1, 42, N'', 15, 1, 0)
GO
INSERT [dbo].[locations] ([locationId], [x], [y], [z], [createDate], [updateDate], [createUserId], [updateUserId], [isActive], [sectionId], [notes], [branchId], [isFreeZone], [isKitchen]) VALUES (93, N'0', N'0', N'0', CAST(N'2022-03-15T13:39:20.2157171' AS DateTime2), CAST(N'2022-03-15T13:39:20.2157171' AS DateTime2), 18, 18, 1, 43, N'', 15, 0, 1)
GO
INSERT [dbo].[locations] ([locationId], [x], [y], [z], [createDate], [updateDate], [createUserId], [updateUserId], [isActive], [sectionId], [notes], [branchId], [isFreeZone], [isKitchen]) VALUES (94, N'1', N'1', N'1', CAST(N'2022-03-15T13:51:42.1643559' AS DateTime2), CAST(N'2022-03-15T13:52:40.3317953' AS DateTime2), 18, 18, 1, 44, N'', 15, 0, 0)
GO
INSERT [dbo].[locations] ([locationId], [x], [y], [z], [createDate], [updateDate], [createUserId], [updateUserId], [isActive], [sectionId], [notes], [branchId], [isFreeZone], [isKitchen]) VALUES (95, N'1', N'1', N'2', CAST(N'2022-03-15T13:51:48.5831883' AS DateTime2), CAST(N'2022-03-15T13:51:48.5831883' AS DateTime2), 18, 18, 1, NULL, N'', 15, 0, 0)
GO
INSERT [dbo].[locations] ([locationId], [x], [y], [z], [createDate], [updateDate], [createUserId], [updateUserId], [isActive], [sectionId], [notes], [branchId], [isFreeZone], [isKitchen]) VALUES (96, N'1', N'1', N'3', CAST(N'2022-03-15T13:51:48.6789322' AS DateTime2), CAST(N'2022-03-15T13:52:40.4165682' AS DateTime2), 18, 18, 1, 44, N'', 15, 0, 0)
GO
INSERT [dbo].[locations] ([locationId], [x], [y], [z], [createDate], [updateDate], [createUserId], [updateUserId], [isActive], [sectionId], [notes], [branchId], [isFreeZone], [isKitchen]) VALUES (97, N'1', N'1', N'4', CAST(N'2022-03-15T13:51:48.8016041' AS DateTime2), CAST(N'2022-03-15T13:52:40.4125780' AS DateTime2), 18, 18, 1, 44, N'', 15, 0, 0)
GO
INSERT [dbo].[locations] ([locationId], [x], [y], [z], [createDate], [updateDate], [createUserId], [updateUserId], [isActive], [sectionId], [notes], [branchId], [isFreeZone], [isKitchen]) VALUES (98, N'1', N'1', N'5', CAST(N'2022-03-15T13:51:48.8644366' AS DateTime2), CAST(N'2022-03-15T13:51:48.8644366' AS DateTime2), 18, 18, 1, NULL, N'', 15, 0, 0)
GO
SET IDENTITY_INSERT [dbo].[locations] OFF
GO
SET IDENTITY_INSERT [dbo].[memberships] ON 
GO
INSERT [dbo].[memberships] ([membershipId], [name], [notes], [createDate], [updateDate], [createUserId], [updateUserId], [isActive], [code], [subscriptionType], [isFreeDelivery], [deliveryDiscountPercent]) VALUES (10, N'vip member', N'', CAST(N'2022-03-09T12:21:51.5914576' AS DateTime2), CAST(N'2022-03-15T18:05:59.1157960' AS DateTime2), 17, 18, 1, N'Vip', N'o', 1, CAST(0.000 AS Decimal(20, 3)))
GO
INSERT [dbo].[memberships] ([membershipId], [name], [notes], [createDate], [updateDate], [createUserId], [updateUserId], [isActive], [code], [subscriptionType], [isFreeDelivery], [deliveryDiscountPercent]) VALUES (11, N'golden member', N'', CAST(N'2022-03-09T12:30:33.3914976' AS DateTime2), CAST(N'2022-03-15T18:06:07.2839516' AS DateTime2), 17, 18, 1, N'Gold', N'y', 0, CAST(50.000 AS Decimal(20, 3)))
GO
INSERT [dbo].[memberships] ([membershipId], [name], [notes], [createDate], [updateDate], [createUserId], [updateUserId], [isActive], [code], [subscriptionType], [isFreeDelivery], [deliveryDiscountPercent]) VALUES (12, N'silver member', N'', CAST(N'2022-03-09T12:31:36.2261088' AS DateTime2), CAST(N'2022-04-10T13:53:30.1102364' AS DateTime2), 17, 2, 1, N'silver', N'm', 0, CAST(10.000 AS Decimal(20, 3)))
GO
INSERT [dbo].[memberships] ([membershipId], [name], [notes], [createDate], [updateDate], [createUserId], [updateUserId], [isActive], [code], [subscriptionType], [isFreeDelivery], [deliveryDiscountPercent]) VALUES (13, N'bronze member', N'', CAST(N'2022-03-09T12:36:10.4317402' AS DateTime2), CAST(N'2022-04-10T13:53:33.5222871' AS DateTime2), 17, 18, 1, N'bronze', N'f', 0, CAST(0.000 AS Decimal(20, 3)))
GO
INSERT [dbo].[memberships] ([membershipId], [name], [notes], [createDate], [updateDate], [createUserId], [updateUserId], [isActive], [code], [subscriptionType], [isFreeDelivery], [deliveryDiscountPercent]) VALUES (14, N'mName5', N'no', CAST(N'2022-03-12T13:18:51.1215450' AS DateTime2), CAST(N'2022-03-12T13:19:09.5722320' AS DateTime2), 17, 17, 1, N'mCode5', N'o', 0, CAST(0.000 AS Decimal(20, 3)))
GO
SET IDENTITY_INSERT [dbo].[memberships] OFF
GO
SET IDENTITY_INSERT [dbo].[membershipsOffers] ON 
GO
INSERT [dbo].[membershipsOffers] ([membershipOfferId], [membershipId], [offerId], [notes], [createDate], [updateDate], [createUserId], [updateUserId]) VALUES (3, 12, 2, N'', CAST(N'2022-03-12T14:34:38.0042741' AS DateTime2), CAST(N'2022-03-12T14:34:38.0042741' AS DateTime2), 17, 17)
GO
INSERT [dbo].[membershipsOffers] ([membershipOfferId], [membershipId], [offerId], [notes], [createDate], [updateDate], [createUserId], [updateUserId]) VALUES (4, 12, 1, N'', CAST(N'2022-03-12T14:34:38.0162422' AS DateTime2), CAST(N'2022-03-12T14:34:38.0162422' AS DateTime2), 17, 17)
GO
INSERT [dbo].[membershipsOffers] ([membershipOfferId], [membershipId], [offerId], [notes], [createDate], [updateDate], [createUserId], [updateUserId]) VALUES (6, 10, 2, N'', CAST(N'2022-03-24T15:21:57.2049428' AS DateTime2), CAST(N'2022-03-24T15:21:57.2049428' AS DateTime2), 18, 18)
GO
SET IDENTITY_INSERT [dbo].[membershipsOffers] OFF
GO
SET IDENTITY_INSERT [dbo].[menuSettings] ON 
GO
INSERT [dbo].[menuSettings] ([menuSettingId], [itemUnitId], [sat], [sun], [mon], [tues], [wed], [thur], [fri], [preparingTime], [isActive], [createDate], [updateDate], [updateUserId], [createUserId], [branchId]) VALUES (1, 8, 1, 1, 1, 1, 1, 1, 1, 10, 1, CAST(N'2022-02-26T15:35:18.2757320' AS DateTime2), CAST(N'2022-02-26T15:35:18.2757320' AS DateTime2), 2, 2, 2)
GO
INSERT [dbo].[menuSettings] ([menuSettingId], [itemUnitId], [sat], [sun], [mon], [tues], [wed], [thur], [fri], [preparingTime], [isActive], [createDate], [updateDate], [updateUserId], [createUserId], [branchId]) VALUES (2, 15, 1, 1, 1, 1, 1, 1, 0, 10, 1, CAST(N'2022-02-26T15:35:30.5090166' AS DateTime2), CAST(N'2022-03-03T16:54:46.7014489' AS DateTime2), 2, 2, 2)
GO
INSERT [dbo].[menuSettings] ([menuSettingId], [itemUnitId], [sat], [sun], [mon], [tues], [wed], [thur], [fri], [preparingTime], [isActive], [createDate], [updateDate], [updateUserId], [createUserId], [branchId]) VALUES (3, 11, 1, 1, 1, 1, 1, 1, 1, 10, 1, CAST(N'2022-02-26T15:35:44.9174829' AS DateTime2), CAST(N'2022-02-26T15:35:44.9174829' AS DateTime2), 2, 2, 2)
GO
INSERT [dbo].[menuSettings] ([menuSettingId], [itemUnitId], [sat], [sun], [mon], [tues], [wed], [thur], [fri], [preparingTime], [isActive], [createDate], [updateDate], [updateUserId], [createUserId], [branchId]) VALUES (4, 16, 1, 1, 1, 1, 1, 1, 1, 0, 1, CAST(N'2022-03-03T16:50:26.2373045' AS DateTime2), CAST(N'2022-03-03T16:50:26.2373045' AS DateTime2), 2, 2, 2)
GO
INSERT [dbo].[menuSettings] ([menuSettingId], [itemUnitId], [sat], [sun], [mon], [tues], [wed], [thur], [fri], [preparingTime], [isActive], [createDate], [updateDate], [updateUserId], [createUserId], [branchId]) VALUES (5, 23, 1, 1, 1, 1, 1, 1, 1, 10, 1, CAST(N'2022-03-03T16:50:54.3842919' AS DateTime2), CAST(N'2022-03-03T16:50:54.3842919' AS DateTime2), 2, 2, 2)
GO
INSERT [dbo].[menuSettings] ([menuSettingId], [itemUnitId], [sat], [sun], [mon], [tues], [wed], [thur], [fri], [preparingTime], [isActive], [createDate], [updateDate], [updateUserId], [createUserId], [branchId]) VALUES (6, 24, 1, 1, 1, 1, 1, 1, 0, 30, 1, CAST(N'2022-03-03T16:51:12.5399998' AS DateTime2), CAST(N'2022-03-03T16:51:55.1438623' AS DateTime2), 2, 2, 2)
GO
INSERT [dbo].[menuSettings] ([menuSettingId], [itemUnitId], [sat], [sun], [mon], [tues], [wed], [thur], [fri], [preparingTime], [isActive], [createDate], [updateDate], [updateUserId], [createUserId], [branchId]) VALUES (7, 25, 1, 1, 1, 1, 1, 1, 0, 0, 1, CAST(N'2022-03-03T16:51:19.9456943' AS DateTime2), CAST(N'2022-03-03T16:52:10.5629088' AS DateTime2), 2, 2, 2)
GO
INSERT [dbo].[menuSettings] ([menuSettingId], [itemUnitId], [sat], [sun], [mon], [tues], [wed], [thur], [fri], [preparingTime], [isActive], [createDate], [updateDate], [updateUserId], [createUserId], [branchId]) VALUES (8, 26, 1, 1, 1, 1, 1, 1, 1, 0, 1, CAST(N'2022-03-03T16:51:27.2224853' AS DateTime2), CAST(N'2022-03-03T16:51:27.2224853' AS DateTime2), 2, 2, 2)
GO
INSERT [dbo].[menuSettings] ([menuSettingId], [itemUnitId], [sat], [sun], [mon], [tues], [wed], [thur], [fri], [preparingTime], [isActive], [createDate], [updateDate], [updateUserId], [createUserId], [branchId]) VALUES (9, 27, 1, 1, 1, 1, 1, 1, 1, 10, 1, CAST(N'2022-03-03T16:51:38.7090877' AS DateTime2), CAST(N'2022-03-03T16:51:38.7090877' AS DateTime2), 2, 2, 2)
GO
SET IDENTITY_INSERT [dbo].[menuSettings] OFF
GO
SET IDENTITY_INSERT [dbo].[notification] ON 
GO
INSERT [dbo].[notification] ([notId], [title], [ncontent], [side], [msgType], [path], [createDate], [updateDate], [createUserId], [updateUserId], [isActive]) VALUES (81, N'trSpendingOrderAlertTilte', N'user user:trSpendingOrderAlertContent', NULL, N'alert', NULL, CAST(N'2022-04-16T11:53:43.8271405' AS DateTime2), CAST(N'2022-04-16T11:53:43.8271405' AS DateTime2), 17, 17, 1)
GO
INSERT [dbo].[notification] ([notId], [title], [ncontent], [side], [msgType], [path], [createDate], [updateDate], [createUserId], [updateUserId], [isActive]) VALUES (82, N'trSpendingOrderAlertTilte', N'user user:trSpendingOrderAlertContent', NULL, N'alert', NULL, CAST(N'2022-04-16T11:54:33.2450362' AS DateTime2), CAST(N'2022-04-16T11:54:33.2450362' AS DateTime2), 17, 17, 1)
GO
INSERT [dbo].[notification] ([notId], [title], [ncontent], [side], [msgType], [path], [createDate], [updateDate], [createUserId], [updateUserId], [isActive]) VALUES (83, N'trSpendingOrderAlertTilte', N'user user:trSpendingOrderAlertContent', NULL, N'alert', NULL, CAST(N'2022-04-16T12:08:39.8344709' AS DateTime2), CAST(N'2022-04-16T12:08:39.8344709' AS DateTime2), 17, 17, 1)
GO
INSERT [dbo].[notification] ([notId], [title], [ncontent], [side], [msgType], [path], [createDate], [updateDate], [createUserId], [updateUserId], [isActive]) VALUES (84, N'trSpendingOrderAlertTilte', N'admin admin:trSpendingOrderAlertContent', NULL, N'alert', NULL, CAST(N'2022-04-16T12:46:50.2613353' AS DateTime2), CAST(N'2022-04-16T12:46:50.2613353' AS DateTime2), 2, 2, 1)
GO
INSERT [dbo].[notification] ([notId], [title], [ncontent], [side], [msgType], [path], [createDate], [updateDate], [createUserId], [updateUserId], [isActive]) VALUES (85, N'trSpendingOrderAlertTilte', N'admin admin:trSpendingOrderApproveAlertContent', NULL, N'alert', NULL, CAST(N'2022-04-16T12:49:17.8049176' AS DateTime2), CAST(N'2022-04-16T12:49:17.8049176' AS DateTime2), 2, 2, 1)
GO
INSERT [dbo].[notification] ([notId], [title], [ncontent], [side], [msgType], [path], [createDate], [updateDate], [createUserId], [updateUserId], [isActive]) VALUES (86, N'trSpendingOrderAlertTilte', N'user user:trSpendingOrderAlertContent', NULL, N'alert', NULL, CAST(N'2022-04-16T13:29:55.6539489' AS DateTime2), CAST(N'2022-04-16T13:29:55.6539489' AS DateTime2), 17, 17, 1)
GO
INSERT [dbo].[notification] ([notId], [title], [ncontent], [side], [msgType], [path], [createDate], [updateDate], [createUserId], [updateUserId], [isActive]) VALUES (87, N'trSpendingOrderAlertTilte', N'user user:trSpendingOrderAlertContent', NULL, N'alert', NULL, CAST(N'2022-04-16T13:30:06.6445675' AS DateTime2), CAST(N'2022-04-16T13:30:06.6445675' AS DateTime2), 17, 17, 1)
GO
INSERT [dbo].[notification] ([notId], [title], [ncontent], [side], [msgType], [path], [createDate], [updateDate], [createUserId], [updateUserId], [isActive]) VALUES (88, N'trSpendingOrderAlertTilte', N'user user:trSpendingOrderAlertContent', NULL, N'alert', NULL, CAST(N'2022-04-16T13:30:18.7462177' AS DateTime2), CAST(N'2022-04-16T13:30:18.7462177' AS DateTime2), 17, 17, 1)
GO
INSERT [dbo].[notification] ([notId], [title], [ncontent], [side], [msgType], [path], [createDate], [updateDate], [createUserId], [updateUserId], [isActive]) VALUES (89, N'trSpendingOrderAlertTilte', N'user user:trSpendingOrderAlertContent', NULL, N'alert', NULL, CAST(N'2022-04-16T13:30:29.7607746' AS DateTime2), CAST(N'2022-04-16T13:30:29.7607746' AS DateTime2), 17, 17, 1)
GO
INSERT [dbo].[notification] ([notId], [title], [ncontent], [side], [msgType], [path], [createDate], [updateDate], [createUserId], [updateUserId], [isActive]) VALUES (90, N'trSpendingOrderAlertTilte', N'user user:trSpendingOrderAlertContent', NULL, N'alert', NULL, CAST(N'2022-04-16T14:08:19.8590432' AS DateTime2), CAST(N'2022-04-16T14:08:19.8590432' AS DateTime2), 17, 17, 1)
GO
INSERT [dbo].[notification] ([notId], [title], [ncontent], [side], [msgType], [path], [createDate], [updateDate], [createUserId], [updateUserId], [isActive]) VALUES (91, N'trExceedMaxLimitAlertTilte', N':trExceedMaxLimitAlertContent', NULL, N'alert', NULL, CAST(N'2022-04-16T14:29:17.0129068' AS DateTime2), CAST(N'2022-04-16T14:29:17.0129068' AS DateTime2), 17, 17, 1)
GO
INSERT [dbo].[notification] ([notId], [title], [ncontent], [side], [msgType], [path], [createDate], [updateDate], [createUserId], [updateUserId], [isActive]) VALUES (92, N'trSpendingOrderAlertTilte', N'user user:trSpendingOrderApproveAlertContent', NULL, N'alert', NULL, CAST(N'2022-04-16T14:29:47.5712209' AS DateTime2), CAST(N'2022-04-16T14:29:47.5712209' AS DateTime2), 17, 17, 1)
GO
INSERT [dbo].[notification] ([notId], [title], [ncontent], [side], [msgType], [path], [createDate], [updateDate], [createUserId], [updateUserId], [isActive]) VALUES (93, N'trExceedMaxLimitAlertTilte', N':trExceedMaxLimitAlertContent', NULL, N'alert', NULL, CAST(N'2022-04-17T11:57:03.3725754' AS DateTime2), CAST(N'2022-04-17T11:57:03.3725754' AS DateTime2), 17, 17, 1)
GO
INSERT [dbo].[notification] ([notId], [title], [ncontent], [side], [msgType], [path], [createDate], [updateDate], [createUserId], [updateUserId], [isActive]) VALUES (94, N'trSpendingOrderAlertTilte', N'user user:trSpendingOrderApproveAlertContent', NULL, N'alert', NULL, CAST(N'2022-04-17T11:58:07.9952750' AS DateTime2), CAST(N'2022-04-17T11:58:07.9952750' AS DateTime2), 17, 17, 1)
GO
INSERT [dbo].[notification] ([notId], [title], [ncontent], [side], [msgType], [path], [createDate], [updateDate], [createUserId], [updateUserId], [isActive]) VALUES (95, N'trSpendingOrderAlertTilte', N'user user:trSpendingOrderApproveAlertContent', NULL, N'alert', NULL, CAST(N'2022-04-17T11:58:24.8816083' AS DateTime2), CAST(N'2022-04-17T11:58:24.8816083' AS DateTime2), 17, 17, 1)
GO
INSERT [dbo].[notification] ([notId], [title], [ncontent], [side], [msgType], [path], [createDate], [updateDate], [createUserId], [updateUserId], [isActive]) VALUES (96, N'trSpendingOrderAlertTilte', N'user user:trSpendingOrderAlertContent', NULL, N'alert', NULL, CAST(N'2022-04-17T13:41:34.5525881' AS DateTime2), CAST(N'2022-04-17T13:41:34.5525881' AS DateTime2), 17, 17, 1)
GO
INSERT [dbo].[notification] ([notId], [title], [ncontent], [side], [msgType], [path], [createDate], [updateDate], [createUserId], [updateUserId], [isActive]) VALUES (97, N'trSpendingOrderAlertTilte', N'user user:trSpendingOrderAlertContent', NULL, N'alert', NULL, CAST(N'2022-04-17T13:42:20.2653895' AS DateTime2), CAST(N'2022-04-17T13:42:20.2653895' AS DateTime2), 17, 17, 1)
GO
INSERT [dbo].[notification] ([notId], [title], [ncontent], [side], [msgType], [path], [createDate], [updateDate], [createUserId], [updateUserId], [isActive]) VALUES (98, N'trExceedMaxLimitAlertTilte', N':trExceedMaxLimitAlertContent', NULL, N'alert', NULL, CAST(N'2022-04-17T13:46:37.8285181' AS DateTime2), CAST(N'2022-04-17T13:46:37.8285181' AS DateTime2), 17, 17, 1)
GO
INSERT [dbo].[notification] ([notId], [title], [ncontent], [side], [msgType], [path], [createDate], [updateDate], [createUserId], [updateUserId], [isActive]) VALUES (99, N'trSpendingOrderAlertTilte', N'user user:trSpendingOrderApproveAlertContent', NULL, N'alert', NULL, CAST(N'2022-04-17T13:47:03.6155826' AS DateTime2), CAST(N'2022-04-17T13:47:03.6155826' AS DateTime2), 17, 17, 1)
GO
INSERT [dbo].[notification] ([notId], [title], [ncontent], [side], [msgType], [path], [createDate], [updateDate], [createUserId], [updateUserId], [isActive]) VALUES (100, N'trSpendingOrderAlertTilte', N'user user:trSpendingOrderApproveAlertContent', NULL, N'alert', NULL, CAST(N'2022-04-17T13:47:18.3920816' AS DateTime2), CAST(N'2022-04-17T13:47:18.3920816' AS DateTime2), 17, 17, 1)
GO
INSERT [dbo].[notification] ([notId], [title], [ncontent], [side], [msgType], [path], [createDate], [updateDate], [createUserId], [updateUserId], [isActive]) VALUES (101, N'trSpendingOrderAlertTilte', N'user user:trSpendingOrderAlertContent', NULL, N'alert', NULL, CAST(N'2022-04-17T13:55:28.7841043' AS DateTime2), CAST(N'2022-04-17T13:55:28.7841043' AS DateTime2), 17, 17, 1)
GO
INSERT [dbo].[notification] ([notId], [title], [ncontent], [side], [msgType], [path], [createDate], [updateDate], [createUserId], [updateUserId], [isActive]) VALUES (102, N'trSpendingOrderAlertTilte', N'user user:trSpendingOrderApproveAlertContent', NULL, N'alert', NULL, CAST(N'2022-04-17T13:57:00.1934957' AS DateTime2), CAST(N'2022-04-17T13:57:00.1934957' AS DateTime2), 17, 17, 1)
GO
INSERT [dbo].[notification] ([notId], [title], [ncontent], [side], [msgType], [path], [createDate], [updateDate], [createUserId], [updateUserId], [isActive]) VALUES (103, N'trSpendingOrderAlertTilte', N'user user:trSpendingOrderAlertContent', NULL, N'alert', NULL, CAST(N'2022-04-17T13:59:31.6772431' AS DateTime2), CAST(N'2022-04-17T13:59:31.6772431' AS DateTime2), 17, 17, 1)
GO
INSERT [dbo].[notification] ([notId], [title], [ncontent], [side], [msgType], [path], [createDate], [updateDate], [createUserId], [updateUserId], [isActive]) VALUES (104, N'trSpendingOrderAlertTilte', N'user user:trSpendingOrderApproveAlertContent', NULL, N'alert', NULL, CAST(N'2022-04-17T14:00:13.7611640' AS DateTime2), CAST(N'2022-04-17T14:00:13.7611640' AS DateTime2), 17, 17, 1)
GO
INSERT [dbo].[notification] ([notId], [title], [ncontent], [side], [msgType], [path], [createDate], [updateDate], [createUserId], [updateUserId], [isActive]) VALUES (105, N'trSpendingOrderAlertTilte', N'user user:trSpendingOrderAlertContent', NULL, N'alert', NULL, CAST(N'2022-04-17T14:01:01.2202081' AS DateTime2), CAST(N'2022-04-17T14:01:01.2202081' AS DateTime2), 17, 17, 1)
GO
INSERT [dbo].[notification] ([notId], [title], [ncontent], [side], [msgType], [path], [createDate], [updateDate], [createUserId], [updateUserId], [isActive]) VALUES (106, N'trSpendingOrderAlertTilte', N'user user:trSpendingOrderApproveAlertContent', NULL, N'alert', NULL, CAST(N'2022-04-17T14:01:20.9065030' AS DateTime2), CAST(N'2022-04-17T14:01:20.9065030' AS DateTime2), 17, 17, 1)
GO
SET IDENTITY_INSERT [dbo].[notification] OFF
GO
SET IDENTITY_INSERT [dbo].[notificationUser] ON 
GO
INSERT [dbo].[notificationUser] ([notUserId], [notId], [userId], [isRead], [createDate], [updateDate], [createUserId], [updateUserId], [posId]) VALUES (61, 91, 1, 0, CAST(N'2022-04-16T14:29:17.0198890' AS DateTime2), CAST(N'2022-04-16T14:29:17.0198890' AS DateTime2), 17, 17, NULL)
GO
INSERT [dbo].[notificationUser] ([notUserId], [notId], [userId], [isRead], [createDate], [updateDate], [createUserId], [updateUserId], [posId]) VALUES (62, 91, 2, 1, CAST(N'2022-04-16T14:29:17.0248750' AS DateTime2), CAST(N'2022-04-17T14:34:41.5863484' AS DateTime2), 17, 17, NULL)
GO
INSERT [dbo].[notificationUser] ([notUserId], [notId], [userId], [isRead], [createDate], [updateDate], [createUserId], [updateUserId], [posId]) VALUES (63, 91, 17, 0, CAST(N'2022-04-16T14:29:17.0258722' AS DateTime2), CAST(N'2022-04-16T14:29:17.0258722' AS DateTime2), 17, 17, NULL)
GO
INSERT [dbo].[notificationUser] ([notUserId], [notId], [userId], [isRead], [createDate], [updateDate], [createUserId], [updateUserId], [posId]) VALUES (64, 91, 18, 1, CAST(N'2022-04-16T14:29:17.0258722' AS DateTime2), CAST(N'2022-04-17T12:07:25.4709550' AS DateTime2), 17, 17, NULL)
GO
INSERT [dbo].[notificationUser] ([notUserId], [notId], [userId], [isRead], [createDate], [updateDate], [createUserId], [updateUserId], [posId]) VALUES (65, 91, 25, 0, CAST(N'2022-04-16T14:29:17.0258722' AS DateTime2), CAST(N'2022-04-16T14:29:17.0258722' AS DateTime2), 17, 17, NULL)
GO
INSERT [dbo].[notificationUser] ([notUserId], [notId], [userId], [isRead], [createDate], [updateDate], [createUserId], [updateUserId], [posId]) VALUES (66, 93, 1, 0, CAST(N'2022-04-17T11:57:03.3925226' AS DateTime2), CAST(N'2022-04-17T11:57:03.3925226' AS DateTime2), 17, 17, NULL)
GO
INSERT [dbo].[notificationUser] ([notUserId], [notId], [userId], [isRead], [createDate], [updateDate], [createUserId], [updateUserId], [posId]) VALUES (67, 93, 2, 1, CAST(N'2022-04-17T11:57:03.3965110' AS DateTime2), CAST(N'2022-04-17T14:34:41.5983169' AS DateTime2), 17, 17, NULL)
GO
INSERT [dbo].[notificationUser] ([notUserId], [notId], [userId], [isRead], [createDate], [updateDate], [createUserId], [updateUserId], [posId]) VALUES (68, 93, 17, 0, CAST(N'2022-04-17T11:57:03.3965110' AS DateTime2), CAST(N'2022-04-17T11:57:03.3965110' AS DateTime2), 17, 17, NULL)
GO
INSERT [dbo].[notificationUser] ([notUserId], [notId], [userId], [isRead], [createDate], [updateDate], [createUserId], [updateUserId], [posId]) VALUES (69, 93, 18, 1, CAST(N'2022-04-17T11:57:03.3965110' AS DateTime2), CAST(N'2022-04-17T12:07:25.4759107' AS DateTime2), 17, 17, NULL)
GO
INSERT [dbo].[notificationUser] ([notUserId], [notId], [userId], [isRead], [createDate], [updateDate], [createUserId], [updateUserId], [posId]) VALUES (70, 93, 25, 0, CAST(N'2022-04-17T11:57:03.3965110' AS DateTime2), CAST(N'2022-04-17T11:57:03.3965110' AS DateTime2), 17, 17, NULL)
GO
INSERT [dbo].[notificationUser] ([notUserId], [notId], [userId], [isRead], [createDate], [updateDate], [createUserId], [updateUserId], [posId]) VALUES (71, 98, 1, 0, CAST(N'2022-04-17T13:46:37.8364967' AS DateTime2), CAST(N'2022-04-17T13:46:37.8364967' AS DateTime2), 17, 17, NULL)
GO
INSERT [dbo].[notificationUser] ([notUserId], [notId], [userId], [isRead], [createDate], [updateDate], [createUserId], [updateUserId], [posId]) VALUES (72, 98, 2, 1, CAST(N'2022-04-17T13:46:37.8374943' AS DateTime2), CAST(N'2022-04-17T14:34:41.6023027' AS DateTime2), 17, 17, NULL)
GO
INSERT [dbo].[notificationUser] ([notUserId], [notId], [userId], [isRead], [createDate], [updateDate], [createUserId], [updateUserId], [posId]) VALUES (73, 98, 17, 0, CAST(N'2022-04-17T13:46:37.8374943' AS DateTime2), CAST(N'2022-04-17T13:46:37.8374943' AS DateTime2), 17, 17, NULL)
GO
INSERT [dbo].[notificationUser] ([notUserId], [notId], [userId], [isRead], [createDate], [updateDate], [createUserId], [updateUserId], [posId]) VALUES (74, 98, 18, 1, CAST(N'2022-04-17T13:46:37.8374943' AS DateTime2), CAST(N'2022-04-17T13:59:19.8169788' AS DateTime2), 17, 17, NULL)
GO
INSERT [dbo].[notificationUser] ([notUserId], [notId], [userId], [isRead], [createDate], [updateDate], [createUserId], [updateUserId], [posId]) VALUES (75, 98, 25, 0, CAST(N'2022-04-17T13:46:37.8374943' AS DateTime2), CAST(N'2022-04-17T13:46:37.8374943' AS DateTime2), 17, 17, NULL)
GO
SET IDENTITY_INSERT [dbo].[notificationUser] OFF
GO
SET IDENTITY_INSERT [dbo].[objects] ON 
GO
INSERT [dbo].[objects] ([objectId], [name], [parentObjectId], [objectType], [translate], [translateHint], [icon]) VALUES (1, N'root', NULL, N'root', N'-', N'-', N'-')
GO
INSERT [dbo].[objects] ([objectId], [name], [parentObjectId], [objectType], [translate], [translateHint], [icon]) VALUES (2, N'home', 1, N'basic', N'trHome', N'trHome', N'home')
GO
INSERT [dbo].[objects] ([objectId], [name], [parentObjectId], [objectType], [translate], [translateHint], [icon]) VALUES (3, N'catalog', 1, N'basic', N'trCatalog', N'trCatalog', N'catalog')
GO
INSERT [dbo].[objects] ([objectId], [name], [parentObjectId], [objectType], [translate], [translateHint], [icon]) VALUES (4, N'purchase', 1, N'basic', N'trPurchases', N'trPurchases', N'purchases')
GO
INSERT [dbo].[objects] ([objectId], [name], [parentObjectId], [objectType], [translate], [translateHint], [icon]) VALUES (5, N'storage', 1, N'basic', N'trStore', N'trStore', N'storage')
GO
INSERT [dbo].[objects] ([objectId], [name], [parentObjectId], [objectType], [translate], [translateHint], [icon]) VALUES (6, N'kitchen', 1, N'basic', N'trKitchen', N'trKitchen', N'kitchen')
GO
INSERT [dbo].[objects] ([objectId], [name], [parentObjectId], [objectType], [translate], [translateHint], [icon]) VALUES (7, N'sales', 1, N'basic', N'trSales', N'trSales', N'sales')
GO
INSERT [dbo].[objects] ([objectId], [name], [parentObjectId], [objectType], [translate], [translateHint], [icon]) VALUES (8, N'delivery', 1, N'basic', N'trDelivery', N'trDelivery', N'delivery')
GO
INSERT [dbo].[objects] ([objectId], [name], [parentObjectId], [objectType], [translate], [translateHint], [icon]) VALUES (9, N'accounts', 1, N'basic', N'trAccounting', N'trAccounting', N'accounts')
GO
INSERT [dbo].[objects] ([objectId], [name], [parentObjectId], [objectType], [translate], [translateHint], [icon]) VALUES (10, N'reports', 1, N'basic', N'trReports', N'trReports', N'reports')
GO
INSERT [dbo].[objects] ([objectId], [name], [parentObjectId], [objectType], [translate], [translateHint], [icon]) VALUES (11, N'sectionData', 1, N'basic', N'trSectionData', N'trSectionData', N'data')
GO
INSERT [dbo].[objects] ([objectId], [name], [parentObjectId], [objectType], [translate], [translateHint], [icon]) VALUES (12, N'settings', 1, N'basic', N'trSettings', N'trSettings', N'settings')
GO
INSERT [dbo].[objects] ([objectId], [name], [parentObjectId], [objectType], [translate], [translateHint], [icon]) VALUES (13, N'hallDivide', 11, N'basic', N'trHallDivide', N'trDiningHallDivide', N'tableWithChairs')
GO
INSERT [dbo].[objects] ([objectId], [name], [parentObjectId], [objectType], [translate], [translateHint], [icon]) VALUES (14, N'persons', 11, N'basic', N'trPersons', N'trVendorsCustomerUsers', N'person')
GO
INSERT [dbo].[objects] ([objectId], [name], [parentObjectId], [objectType], [translate], [translateHint], [icon]) VALUES (15, N'branchesAndStores', 11, N'basic', N'trBranchesAndStores', N'trBranchesStoresPOS', N'branches')
GO
INSERT [dbo].[objects] ([objectId], [name], [parentObjectId], [objectType], [translate], [translateHint], [icon]) VALUES (16, N'banksData', 11, N'basic', N'trBanks', N'trBanksPaymentMethods', N'bankswithCards')
GO
INSERT [dbo].[objects] ([objectId], [name], [parentObjectId], [objectType], [translate], [translateHint], [icon]) VALUES (17, N'tables', 13, N'basic', N'trTables', N'trAddUpdateDelete', N'table')
GO
INSERT [dbo].[objects] ([objectId], [name], [parentObjectId], [objectType], [translate], [translateHint], [icon]) VALUES (18, N'hallSections', 13, N'basic', N'trHallSections', N'trAddUpdateDelete', N'sections')
GO
INSERT [dbo].[objects] ([objectId], [name], [parentObjectId], [objectType], [translate], [translateHint], [icon]) VALUES (19, N'vendors', 14, N'basic', N'trSuppliers', N'trAddUpdateDelete', N'vendor')
GO
INSERT [dbo].[objects] ([objectId], [name], [parentObjectId], [objectType], [translate], [translateHint], [icon]) VALUES (20, N'customers', 14, N'basic', N'trCustomers', N'trAddUpdateDelete', N'customer')
GO
INSERT [dbo].[objects] ([objectId], [name], [parentObjectId], [objectType], [translate], [translateHint], [icon]) VALUES (21, N'users', 14, N'basic', N'trUsers', N'trAddUpdateDelete', N'user')
GO
INSERT [dbo].[objects] ([objectId], [name], [parentObjectId], [objectType], [translate], [translateHint], [icon]) VALUES (22, N'branches', 15, N'basic', N'trBranches', N'trAddUpdateDelete', N'branches')
GO
INSERT [dbo].[objects] ([objectId], [name], [parentObjectId], [objectType], [translate], [translateHint], [icon]) VALUES (23, N'stores', 15, N'basic', N'trStores', N'trAddUpdateDelete', N'storage')
GO
INSERT [dbo].[objects] ([objectId], [name], [parentObjectId], [objectType], [translate], [translateHint], [icon]) VALUES (24, N'pos', 15, N'basic', N'trPOS', N'trAddUpdateDelete', N'POS')
GO
INSERT [dbo].[objects] ([objectId], [name], [parentObjectId], [objectType], [translate], [translateHint], [icon]) VALUES (25, N'banks', 16, N'basic', N'trBanks', N'trAddUpdateDelete', N'bank')
GO
INSERT [dbo].[objects] ([objectId], [name], [parentObjectId], [objectType], [translate], [translateHint], [icon]) VALUES (26, N'cards', 16, N'basic', N'trPayment1', N'trAddUpdateDelete', N'creditCard')
GO
INSERT [dbo].[objects] ([objectId], [name], [parentObjectId], [objectType], [translate], [translateHint], [icon]) VALUES (27, N'rawMaterials', 3, N'basic', N'trRawMaterials', N'trCategoriesItems', N'rawMaterials')
GO
INSERT [dbo].[objects] ([objectId], [name], [parentObjectId], [objectType], [translate], [translateHint], [icon]) VALUES (28, N'foods', 3, N'basic', N'trFoods', N'trAppetizersBeverages', N'mainCourses')
GO
INSERT [dbo].[objects] ([objectId], [name], [parentObjectId], [objectType], [translate], [translateHint], [icon]) VALUES (29, N'appetizers', 28, N'basic', N'trAppetizers', N'trAddUpdateDelete', N'appetizers')
GO
INSERT [dbo].[objects] ([objectId], [name], [parentObjectId], [objectType], [translate], [translateHint], [icon]) VALUES (30, N'beverages', 28, N'basic', N'trBeverages', N'trAddUpdateDelete', N'beverages')
GO
INSERT [dbo].[objects] ([objectId], [name], [parentObjectId], [objectType], [translate], [translateHint], [icon]) VALUES (31, N'fastFood', 28, N'basic', N'trFastFood', N'trAddUpdateDelete', N'fastFood')
GO
INSERT [dbo].[objects] ([objectId], [name], [parentObjectId], [objectType], [translate], [translateHint], [icon]) VALUES (32, N'mainCourses', 28, N'basic', N'trMainCourses', N'trAddUpdateDelete', N'mainCourses')
GO
INSERT [dbo].[objects] ([objectId], [name], [parentObjectId], [objectType], [translate], [translateHint], [icon]) VALUES (33, N'desserts', 28, N'basic', N'trDesserts', N'trAddUpdateDelete', N'desserts')
GO
INSERT [dbo].[objects] ([objectId], [name], [parentObjectId], [objectType], [translate], [translateHint], [icon]) VALUES (34, N'payInvoice', 4, N'basic', N'trInvoice', N'trPurchaseInvoice', N'invoice')
GO
INSERT [dbo].[objects] ([objectId], [name], [parentObjectId], [objectType], [translate], [translateHint], [icon]) VALUES (35, N'purchaseOrder', 4, N'basic', N'trOrders', N'trOrders', N'dolarsList')
GO
INSERT [dbo].[objects] ([objectId], [name], [parentObjectId], [objectType], [translate], [translateHint], [icon]) VALUES (36, N'purchaseStatistic', 4, N'-', N'trStatistic', N'trDailyStatistic', N'-')
GO
INSERT [dbo].[objects] ([objectId], [name], [parentObjectId], [objectType], [translate], [translateHint], [icon]) VALUES (37, N'storageDivide', 5, N'basic', N'trStorageDivide', N'trLocationsSections', N'storageDivide')
GO
INSERT [dbo].[objects] ([objectId], [name], [parentObjectId], [objectType], [translate], [translateHint], [icon]) VALUES (38, N'storageOperations', 5, N'basic', N'trStorageOperations', N'trStorageCostInvoices', N'storageOperations')
GO
INSERT [dbo].[objects] ([objectId], [name], [parentObjectId], [objectType], [translate], [translateHint], [icon]) VALUES (39, N'movementsOperations', 5, N'basic', N'trMovementsOperations', N'trMovementsConsumption', N'movementsOperations')
GO
INSERT [dbo].[objects] ([objectId], [name], [parentObjectId], [objectType], [translate], [translateHint], [icon]) VALUES (40, N'stocktakingOperations', 5, N'basic', N'trStocktakingOperations', N'trShortageDestructive', N'stocktaking')
GO
INSERT [dbo].[objects] ([objectId], [name], [parentObjectId], [objectType], [translate], [translateHint], [icon]) VALUES (41, N'locations', 37, N'basic', N'trLocation', N'trAddUpdateDelete', N'storageLocations')
GO
INSERT [dbo].[objects] ([objectId], [name], [parentObjectId], [objectType], [translate], [translateHint], [icon]) VALUES (42, N'storageSections', 37, N'basic', N'trSection', N'trAddUpdateDelete', N'sections')
GO
INSERT [dbo].[objects] ([objectId], [name], [parentObjectId], [objectType], [translate], [translateHint], [icon]) VALUES (43, N'storageCost', 38, N'basic', N'trStorageCostPerDay', N'trAddUpdateDelete', N'storageCost')
GO
INSERT [dbo].[objects] ([objectId], [name], [parentObjectId], [objectType], [translate], [translateHint], [icon]) VALUES (44, N'storageInvoice', 38, N'basic', N'trInvoice', N'trReciptReturn', N'invoice')
GO
INSERT [dbo].[objects] ([objectId], [name], [parentObjectId], [objectType], [translate], [translateHint], [icon]) VALUES (45, N'itemsStorage', 38, N'basic', N'trStorage', N'trStoredFreezone', N'itemsStorage')
GO
INSERT [dbo].[objects] ([objectId], [name], [parentObjectId], [objectType], [translate], [translateHint], [icon]) VALUES (46, N'storageMovements', 39, N'basic', N'trMovements', N'trImportExport', N'storageMovements')
GO
INSERT [dbo].[objects] ([objectId], [name], [parentObjectId], [objectType], [translate], [translateHint], [icon]) VALUES (47, N'spendingOrder', 39, N'basic', N'trSpendingOrder', N'trSpendingOrder', N'rawMaterials')
GO
INSERT [dbo].[objects] ([objectId], [name], [parentObjectId], [objectType], [translate], [translateHint], [icon]) VALUES (48, N'itemsShortage', 40, N'basic', N'trShortage', N'trShortage', N'itemsStorage')
GO
INSERT [dbo].[objects] ([objectId], [name], [parentObjectId], [objectType], [translate], [translateHint], [icon]) VALUES (49, N'itemsDestructive', 40, N'basic', N'trDestructive', N'trDestructive', N'delete')
GO
INSERT [dbo].[objects] ([objectId], [name], [parentObjectId], [objectType], [translate], [translateHint], [icon]) VALUES (50, N'stocktaking', 40, N'basic', N'trStocktaking', N'trStocktaking', N'stocktaking')
GO
INSERT [dbo].[objects] ([objectId], [name], [parentObjectId], [objectType], [translate], [translateHint], [icon]) VALUES (51, N'preparingOrders', 6, N'basic', N'trPreparingOrders', N'trPreparingOrdersList', N'cooking')
GO
INSERT [dbo].[objects] ([objectId], [name], [parentObjectId], [objectType], [translate], [translateHint], [icon]) VALUES (52, N'spendingRequest', 6, N'basic', N'trSpendingRequest', N'trSpendingRequest', N'freezer')
GO
INSERT [dbo].[objects] ([objectId], [name], [parentObjectId], [objectType], [translate], [translateHint], [icon]) VALUES (53, N'posTransfers', 9, N'basic', N'trPOS', N'trPOS', N'POS')
GO
INSERT [dbo].[objects] ([objectId], [name], [parentObjectId], [objectType], [translate], [translateHint], [icon]) VALUES (54, N'payments', 9, N'basic', N'trPayments', N'trPayments', N'payments')
GO
INSERT [dbo].[objects] ([objectId], [name], [parentObjectId], [objectType], [translate], [translateHint], [icon]) VALUES (55, N'received', 9, N'basic', N'trReceived', N'trReceived', N'received')
GO
INSERT [dbo].[objects] ([objectId], [name], [parentObjectId], [objectType], [translate], [translateHint], [icon]) VALUES (56, N'banksAccounting', 9, N'basic', N'trBanks', N'trBanks', N'bank')
GO
INSERT [dbo].[objects] ([objectId], [name], [parentObjectId], [objectType], [translate], [translateHint], [icon]) VALUES (57, N'accountsStatistic', 9, N'-', N'trStatistic', N'trStatistic', N'-')
GO
INSERT [dbo].[objects] ([objectId], [name], [parentObjectId], [objectType], [translate], [translateHint], [icon]) VALUES (58, N'subscriptions', 9, N'basic', N'trSubscriptions', N'trSubscriptions', N'subscriptions')
GO
INSERT [dbo].[objects] ([objectId], [name], [parentObjectId], [objectType], [translate], [translateHint], [icon]) VALUES (59, N'ordersAccounting', 9, N'basic', N'trOrders', N'trOrders', N'deliveryMan')
GO
INSERT [dbo].[objects] ([objectId], [name], [parentObjectId], [objectType], [translate], [translateHint], [icon]) VALUES (60, N'general', 12, N'basic', N'trGeneral', N'trGeneralSettings', N'general')
GO
INSERT [dbo].[objects] ([objectId], [name], [parentObjectId], [objectType], [translate], [translateHint], [icon]) VALUES (61, N'reportsSettings', 12, N'basic', N'trPrint', N'trPrinterSettings', N'reportsSettings')
GO
INSERT [dbo].[objects] ([objectId], [name], [parentObjectId], [objectType], [translate], [translateHint], [icon]) VALUES (62, N'permissions', 12, N'basic', N'trPermission', N'trPermissionsSettings', N'lock')
GO
INSERT [dbo].[objects] ([objectId], [name], [parentObjectId], [objectType], [translate], [translateHint], [icon]) VALUES (63, N'emailSettings', 12, N'-', N'trEmail', N'trEmailsSettings', N'-')
GO
INSERT [dbo].[objects] ([objectId], [name], [parentObjectId], [objectType], [translate], [translateHint], [icon]) VALUES (64, N'smsSettings', 12, N'-', N'trSMS', N'trSMSSetting', N'-')
GO
INSERT [dbo].[objects] ([objectId], [name], [parentObjectId], [objectType], [translate], [translateHint], [icon]) VALUES (65, N'promotion', 7, N'basic', N'trPromotion', N'trMembershipCoupon', N'promotion')
GO
INSERT [dbo].[objects] ([objectId], [name], [parentObjectId], [objectType], [translate], [translateHint], [icon]) VALUES (66, N'reservations', 7, N'basic', N'trReservations', N'trReservationsTables', N'reservations')
GO
INSERT [dbo].[objects] ([objectId], [name], [parentObjectId], [objectType], [translate], [translateHint], [icon]) VALUES (67, N'diningHall', 7, N'basic', N'trInvoice', N'trSalesInvoice', N'invoice')
GO
INSERT [dbo].[objects] ([objectId], [name], [parentObjectId], [objectType], [translate], [translateHint], [icon]) VALUES (68, N'takeAway', 7, N'-', N'trTakeAway', N'trSelfServiceOrder', N'takeAway')
GO
INSERT [dbo].[objects] ([objectId], [name], [parentObjectId], [objectType], [translate], [translateHint], [icon]) VALUES (69, N'salesStatistic', 7, N'basic', N'trStatistic', N'trDailyStatistic', N'daily')
GO
INSERT [dbo].[objects] ([objectId], [name], [parentObjectId], [objectType], [translate], [translateHint], [icon]) VALUES (70, N'membership', 65, N'basic', N'trMembership', N'trAddUpdateDelete', N'membership')
GO
INSERT [dbo].[objects] ([objectId], [name], [parentObjectId], [objectType], [translate], [translateHint], [icon]) VALUES (71, N'coupon', 65, N'basic', N'trCoupon', N'trAddUpdateDelete', N'coupon')
GO
INSERT [dbo].[objects] ([objectId], [name], [parentObjectId], [objectType], [translate], [translateHint], [icon]) VALUES (72, N'offer', 65, N'basic', N'trOffer', N'trAddUpdateDelete', N'offer')
GO
INSERT [dbo].[objects] ([objectId], [name], [parentObjectId], [objectType], [translate], [translateHint], [icon]) VALUES (73, N'quotation', 65, N'-', N'trQuotations', N'trAddUpdateDelete', N'-')
GO
INSERT [dbo].[objects] ([objectId], [name], [parentObjectId], [objectType], [translate], [translateHint], [icon]) VALUES (74, N'medals', 65, N'-', N'trMedals', N'trAddUpdateDelete', N'-')
GO
INSERT [dbo].[objects] ([objectId], [name], [parentObjectId], [objectType], [translate], [translateHint], [icon]) VALUES (75, N'package', 28, N'basic', N'trPackage', N'trAddUpdateDelete', N'package')
GO
INSERT [dbo].[objects] ([objectId], [name], [parentObjectId], [objectType], [translate], [translateHint], [icon]) VALUES (76, N'deliveryManagement', 8, N'basic', N'trDeliveryManagement', N'trDeliveryManagement', N'deliveryManagement')
GO
INSERT [dbo].[objects] ([objectId], [name], [parentObjectId], [objectType], [translate], [translateHint], [icon]) VALUES (77, N'shippingCompanies', 8, N'basic', N'trShippingCompanies', N'trAddUpdateDelete', N'shippingCompanies')
GO
INSERT [dbo].[objects] ([objectId], [name], [parentObjectId], [objectType], [translate], [translateHint], [icon]) VALUES (78, N'itemsRawMaterials', 27, N'basic', N'trItems', N'trAddUpdateDelete', N'itemsRawMaterials')
GO
INSERT [dbo].[objects] ([objectId], [name], [parentObjectId], [objectType], [translate], [translateHint], [icon]) VALUES (79, N'units', 27, N'basic', N'trUnits', N'trAddUpdateDelete', N'units')
GO
INSERT [dbo].[objects] ([objectId], [name], [parentObjectId], [objectType], [translate], [translateHint], [icon]) VALUES (80, N'menuSettings', 6, N'basic', N'trMenuSettings', N'trUpdateMenuItems', N'menuSettings')
GO
INSERT [dbo].[objects] ([objectId], [name], [parentObjectId], [objectType], [translate], [translateHint], [icon]) VALUES (81, N'itemsCosting', 6, N'basic', N'trItemsCosting', N'trItemsCosting', N'itemsCosting')
GO
INSERT [dbo].[objects] ([objectId], [name], [parentObjectId], [objectType], [translate], [translateHint], [icon]) VALUES (82, N'consumptionRawMaterials', 6, N'basic', N'trConsumption', N'trConsumptionRawMaterials', N'rawMaterials')
GO
INSERT [dbo].[objects] ([objectId], [name], [parentObjectId], [objectType], [translate], [translateHint], [icon]) VALUES (83, N'reservationTable', 66, N'basic', N'trReservationTable', N'trCreateReservation', N'reserveAdd')
GO
INSERT [dbo].[objects] ([objectId], [name], [parentObjectId], [objectType], [translate], [translateHint], [icon]) VALUES (84, N'reservationsUpdate', 66, N'basic', N'trReservationsUpdate', N'trUpdateDelete', N'reserveUpdate')
GO
INSERT [dbo].[objects] ([objectId], [name], [parentObjectId], [objectType], [translate], [translateHint], [icon]) VALUES (85, N'residentialSectors', 11, N'basic', N'trResidentialSectors', N'trAddUpdateDelete', N'map')
GO
INSERT [dbo].[objects] ([objectId], [name], [parentObjectId], [objectType], [translate], [translateHint], [icon]) VALUES (86, N'emailsGeneral', 12, N'basic', N'trEmail', N'trEmailsSettings', N'email')
GO
INSERT [dbo].[objects] ([objectId], [name], [parentObjectId], [objectType], [translate], [translateHint], [icon]) VALUES (87, N'emailsSetting', 86, N'basic', N'trEmailsSettings', N'trEmailsSettings', N'fileSetting')
GO
INSERT [dbo].[objects] ([objectId], [name], [parentObjectId], [objectType], [translate], [translateHint], [icon]) VALUES (88, N'emailsTamplates', 86, N'basic', N'trEmailsTamplates', N'trEmailsTamplates', N'emailsTamplates')
GO
INSERT [dbo].[objects] ([objectId], [name], [parentObjectId], [objectType], [translate], [translateHint], [icon]) VALUES (89, N'driversManagement', 8, N'basic', N'trDriversManagement', N'trDriversManagement', N'driversManagement')
GO
INSERT [dbo].[objects] ([objectId], [name], [parentObjectId], [objectType], [translate], [translateHint], [icon]) VALUES (90, N'categorie', 27, N'basic', N'trCategories', N'trAddUpdateDelete', N'categorie')
GO
INSERT [dbo].[objects] ([objectId], [name], [parentObjectId], [objectType], [translate], [translateHint], [icon]) VALUES (91, N'alerts', 1, N'basicAlert', N'trAlerts', N'-', N'bell')
GO
INSERT [dbo].[objects] ([objectId], [name], [parentObjectId], [objectType], [translate], [translateHint], [icon]) VALUES (92, N'storageAlerts', 91, N'basicAlert', N'trStorage', N'-', N'storage')
GO
INSERT [dbo].[objects] ([objectId], [name], [parentObjectId], [objectType], [translate], [translateHint], [icon]) VALUES (93, N'kitchenAlerts', 91, N'basicAlert', N'trKitchen', N'-', N'kitchen')
GO
INSERT [dbo].[objects] ([objectId], [name], [parentObjectId], [objectType], [translate], [translateHint], [icon]) VALUES (94, N'saleAlerts', 91, N'basicAlert', N'trSales', N'-', N'sales')
GO
INSERT [dbo].[objects] ([objectId], [name], [parentObjectId], [objectType], [translate], [translateHint], [icon]) VALUES (95, N'accountsAlerts', 91, N'-', N'trAccounting', N'-', N'accounts')
GO
INSERT [dbo].[objects] ([objectId], [name], [parentObjectId], [objectType], [translate], [translateHint], [icon]) VALUES (96, N'storageAlerts_minMaxItem', 92, N'alert', N'-', N'-', N'-')
GO
INSERT [dbo].[objects] ([objectId], [name], [parentObjectId], [objectType], [translate], [translateHint], [icon]) VALUES (97, N'storageAlerts_ImpExp', 92, N'alert', N'-', N'-', N'-')
GO
INSERT [dbo].[objects] ([objectId], [name], [parentObjectId], [objectType], [translate], [translateHint], [icon]) VALUES (98, N'storageAlerts_ctreatePurchaseInvoice', 92, N'alert', N'-', N'-', N'-')
GO
INSERT [dbo].[objects] ([objectId], [name], [parentObjectId], [objectType], [translate], [translateHint], [icon]) VALUES (99, N'storageAlerts_ctreatePurchaseReturnInvoice', 92, N'alert', N'-', N'-', N'-')
GO
INSERT [dbo].[objects] ([objectId], [name], [parentObjectId], [objectType], [translate], [translateHint], [icon]) VALUES (100, N'storageAlerts_spendingOrderApprove', 92, N'alert', N'-', N'-', N'-')
GO
INSERT [dbo].[objects] ([objectId], [name], [parentObjectId], [objectType], [translate], [translateHint], [icon]) VALUES (101, N'kitchenAlerts_spendingOrderRequest', 93, N'alert', N'-', N'-', N'-')
GO
INSERT [dbo].[objects] ([objectId], [name], [parentObjectId], [objectType], [translate], [translateHint], [icon]) VALUES (102, N'saleAlerts_executeOrder', 94, N'alert', N'-', N'-', N'-')
GO
INSERT [dbo].[objects] ([objectId], [name], [parentObjectId], [objectType], [translate], [translateHint], [icon]) VALUES (103, N'storageReports', 10, N'basic', N'trStorage', N'trStockExternal', N'storage')
GO
INSERT [dbo].[objects] ([objectId], [name], [parentObjectId], [objectType], [translate], [translateHint], [icon]) VALUES (104, N'purchaseReports', 10, N'basic', N'trPurchases', N'trInvoicesItems', N'purchases')
GO
INSERT [dbo].[objects] ([objectId], [name], [parentObjectId], [objectType], [translate], [translateHint], [icon]) VALUES (105, N'salesReports', 10, N'basic', N'trSales', N'trInvoicesItems', N'sales')
GO
INSERT [dbo].[objects] ([objectId], [name], [parentObjectId], [objectType], [translate], [translateHint], [icon]) VALUES (106, N'accountsReports', 10, N'basic', N'trAccounting', N'trPaymentsRecipient', N'accounts')
GO
INSERT [dbo].[objects] ([objectId], [name], [parentObjectId], [objectType], [translate], [translateHint], [icon]) VALUES (107, N'stockStorageReports', 103, N'basic', N'trStock', N'trItemLocationCollect', N'stock')
GO
INSERT [dbo].[objects] ([objectId], [name], [parentObjectId], [objectType], [translate], [translateHint], [icon]) VALUES (108, N'externalStorageReports', 103, N'basic', N'trExternal', N'trItemsAgentsInvoiceHint', N'external')
GO
INSERT [dbo].[objects] ([objectId], [name], [parentObjectId], [objectType], [translate], [translateHint], [icon]) VALUES (109, N'internalStorageReports', 103, N'basic', N'trInternal', N'trItemsOperatorHint', N'internal')
GO
INSERT [dbo].[objects] ([objectId], [name], [parentObjectId], [objectType], [translate], [translateHint], [icon]) VALUES (110, N'directStorageReports', 103, N'basic', N'trDirectEntry', N'trItemsHint', N'direct')
GO
INSERT [dbo].[objects] ([objectId], [name], [parentObjectId], [objectType], [translate], [translateHint], [icon]) VALUES (111, N'stocktakingStorageReports', 103, N'basic', N'trStocktaking', N'trArchivesShortfallsHint', N'checkList')
GO
INSERT [dbo].[objects] ([objectId], [name], [parentObjectId], [objectType], [translate], [translateHint], [icon]) VALUES (112, N'destroiedStorageReports', 103, N'basic', N'trDestructive', N'trBranchItemHint', N'delete')
GO
INSERT [dbo].[objects] ([objectId], [name], [parentObjectId], [objectType], [translate], [translateHint], [icon]) VALUES (113, N'invoicePurchaseReports', 104, N'basic', N'trInvoice', N'trBranchPOSCustomer', N'invoice')
GO
INSERT [dbo].[objects] ([objectId], [name], [parentObjectId], [objectType], [translate], [translateHint], [icon]) VALUES (114, N'itemPurchaseReports', 104, N'basic', N'trItems', N'trItems', N'rawMaterials')
GO
INSERT [dbo].[objects] ([objectId], [name], [parentObjectId], [objectType], [translate], [translateHint], [icon]) VALUES (115, N'orderPurchaseReports', 104, N'basic', N'trOrders', N'trBranchPOSCustomer', N'delivery')
GO
INSERT [dbo].[objects] ([objectId], [name], [parentObjectId], [objectType], [translate], [translateHint], [icon]) VALUES (116, N'invoiceSalesReports', 105, N'basic', N'trInvoice', N'trBranchPOSCustomer', N'invoice')
GO
INSERT [dbo].[objects] ([objectId], [name], [parentObjectId], [objectType], [translate], [translateHint], [icon]) VALUES (117, N'itemSalesReports', 105, N'basic', N'trItems', N'trItems', N'mainCourses')
GO
INSERT [dbo].[objects] ([objectId], [name], [parentObjectId], [objectType], [translate], [translateHint], [icon]) VALUES (118, N'promotionSalesReports', 105, N'basic', N'trPromotion', N'trCouponOfferPackage', N'promotion')
GO
INSERT [dbo].[objects] ([objectId], [name], [parentObjectId], [objectType], [translate], [translateHint], [icon]) VALUES (119, N'orderSalesReports', 105, N'basic', N'trOrders', N'trBranchPOSCustomer', N'delivery')
GO
INSERT [dbo].[objects] ([objectId], [name], [parentObjectId], [objectType], [translate], [translateHint], [icon]) VALUES (120, N'quotationSalesReports', 105, N'-', N'trQuotation', N'trBranchPOSCustomer', N'dolarsList')
GO
INSERT [dbo].[objects] ([objectId], [name], [parentObjectId], [objectType], [translate], [translateHint], [icon]) VALUES (121, N'dailySalesReports', 105, N'basic', N'trDaily', N'trDailySales', N'daily')
GO
INSERT [dbo].[objects] ([objectId], [name], [parentObjectId], [objectType], [translate], [translateHint], [icon]) VALUES (122, N'paymentsAccountsReports', 106, N'basic', N'trPayments', N'trVendorCustomerUserHint', N'payments')
GO
INSERT [dbo].[objects] ([objectId], [name], [parentObjectId], [objectType], [translate], [translateHint], [icon]) VALUES (123, N'recipientAccountsReports', 106, N'basic', N'trReceived', N'trVendorCustomerUserHint', N'received')
GO
INSERT [dbo].[objects] ([objectId], [name], [parentObjectId], [objectType], [translate], [translateHint], [icon]) VALUES (124, N'bankAccountsReports', 106, N'basic', N'trBanks', N'trPaymentsRecipientHint', N'bank')
GO
INSERT [dbo].[objects] ([objectId], [name], [parentObjectId], [objectType], [translate], [translateHint], [icon]) VALUES (125, N'posAccountsReports', 106, N'basic', N'trTransfers', N'trFromToPosHint', N'POS')
GO
INSERT [dbo].[objects] ([objectId], [name], [parentObjectId], [objectType], [translate], [translateHint], [icon]) VALUES (126, N'statementAccountsReports', 106, N'basic', N'trAccountStatement', N'trVendorCustomerUserHint', N'statement')
GO
INSERT [dbo].[objects] ([objectId], [name], [parentObjectId], [objectType], [translate], [translateHint], [icon]) VALUES (127, N'fundAccountsReports', 106, N'basic', N'trCashBalance', N'trBranchPosHint', N'POSMoney')
GO
INSERT [dbo].[objects] ([objectId], [name], [parentObjectId], [objectType], [translate], [translateHint], [icon]) VALUES (128, N'profitsAccountsReports', 106, N'basic', N'trProfits', N'trInvoiceItemHint', N'profits')
GO
INSERT [dbo].[objects] ([objectId], [name], [parentObjectId], [objectType], [translate], [translateHint], [icon]) VALUES (129, N'categorie_basics', 90, N'all', N'', N'', N'')
GO
INSERT [dbo].[objects] ([objectId], [name], [parentObjectId], [objectType], [translate], [translateHint], [icon]) VALUES (130, N'itemsRawMaterials_basics', 78, N'all', N'', N'', N'')
GO
INSERT [dbo].[objects] ([objectId], [name], [parentObjectId], [objectType], [translate], [translateHint], [icon]) VALUES (131, N'itemsRawMaterials_units', 78, N'one', N'', N'', N'')
GO
INSERT [dbo].[objects] ([objectId], [name], [parentObjectId], [objectType], [translate], [translateHint], [icon]) VALUES (132, N'units_basics', 79, N'all', N'', N'', N'')
GO
INSERT [dbo].[objects] ([objectId], [name], [parentObjectId], [objectType], [translate], [translateHint], [icon]) VALUES (133, N'appetizers_basics', 29, N'all', N'', N'', N'')
GO
INSERT [dbo].[objects] ([objectId], [name], [parentObjectId], [objectType], [translate], [translateHint], [icon]) VALUES (134, N'appetizers_dishIngredients', 29, N'one', N'', N'', N'')
GO
INSERT [dbo].[objects] ([objectId], [name], [parentObjectId], [objectType], [translate], [translateHint], [icon]) VALUES (135, N'beverages_basics', 30, N'all', N'', N'', N'')
GO
INSERT [dbo].[objects] ([objectId], [name], [parentObjectId], [objectType], [translate], [translateHint], [icon]) VALUES (136, N'beverages_dishIngredients', 30, N'one', N'', N'', N'')
GO
INSERT [dbo].[objects] ([objectId], [name], [parentObjectId], [objectType], [translate], [translateHint], [icon]) VALUES (137, N'fastFood_basics', 31, N'all', N'', N'', N'')
GO
INSERT [dbo].[objects] ([objectId], [name], [parentObjectId], [objectType], [translate], [translateHint], [icon]) VALUES (138, N'fastFood_dishIngredients', 31, N'one', N'', N'', N'')
GO
INSERT [dbo].[objects] ([objectId], [name], [parentObjectId], [objectType], [translate], [translateHint], [icon]) VALUES (139, N'mainCourses_basics', 32, N'all', N'', N'', N'')
GO
INSERT [dbo].[objects] ([objectId], [name], [parentObjectId], [objectType], [translate], [translateHint], [icon]) VALUES (140, N'mainCourses_dishIngredients', 32, N'one', N'', N'', N'')
GO
INSERT [dbo].[objects] ([objectId], [name], [parentObjectId], [objectType], [translate], [translateHint], [icon]) VALUES (141, N'desserts_basics', 33, N'all', N'', N'', N'')
GO
INSERT [dbo].[objects] ([objectId], [name], [parentObjectId], [objectType], [translate], [translateHint], [icon]) VALUES (142, N'desserts_dishIngredients', 33, N'one', N'', N'', N'')
GO
INSERT [dbo].[objects] ([objectId], [name], [parentObjectId], [objectType], [translate], [translateHint], [icon]) VALUES (143, N'package_basics', 75, N'all', N'', N'', N'')
GO
INSERT [dbo].[objects] ([objectId], [name], [parentObjectId], [objectType], [translate], [translateHint], [icon]) VALUES (144, N'package_items', 75, N'one', N'', N'', N'')
GO
INSERT [dbo].[objects] ([objectId], [name], [parentObjectId], [objectType], [translate], [translateHint], [icon]) VALUES (145, N'payInvoice_invoice', 34, N'one', N'', N'', N'')
GO
INSERT [dbo].[objects] ([objectId], [name], [parentObjectId], [objectType], [translate], [translateHint], [icon]) VALUES (146, N'payInvoice_return', 34, N'one', N'', N'', N'')
GO
INSERT [dbo].[objects] ([objectId], [name], [parentObjectId], [objectType], [translate], [translateHint], [icon]) VALUES (147, N'payInvoice_payments', 34, N'one', N'', N'', N'')
GO
INSERT [dbo].[objects] ([objectId], [name], [parentObjectId], [objectType], [translate], [translateHint], [icon]) VALUES (148, N'payInvoice_sendEmail', 34, N'one', N'', N'', N'')
GO
INSERT [dbo].[objects] ([objectId], [name], [parentObjectId], [objectType], [translate], [translateHint], [icon]) VALUES (149, N'payInvoice_openOrder', 34, N'one', N'', N'', N'')
GO
INSERT [dbo].[objects] ([objectId], [name], [parentObjectId], [objectType], [translate], [translateHint], [icon]) VALUES (150, N'payInvoice_initializeShortage', 34, N'one', N'', N'', N'')
GO
INSERT [dbo].[objects] ([objectId], [name], [parentObjectId], [objectType], [translate], [translateHint], [icon]) VALUES (151, N'payInvoice_printCount', 34, N'one', N'', N'', N'')
GO
INSERT [dbo].[objects] ([objectId], [name], [parentObjectId], [objectType], [translate], [translateHint], [icon]) VALUES (152, N'purchaseOrder_create', 35, N'one', N'', N'', N'')
GO
INSERT [dbo].[objects] ([objectId], [name], [parentObjectId], [objectType], [translate], [translateHint], [icon]) VALUES (153, N'purchaseOrder_reports', 35, N'one', N'', N'', N'')
GO
INSERT [dbo].[objects] ([objectId], [name], [parentObjectId], [objectType], [translate], [translateHint], [icon]) VALUES (154, N'purchaseOrder_sendEmail', 35, N'one', N'', N'', N'')
GO
INSERT [dbo].[objects] ([objectId], [name], [parentObjectId], [objectType], [translate], [translateHint], [icon]) VALUES (155, N'purchaseOrder_initializeShortage', 35, N'one', N'', N'', N'')
GO
INSERT [dbo].[objects] ([objectId], [name], [parentObjectId], [objectType], [translate], [translateHint], [icon]) VALUES (156, N'locations_basics', 41, N'all', N'', N'', N'')
GO
INSERT [dbo].[objects] ([objectId], [name], [parentObjectId], [objectType], [translate], [translateHint], [icon]) VALUES (157, N'locations_addRange', 41, N'one', N'', N'', N'')
GO
INSERT [dbo].[objects] ([objectId], [name], [parentObjectId], [objectType], [translate], [translateHint], [icon]) VALUES (158, N'storageSections_basics', 42, N'all', N'', N'', N'')
GO
INSERT [dbo].[objects] ([objectId], [name], [parentObjectId], [objectType], [translate], [translateHint], [icon]) VALUES (159, N'storageSections_selectLocation', 42, N'one', N'', N'', N'')
GO
INSERT [dbo].[objects] ([objectId], [name], [parentObjectId], [objectType], [translate], [translateHint], [icon]) VALUES (160, N'storageCost_basics', 43, N'all', N'', N'', N'')
GO
INSERT [dbo].[objects] ([objectId], [name], [parentObjectId], [objectType], [translate], [translateHint], [icon]) VALUES (161, N'storageCost_items', 43, N'one', N'', N'', N'')
GO
INSERT [dbo].[objects] ([objectId], [name], [parentObjectId], [objectType], [translate], [translateHint], [icon]) VALUES (162, N'storageInvoice_recipt', 44, N'one', N'', N'', N'')
GO
INSERT [dbo].[objects] ([objectId], [name], [parentObjectId], [objectType], [translate], [translateHint], [icon]) VALUES (163, N'storageInvoice_return', 44, N'one', N'', N'', N'')
GO
INSERT [dbo].[objects] ([objectId], [name], [parentObjectId], [objectType], [translate], [translateHint], [icon]) VALUES (164, N'storageInvoice_reports', 44, N'one', N'', N'', N'')
GO
INSERT [dbo].[objects] ([objectId], [name], [parentObjectId], [objectType], [translate], [translateHint], [icon]) VALUES (165, N'storageInvoice_inputs', 44, N'one', N'', N'', N'')
GO
INSERT [dbo].[objects] ([objectId], [name], [parentObjectId], [objectType], [translate], [translateHint], [icon]) VALUES (166, N'itemsStorage_transfer', 45, N'one', N'', N'', N'')
GO
INSERT [dbo].[objects] ([objectId], [name], [parentObjectId], [objectType], [translate], [translateHint], [icon]) VALUES (167, N'itemsStorage_reports', 45, N'one', N'', N'', N'')
GO
INSERT [dbo].[objects] ([objectId], [name], [parentObjectId], [objectType], [translate], [translateHint], [icon]) VALUES (168, N'storageMovements_import', 46, N'one', N'', N'', N'')
GO
INSERT [dbo].[objects] ([objectId], [name], [parentObjectId], [objectType], [translate], [translateHint], [icon]) VALUES (169, N'storageMovements_export', 46, N'one', N'', N'', N'')
GO
INSERT [dbo].[objects] ([objectId], [name], [parentObjectId], [objectType], [translate], [translateHint], [icon]) VALUES (170, N'storageMovements_reports', 46, N'one', N'', N'', N'')
GO
INSERT [dbo].[objects] ([objectId], [name], [parentObjectId], [objectType], [translate], [translateHint], [icon]) VALUES (171, N'storageMovements_package', 46, N'one', N'', N'', N'')
GO
INSERT [dbo].[objects] ([objectId], [name], [parentObjectId], [objectType], [translate], [translateHint], [icon]) VALUES (172, N'storageMovements_unitConversion', 46, N'one', N'', N'', N'')
GO
INSERT [dbo].[objects] ([objectId], [name], [parentObjectId], [objectType], [translate], [translateHint], [icon]) VALUES (173, N'storageMovements_initializeShortage', 46, N'one', N'', N'', N'')
GO
INSERT [dbo].[objects] ([objectId], [name], [parentObjectId], [objectType], [translate], [translateHint], [icon]) VALUES (174, N'spendingOrder_save', 47, N'one', N'', N'', N'')
GO
INSERT [dbo].[objects] ([objectId], [name], [parentObjectId], [objectType], [translate], [translateHint], [icon]) VALUES (175, N'spendingOrder_reports', 47, N'one', N'', N'', N'')
GO
INSERT [dbo].[objects] ([objectId], [name], [parentObjectId], [objectType], [translate], [translateHint], [icon]) VALUES (176, N'itemsShortage_save', 48, N'one', N'', N'', N'')
GO
INSERT [dbo].[objects] ([objectId], [name], [parentObjectId], [objectType], [translate], [translateHint], [icon]) VALUES (177, N'itemsShortage_reports', 48, N'one', N'', N'', N'')
GO
INSERT [dbo].[objects] ([objectId], [name], [parentObjectId], [objectType], [translate], [translateHint], [icon]) VALUES (178, N'itemsDestructive_destroy', 49, N'one', N'', N'', N'')
GO
INSERT [dbo].[objects] ([objectId], [name], [parentObjectId], [objectType], [translate], [translateHint], [icon]) VALUES (179, N'itemsDestructive_reports', 49, N'one', N'', N'', N'')
GO
INSERT [dbo].[objects] ([objectId], [name], [parentObjectId], [objectType], [translate], [translateHint], [icon]) VALUES (180, N'stocktaking_create', 50, N'one', N'', N'', N'')
GO
INSERT [dbo].[objects] ([objectId], [name], [parentObjectId], [objectType], [translate], [translateHint], [icon]) VALUES (181, N'stocktaking_archiving', 50, N'one', N'', N'', N'')
GO
INSERT [dbo].[objects] ([objectId], [name], [parentObjectId], [objectType], [translate], [translateHint], [icon]) VALUES (182, N'stocktaking_reports', 50, N'one', N'', N'', N'')
GO
INSERT [dbo].[objects] ([objectId], [name], [parentObjectId], [objectType], [translate], [translateHint], [icon]) VALUES (183, N'closingAccountsReports', 106, N'basic', N'trDailyClosing', N'trBranchPos', N'POS')
GO
INSERT [dbo].[objects] ([objectId], [name], [parentObjectId], [objectType], [translate], [translateHint], [icon]) VALUES (184, N'taxAccountsReports', 106, N'basic', N'trTax', N'trTaxInvoice', N'tax')
GO
INSERT [dbo].[objects] ([objectId], [name], [parentObjectId], [objectType], [translate], [translateHint], [icon]) VALUES (185, N'tables_basics', 17, N'all', N'', N'', N'')
GO
INSERT [dbo].[objects] ([objectId], [name], [parentObjectId], [objectType], [translate], [translateHint], [icon]) VALUES (186, N'hallSections_basics', 18, N'all', N'', N'', N'')
GO
INSERT [dbo].[objects] ([objectId], [name], [parentObjectId], [objectType], [translate], [translateHint], [icon]) VALUES (187, N'hallSections_selectTables', 18, N'one', N'', N'', N'')
GO
INSERT [dbo].[objects] ([objectId], [name], [parentObjectId], [objectType], [translate], [translateHint], [icon]) VALUES (188, N'vendors_basics', 19, N'all', N'', N'', N'')
GO
INSERT [dbo].[objects] ([objectId], [name], [parentObjectId], [objectType], [translate], [translateHint], [icon]) VALUES (189, N'customers_basics', 20, N'all', N'', N'', N'')
GO
INSERT [dbo].[objects] ([objectId], [name], [parentObjectId], [objectType], [translate], [translateHint], [icon]) VALUES (190, N'users_basics', 21, N'all', N'', N'', N'')
GO
INSERT [dbo].[objects] ([objectId], [name], [parentObjectId], [objectType], [translate], [translateHint], [icon]) VALUES (191, N'users_stores', 21, N'one', N'', N'', N'')
GO
INSERT [dbo].[objects] ([objectId], [name], [parentObjectId], [objectType], [translate], [translateHint], [icon]) VALUES (192, N'branches_basics', 22, N'all', N'', N'', N'')
GO
INSERT [dbo].[objects] ([objectId], [name], [parentObjectId], [objectType], [translate], [translateHint], [icon]) VALUES (193, N'branches_branches', 22, N'one', N'', N'', N'')
GO
INSERT [dbo].[objects] ([objectId], [name], [parentObjectId], [objectType], [translate], [translateHint], [icon]) VALUES (194, N'stores_basics', 23, N'all', N'', N'', N'')
GO
INSERT [dbo].[objects] ([objectId], [name], [parentObjectId], [objectType], [translate], [translateHint], [icon]) VALUES (195, N'stores_branches', 23, N'one', N'', N'', N'')
GO
INSERT [dbo].[objects] ([objectId], [name], [parentObjectId], [objectType], [translate], [translateHint], [icon]) VALUES (196, N'pos_basics', 24, N'all', N'', N'', N'')
GO
INSERT [dbo].[objects] ([objectId], [name], [parentObjectId], [objectType], [translate], [translateHint], [icon]) VALUES (197, N'banks_basics', 25, N'all', N'', N'', N'')
GO
INSERT [dbo].[objects] ([objectId], [name], [parentObjectId], [objectType], [translate], [translateHint], [icon]) VALUES (198, N'cards_basics', 26, N'all', N'', N'', N'')
GO
INSERT [dbo].[objects] ([objectId], [name], [parentObjectId], [objectType], [translate], [translateHint], [icon]) VALUES (199, N'residentialSectors_basics', 85, N'all', N'', N'', N'')
GO
INSERT [dbo].[objects] ([objectId], [name], [parentObjectId], [objectType], [translate], [translateHint], [icon]) VALUES (200, N'membershipCreate', 70, N'basic', N'trMembershipsData', N'trAddUpdateDelete', N'membershipAdd')
GO
INSERT [dbo].[objects] ([objectId], [name], [parentObjectId], [objectType], [translate], [translateHint], [icon]) VALUES (201, N'membershipUpdate', 70, N'basic', N'trMembershipsManagement', N'trMembershipsManagement', N'membershipUpdate')
GO
INSERT [dbo].[objects] ([objectId], [name], [parentObjectId], [objectType], [translate], [translateHint], [icon]) VALUES (202, N'invoicesClasses', 65, N'basic', N'invoicesClasses', N'trAddUpdateDelete', N'invoice')
GO
INSERT [dbo].[objects] ([objectId], [name], [parentObjectId], [objectType], [translate], [translateHint], [icon]) VALUES (203, N'posTransfers_basics', 53, N'all', N'', N'', N'')
GO
INSERT [dbo].[objects] ([objectId], [name], [parentObjectId], [objectType], [translate], [translateHint], [icon]) VALUES (204, N'posTransfers_transAdmin', 53, N'one', N'', N'', N'')
GO
INSERT [dbo].[objects] ([objectId], [name], [parentObjectId], [objectType], [translate], [translateHint], [icon]) VALUES (205, N'payments_create', 54, N'one', N'', N'', N'')
GO
INSERT [dbo].[objects] ([objectId], [name], [parentObjectId], [objectType], [translate], [translateHint], [icon]) VALUES (206, N'payments_reports', 54, N'one', N'', N'', N'')
GO
INSERT [dbo].[objects] ([objectId], [name], [parentObjectId], [objectType], [translate], [translateHint], [icon]) VALUES (207, N'received_create', 55, N'one', N'', N'', N'')
GO
INSERT [dbo].[objects] ([objectId], [name], [parentObjectId], [objectType], [translate], [translateHint], [icon]) VALUES (208, N'received_reports', 55, N'one', N'', N'', N'')
GO
INSERT [dbo].[objects] ([objectId], [name], [parentObjectId], [objectType], [translate], [translateHint], [icon]) VALUES (209, N'banksAccounting_create', 56, N'one', N'', N'', N'')
GO
INSERT [dbo].[objects] ([objectId], [name], [parentObjectId], [objectType], [translate], [translateHint], [icon]) VALUES (210, N'banksAccounting_reports', 56, N'one', N'', N'', N'')
GO
INSERT [dbo].[objects] ([objectId], [name], [parentObjectId], [objectType], [translate], [translateHint], [icon]) VALUES (211, N'subscriptions_create', 58, N'one', N'', N'', N'')
GO
INSERT [dbo].[objects] ([objectId], [name], [parentObjectId], [objectType], [translate], [translateHint], [icon]) VALUES (212, N'subscriptions_reports', 58, N'one', N'', N'', N'')
GO
INSERT [dbo].[objects] ([objectId], [name], [parentObjectId], [objectType], [translate], [translateHint], [icon]) VALUES (213, N'ordersAccounting_create', 59, N'one', N'', N'', N'')
GO
INSERT [dbo].[objects] ([objectId], [name], [parentObjectId], [objectType], [translate], [translateHint], [icon]) VALUES (214, N'ordersAccounting_reports', 59, N'one', N'', N'', N'')
GO
INSERT [dbo].[objects] ([objectId], [name], [parentObjectId], [objectType], [translate], [translateHint], [icon]) VALUES (215, N'ordersAccounting_allBranches', 59, N'one', N'', N'', N'')
GO
INSERT [dbo].[objects] ([objectId], [name], [parentObjectId], [objectType], [translate], [translateHint], [icon]) VALUES (216, N'dashboard', 2, N'basic', N'trDashBoard', N'', N'dashboard')
GO
INSERT [dbo].[objects] ([objectId], [name], [parentObjectId], [objectType], [translate], [translateHint], [icon]) VALUES (217, N'dashboard_view', 216, N'one', N'', N'', N'')
GO
INSERT [dbo].[objects] ([objectId], [name], [parentObjectId], [objectType], [translate], [translateHint], [icon]) VALUES (218, N'dashboard_branches', 216, N'one', N'', N'', N'')
GO
INSERT [dbo].[objects] ([objectId], [name], [parentObjectId], [objectType], [translate], [translateHint], [icon]) VALUES (219, N'general_usersSettings', 60, N'one', N'', N'', N'')
GO
INSERT [dbo].[objects] ([objectId], [name], [parentObjectId], [objectType], [translate], [translateHint], [icon]) VALUES (220, N'general_companySettings', 60, N'one', N'', N'', N'')
GO
INSERT [dbo].[objects] ([objectId], [name], [parentObjectId], [objectType], [translate], [translateHint], [icon]) VALUES (221, N'reportsSettings_usersSettings', 61, N'-', N'', N'', N'')
GO
INSERT [dbo].[objects] ([objectId], [name], [parentObjectId], [objectType], [translate], [translateHint], [icon]) VALUES (222, N'reportsSettings_companySettings', 61, N'one', N'', N'', N'')
GO
INSERT [dbo].[objects] ([objectId], [name], [parentObjectId], [objectType], [translate], [translateHint], [icon]) VALUES (223, N'permissions_basics', 62, N'all', N'', N'', N'')
GO
INSERT [dbo].[objects] ([objectId], [name], [parentObjectId], [objectType], [translate], [translateHint], [icon]) VALUES (224, N'permissions_users', 62, N'one', N'', N'', N'')
GO
INSERT [dbo].[objects] ([objectId], [name], [parentObjectId], [objectType], [translate], [translateHint], [icon]) VALUES (225, N'emailsGeneral_usersSettings', 86, N'-', N'', N'', N'')
GO
INSERT [dbo].[objects] ([objectId], [name], [parentObjectId], [objectType], [translate], [translateHint], [icon]) VALUES (226, N'emailsGeneral_companySettings', 86, N'one', N'', N'', N'')
GO
INSERT [dbo].[objects] ([objectId], [name], [parentObjectId], [objectType], [translate], [translateHint], [icon]) VALUES (227, N'emailsSetting_basics', 87, N'all', N'', N'', N'')
GO
INSERT [dbo].[objects] ([objectId], [name], [parentObjectId], [objectType], [translate], [translateHint], [icon]) VALUES (228, N'emailsTamplates_save', 88, N'one', N'', N'', N'')
GO
INSERT [dbo].[objects] ([objectId], [name], [parentObjectId], [objectType], [translate], [translateHint], [icon]) VALUES (229, N'stockStorageReports_view', 107, N'one', N'', N'', N'')
GO
INSERT [dbo].[objects] ([objectId], [name], [parentObjectId], [objectType], [translate], [translateHint], [icon]) VALUES (230, N'externalStorageReports_view', 108, N'one', N'', N'', N'')
GO
INSERT [dbo].[objects] ([objectId], [name], [parentObjectId], [objectType], [translate], [translateHint], [icon]) VALUES (231, N'internalStorageReports_view', 109, N'one', N'', N'', N'')
GO
INSERT [dbo].[objects] ([objectId], [name], [parentObjectId], [objectType], [translate], [translateHint], [icon]) VALUES (232, N'directStorageReports_view', 110, N'one', N'', N'', N'')
GO
INSERT [dbo].[objects] ([objectId], [name], [parentObjectId], [objectType], [translate], [translateHint], [icon]) VALUES (233, N'stocktakingStorageReports_view', 111, N'one', N'', N'', N'')
GO
INSERT [dbo].[objects] ([objectId], [name], [parentObjectId], [objectType], [translate], [translateHint], [icon]) VALUES (234, N'destroiedStorageReports_view', 112, N'one', N'', N'', N'')
GO
INSERT [dbo].[objects] ([objectId], [name], [parentObjectId], [objectType], [translate], [translateHint], [icon]) VALUES (235, N'invoicePurchaseReports_view', 113, N'one', N'', N'', N'')
GO
INSERT [dbo].[objects] ([objectId], [name], [parentObjectId], [objectType], [translate], [translateHint], [icon]) VALUES (236, N'itemPurchaseReports_view', 114, N'one', N'', N'', N'')
GO
INSERT [dbo].[objects] ([objectId], [name], [parentObjectId], [objectType], [translate], [translateHint], [icon]) VALUES (237, N'orderPurchaseReports_view', 115, N'one', N'', N'', N'')
GO
INSERT [dbo].[objects] ([objectId], [name], [parentObjectId], [objectType], [translate], [translateHint], [icon]) VALUES (238, N'invoiceSalesReports_view', 116, N'one', N'', N'', N'')
GO
INSERT [dbo].[objects] ([objectId], [name], [parentObjectId], [objectType], [translate], [translateHint], [icon]) VALUES (239, N'itemSalesReports_view', 117, N'one', N'', N'', N'')
GO
INSERT [dbo].[objects] ([objectId], [name], [parentObjectId], [objectType], [translate], [translateHint], [icon]) VALUES (240, N'promotionSalesReports_view', 118, N'one', N'', N'', N'')
GO
INSERT [dbo].[objects] ([objectId], [name], [parentObjectId], [objectType], [translate], [translateHint], [icon]) VALUES (241, N'orderSalesReports_view', 119, N'one', N'', N'', N'')
GO
INSERT [dbo].[objects] ([objectId], [name], [parentObjectId], [objectType], [translate], [translateHint], [icon]) VALUES (242, N'quotationSalesReports_view', 120, N'one', N'', N'', N'')
GO
INSERT [dbo].[objects] ([objectId], [name], [parentObjectId], [objectType], [translate], [translateHint], [icon]) VALUES (243, N'dailySalesReports_view', 121, N'one', N'', N'', N'')
GO
INSERT [dbo].[objects] ([objectId], [name], [parentObjectId], [objectType], [translate], [translateHint], [icon]) VALUES (244, N'paymentsAccountsReports_view', 122, N'one', N'', N'', N'')
GO
INSERT [dbo].[objects] ([objectId], [name], [parentObjectId], [objectType], [translate], [translateHint], [icon]) VALUES (245, N'recipientAccountsReports_view', 123, N'one', N'', N'', N'')
GO
INSERT [dbo].[objects] ([objectId], [name], [parentObjectId], [objectType], [translate], [translateHint], [icon]) VALUES (246, N'bankAccountsReports_view', 124, N'one', N'', N'', N'')
GO
INSERT [dbo].[objects] ([objectId], [name], [parentObjectId], [objectType], [translate], [translateHint], [icon]) VALUES (247, N'posAccountsReports_view', 125, N'one', N'', N'', N'')
GO
INSERT [dbo].[objects] ([objectId], [name], [parentObjectId], [objectType], [translate], [translateHint], [icon]) VALUES (248, N'statementAccountsReports_view', 126, N'one', N'', N'', N'')
GO
INSERT [dbo].[objects] ([objectId], [name], [parentObjectId], [objectType], [translate], [translateHint], [icon]) VALUES (249, N'fundAccountsReports_view', 127, N'one', N'', N'', N'')
GO
INSERT [dbo].[objects] ([objectId], [name], [parentObjectId], [objectType], [translate], [translateHint], [icon]) VALUES (250, N'profitsAccountsReports_view', 128, N'one', N'', N'', N'')
GO
INSERT [dbo].[objects] ([objectId], [name], [parentObjectId], [objectType], [translate], [translateHint], [icon]) VALUES (251, N'closingAccountsReports_view', 183, N'one', N'', N'', N'')
GO
INSERT [dbo].[objects] ([objectId], [name], [parentObjectId], [objectType], [translate], [translateHint], [icon]) VALUES (252, N'taxAccountsReports_view', 184, N'one', N'', N'', N'')
GO
INSERT [dbo].[objects] ([objectId], [name], [parentObjectId], [objectType], [translate], [translateHint], [icon]) VALUES (253, N'membershipCreate_basics', 200, N'all', N'', N'', N'')
GO
INSERT [dbo].[objects] ([objectId], [name], [parentObjectId], [objectType], [translate], [translateHint], [icon]) VALUES (254, N'membershipCreate_subscriptionFees', 200, N'one', N'', N'', N'')
GO
INSERT [dbo].[objects] ([objectId], [name], [parentObjectId], [objectType], [translate], [translateHint], [icon]) VALUES (255, N'membershipUpdate_customers', 201, N'one', N'', N'', N'')
GO
INSERT [dbo].[objects] ([objectId], [name], [parentObjectId], [objectType], [translate], [translateHint], [icon]) VALUES (256, N'membershipUpdate_coupons', 201, N'one', N'', N'', N'')
GO
INSERT [dbo].[objects] ([objectId], [name], [parentObjectId], [objectType], [translate], [translateHint], [icon]) VALUES (257, N'membershipUpdate_offers', 201, N'one', N'', N'', N'')
GO
INSERT [dbo].[objects] ([objectId], [name], [parentObjectId], [objectType], [translate], [translateHint], [icon]) VALUES (258, N'membershipUpdate_invoicesClasses', 201, N'one', N'', N'', N'')
GO
INSERT [dbo].[objects] ([objectId], [name], [parentObjectId], [objectType], [translate], [translateHint], [icon]) VALUES (259, N'membershipUpdate_delivery', 201, N'one', N'', N'', N'')
GO
INSERT [dbo].[objects] ([objectId], [name], [parentObjectId], [objectType], [translate], [translateHint], [icon]) VALUES (260, N'coupon_basics', 71, N'all', N'', N'', N'')
GO
INSERT [dbo].[objects] ([objectId], [name], [parentObjectId], [objectType], [translate], [translateHint], [icon]) VALUES (261, N'offer_basics', 72, N'all', N'', N'', N'')
GO
INSERT [dbo].[objects] ([objectId], [name], [parentObjectId], [objectType], [translate], [translateHint], [icon]) VALUES (262, N'offer_items', 72, N'all', N'', N'', N'')
GO
INSERT [dbo].[objects] ([objectId], [name], [parentObjectId], [objectType], [translate], [translateHint], [icon]) VALUES (263, N'invoicesClasses_basics', 202, N'all', N'', N'', N'')
GO
INSERT [dbo].[objects] ([objectId], [name], [parentObjectId], [objectType], [translate], [translateHint], [icon]) VALUES (264, N'reservationTable_create', 83, N'one', N'', N'', N'')
GO
INSERT [dbo].[objects] ([objectId], [name], [parentObjectId], [objectType], [translate], [translateHint], [icon]) VALUES (265, N'reservationsUpdate_update', 84, N'one', N'', N'', N'')
GO
INSERT [dbo].[objects] ([objectId], [name], [parentObjectId], [objectType], [translate], [translateHint], [icon]) VALUES (266, N'reservationsUpdate_delete', 84, N'one', N'', N'', N'')
GO
INSERT [dbo].[objects] ([objectId], [name], [parentObjectId], [objectType], [translate], [translateHint], [icon]) VALUES (267, N'diningHall_invoice', 67, N'one', N'', N'', N'')
GO
INSERT [dbo].[objects] ([objectId], [name], [parentObjectId], [objectType], [translate], [translateHint], [icon]) VALUES (268, N'diningHall_payments', 67, N'-', N'', N'', N'')
GO
INSERT [dbo].[objects] ([objectId], [name], [parentObjectId], [objectType], [translate], [translateHint], [icon]) VALUES (269, N'diningHall_printCount', 67, N'-', N'', N'', N'')
GO
INSERT [dbo].[objects] ([objectId], [name], [parentObjectId], [objectType], [translate], [translateHint], [icon]) VALUES (270, N'takeAway_invoice', 68, N'one', N'', N'', N'')
GO
INSERT [dbo].[objects] ([objectId], [name], [parentObjectId], [objectType], [translate], [translateHint], [icon]) VALUES (271, N'takeAway_payments', 68, N'-', N'', N'', N'')
GO
INSERT [dbo].[objects] ([objectId], [name], [parentObjectId], [objectType], [translate], [translateHint], [icon]) VALUES (272, N'takeAway_executeOrder', 68, N'-', N'', N'', N'')
GO
INSERT [dbo].[objects] ([objectId], [name], [parentObjectId], [objectType], [translate], [translateHint], [icon]) VALUES (273, N'takeAway_sendEmail', 68, N'-', N'', N'', N'')
GO
INSERT [dbo].[objects] ([objectId], [name], [parentObjectId], [objectType], [translate], [translateHint], [icon]) VALUES (274, N'takeAway_sendSMS', 68, N'-', N'', N'', N'')
GO
INSERT [dbo].[objects] ([objectId], [name], [parentObjectId], [objectType], [translate], [translateHint], [icon]) VALUES (275, N'takeAway_printCount', 68, N'-', N'', N'', N'')
GO
INSERT [dbo].[objects] ([objectId], [name], [parentObjectId], [objectType], [translate], [translateHint], [icon]) VALUES (276, N'salesStatistic_statistic', 69, N'one', N'', N'', N'')
GO
INSERT [dbo].[objects] ([objectId], [name], [parentObjectId], [objectType], [translate], [translateHint], [icon]) VALUES (277, N'preparingOrders_update', 51, N'one', N'', N'', N'')
GO
INSERT [dbo].[objects] ([objectId], [name], [parentObjectId], [objectType], [translate], [translateHint], [icon]) VALUES (278, N'spendingRequest_create', 52, N'one', N'', N'', N'')
GO
INSERT [dbo].[objects] ([objectId], [name], [parentObjectId], [objectType], [translate], [translateHint], [icon]) VALUES (279, N'spendingRequest_report', 52, N'one', N'', N'', N'')
GO
INSERT [dbo].[objects] ([objectId], [name], [parentObjectId], [objectType], [translate], [translateHint], [icon]) VALUES (280, N'spendingRequest_return', 80, N'one', N'', N'', N'')
GO
INSERT [dbo].[objects] ([objectId], [name], [parentObjectId], [objectType], [translate], [translateHint], [icon]) VALUES (281, N'menuSettings_update', 80, N'one', N'', N'', N'')
GO
INSERT [dbo].[objects] ([objectId], [name], [parentObjectId], [objectType], [translate], [translateHint], [icon]) VALUES (282, N'itemsCosting_update', 81, N'one', N'', N'', N'')
GO
INSERT [dbo].[objects] ([objectId], [name], [parentObjectId], [objectType], [translate], [translateHint], [icon]) VALUES (283, N'consumptionRawMaterials_consumption', 82, N'one', N'', N'', N'')
GO
INSERT [dbo].[objects] ([objectId], [name], [parentObjectId], [objectType], [translate], [translateHint], [icon]) VALUES (284, N'consumptionRawMaterials_report', 82, N'one', N'', N'', N'')
GO
INSERT [dbo].[objects] ([objectId], [name], [parentObjectId], [objectType], [translate], [translateHint], [icon]) VALUES (285, N'deliveryManagement_update', 76, N'one', N'', N'', N'')
GO
INSERT [dbo].[objects] ([objectId], [name], [parentObjectId], [objectType], [translate], [translateHint], [icon]) VALUES (286, N'driversManagement_view', 89, N'one', N'', N'', N'')
GO
INSERT [dbo].[objects] ([objectId], [name], [parentObjectId], [objectType], [translate], [translateHint], [icon]) VALUES (287, N'driversManagement_residentialSectors', 89, N'one', N'', N'', N'')
GO
INSERT [dbo].[objects] ([objectId], [name], [parentObjectId], [objectType], [translate], [translateHint], [icon]) VALUES (288, N'driversManagement_activateDriver', 89, N'one', N'', N'', N'')
GO
INSERT [dbo].[objects] ([objectId], [name], [parentObjectId], [objectType], [translate], [translateHint], [icon]) VALUES (289, N'shippingCompanies_basics', 77, N'all', N'', N'', N'')
GO
SET IDENTITY_INSERT [dbo].[objects] OFF
GO
SET IDENTITY_INSERT [dbo].[offers] ON 
GO
INSERT [dbo].[offers] ([offerId], [name], [code], [isActive], [discountType], [discountValue], [startDate], [endDate], [createDate], [updateDate], [createUserId], [updateUserId], [notes], [forAgents]) VALUES (1, N'o1Name', N'o1Code', 1, N'2', CAST(25.000 AS Decimal(20, 3)), CAST(N'2022-02-01T00:00:00.0000000' AS DateTime2), CAST(N'2022-02-28T00:59:00.0000000' AS DateTime2), NULL, NULL, 2, 18, N'', N'pr')
GO
INSERT [dbo].[offers] ([offerId], [name], [code], [isActive], [discountType], [discountValue], [startDate], [endDate], [createDate], [updateDate], [createUserId], [updateUserId], [notes], [forAgents]) VALUES (2, N'o2Name', N'o2Code', 1, N'1', CAST(10.000 AS Decimal(20, 3)), CAST(N'2022-02-16T01:01:00.0000000' AS DateTime2), CAST(N'2022-02-22T03:14:00.0000000' AS DateTime2), NULL, NULL, 2, 18, N'o2Notes', N'pb')
GO
SET IDENTITY_INSERT [dbo].[offers] OFF
GO
SET IDENTITY_INSERT [dbo].[orderPreparing] ON 
GO
INSERT [dbo].[orderPreparing] ([orderPreparingId], [orderNum], [invoiceId], [notes], [preparingTime], [createDate], [updateDate], [createUserId], [updateUserId]) VALUES (113, N'ko-B_JM-000001', 264, N'', CAST(30.000 AS Decimal(20, 3)), CAST(N'2022-04-16T12:25:49.3470927' AS DateTime2), CAST(N'2022-04-16T12:26:09.1920450' AS DateTime2), 17, 17)
GO
INSERT [dbo].[orderPreparing] ([orderPreparingId], [orderNum], [invoiceId], [notes], [preparingTime], [createDate], [updateDate], [createUserId], [updateUserId]) VALUES (114, N'ko-B_JM-000002', 264, N'', CAST(10.000 AS Decimal(20, 3)), CAST(N'2022-04-16T12:25:49.4139137' AS DateTime2), CAST(N'2022-04-16T12:26:18.2458413' AS DateTime2), 17, 17)
GO
INSERT [dbo].[orderPreparing] ([orderPreparingId], [orderNum], [invoiceId], [notes], [preparingTime], [createDate], [updateDate], [createUserId], [updateUserId]) VALUES (115, N'ko-B_JM-000003', 264, N'', CAST(0.000 AS Decimal(20, 3)), CAST(N'2022-04-16T12:25:49.4238871' AS DateTime2), CAST(N'2022-04-16T12:26:14.3023814' AS DateTime2), 17, 17)
GO
INSERT [dbo].[orderPreparing] ([orderPreparingId], [orderNum], [invoiceId], [notes], [preparingTime], [createDate], [updateDate], [createUserId], [updateUserId]) VALUES (116, N'ko-B_JM-000004', 265, N'', CAST(0.000 AS Decimal(20, 3)), CAST(N'2022-04-16T12:31:50.0028635' AS DateTime2), CAST(N'2022-04-16T12:32:00.6124999' AS DateTime2), 17, 17)
GO
INSERT [dbo].[orderPreparing] ([orderPreparingId], [orderNum], [invoiceId], [notes], [preparingTime], [createDate], [updateDate], [createUserId], [updateUserId]) VALUES (117, N'ko-B_JM-000005', 265, N'', CAST(0.000 AS Decimal(20, 3)), CAST(N'2022-04-16T12:31:50.0337803' AS DateTime2), CAST(N'2022-04-16T12:32:04.5040982' AS DateTime2), 17, 17)
GO
INSERT [dbo].[orderPreparing] ([orderPreparingId], [orderNum], [invoiceId], [notes], [preparingTime], [createDate], [updateDate], [createUserId], [updateUserId]) VALUES (118, N'ko-B_JM-000006', 266, N'', CAST(10.000 AS Decimal(20, 3)), CAST(N'2022-04-16T12:33:16.7340113' AS DateTime2), CAST(N'2022-04-16T12:33:27.0045608' AS DateTime2), 17, 17)
GO
INSERT [dbo].[orderPreparing] ([orderPreparingId], [orderNum], [invoiceId], [notes], [preparingTime], [createDate], [updateDate], [createUserId], [updateUserId]) VALUES (119, N'ko-B_JM-000007', 266, N'', CAST(10.000 AS Decimal(20, 3)), CAST(N'2022-04-16T12:33:16.7579488' AS DateTime2), CAST(N'2022-04-16T12:33:33.1950075' AS DateTime2), 17, 17)
GO
INSERT [dbo].[orderPreparing] ([orderPreparingId], [orderNum], [invoiceId], [notes], [preparingTime], [createDate], [updateDate], [createUserId], [updateUserId]) VALUES (120, N'ko-B_JM-000008', 266, N'', CAST(10.000 AS Decimal(20, 3)), CAST(N'2022-04-16T12:33:16.7679200' AS DateTime2), CAST(N'2022-04-16T12:33:30.0244838' AS DateTime2), 17, 17)
GO
INSERT [dbo].[orderPreparing] ([orderPreparingId], [orderNum], [invoiceId], [notes], [preparingTime], [createDate], [updateDate], [createUserId], [updateUserId]) VALUES (121, N'ko-B_JM-000009', 267, N'', CAST(0.000 AS Decimal(20, 3)), CAST(N'2022-04-16T12:34:19.0824184' AS DateTime2), CAST(N'2022-04-16T12:34:29.0921883' AS DateTime2), 17, 17)
GO
INSERT [dbo].[orderPreparing] ([orderPreparingId], [orderNum], [invoiceId], [notes], [preparingTime], [createDate], [updateDate], [createUserId], [updateUserId]) VALUES (122, N'ko-B_JM-000010', 282, NULL, CAST(0.000 AS Decimal(20, 3)), CAST(N'2022-04-16T16:39:05.9644952' AS DateTime2), CAST(N'2022-04-16T16:39:05.9644952' AS DateTime2), 2, 2)
GO
INSERT [dbo].[orderPreparing] ([orderPreparingId], [orderNum], [invoiceId], [notes], [preparingTime], [createDate], [updateDate], [createUserId], [updateUserId]) VALUES (123, N'ko-B_JM-000011', 282, NULL, CAST(0.000 AS Decimal(20, 3)), CAST(N'2022-04-16T16:39:06.0911568' AS DateTime2), CAST(N'2022-04-16T16:39:06.0911568' AS DateTime2), 2, 2)
GO
INSERT [dbo].[orderPreparing] ([orderPreparingId], [orderNum], [invoiceId], [notes], [preparingTime], [createDate], [updateDate], [createUserId], [updateUserId]) VALUES (124, N'ko-B_JM-000012', 282, NULL, CAST(0.000 AS Decimal(20, 3)), CAST(N'2022-04-16T16:39:06.1051193' AS DateTime2), CAST(N'2022-04-16T16:39:06.1051193' AS DateTime2), 2, 2)
GO
INSERT [dbo].[orderPreparing] ([orderPreparingId], [orderNum], [invoiceId], [notes], [preparingTime], [createDate], [updateDate], [createUserId], [updateUserId]) VALUES (125, N'ko-B_JM-000013', 277, NULL, CAST(0.000 AS Decimal(20, 3)), CAST(N'2022-04-16T16:39:44.0102486' AS DateTime2), CAST(N'2022-04-16T16:39:44.0102486' AS DateTime2), 2, 2)
GO
INSERT [dbo].[orderPreparing] ([orderPreparingId], [orderNum], [invoiceId], [notes], [preparingTime], [createDate], [updateDate], [createUserId], [updateUserId]) VALUES (126, N'ko-B_JM-000014', 277, NULL, CAST(0.000 AS Decimal(20, 3)), CAST(N'2022-04-16T16:39:44.0262052' AS DateTime2), CAST(N'2022-04-16T16:39:44.0262052' AS DateTime2), 2, 2)
GO
INSERT [dbo].[orderPreparing] ([orderPreparingId], [orderNum], [invoiceId], [notes], [preparingTime], [createDate], [updateDate], [createUserId], [updateUserId]) VALUES (127, N'ko-B_JM-000015', 277, NULL, CAST(0.000 AS Decimal(20, 3)), CAST(N'2022-04-16T16:39:44.0411669' AS DateTime2), CAST(N'2022-04-16T16:39:44.0411669' AS DateTime2), 2, 2)
GO
INSERT [dbo].[orderPreparing] ([orderPreparingId], [orderNum], [invoiceId], [notes], [preparingTime], [createDate], [updateDate], [createUserId], [updateUserId]) VALUES (128, N'ko-B_JM-000016', 285, N'', NULL, CAST(N'2022-04-16T17:07:22.1065689' AS DateTime2), CAST(N'2022-04-16T17:07:22.1065689' AS DateTime2), NULL, NULL)
GO
INSERT [dbo].[orderPreparing] ([orderPreparingId], [orderNum], [invoiceId], [notes], [preparingTime], [createDate], [updateDate], [createUserId], [updateUserId]) VALUES (129, N'ko-B_JM-000017', 285, N'', NULL, CAST(N'2022-04-16T17:07:22.3010493' AS DateTime2), CAST(N'2022-04-16T17:07:22.3010493' AS DateTime2), NULL, NULL)
GO
INSERT [dbo].[orderPreparing] ([orderPreparingId], [orderNum], [invoiceId], [notes], [preparingTime], [createDate], [updateDate], [createUserId], [updateUserId]) VALUES (130, N'ko-B_JM-000018', 285, N'', CAST(10.000 AS Decimal(20, 3)), CAST(N'2022-04-16T17:07:22.3409427' AS DateTime2), CAST(N'2022-04-17T12:12:29.9180675' AS DateTime2), NULL, NULL)
GO
INSERT [dbo].[orderPreparing] ([orderPreparingId], [orderNum], [invoiceId], [notes], [preparingTime], [createDate], [updateDate], [createUserId], [updateUserId]) VALUES (131, N'ko-B_JM-000019', 284, N'', NULL, CAST(N'2022-04-16T17:28:56.5795110' AS DateTime2), CAST(N'2022-04-16T17:28:56.5795110' AS DateTime2), NULL, NULL)
GO
INSERT [dbo].[orderPreparing] ([orderPreparingId], [orderNum], [invoiceId], [notes], [preparingTime], [createDate], [updateDate], [createUserId], [updateUserId]) VALUES (132, N'ko-B_JM-000020', 284, N'', CAST(10.000 AS Decimal(20, 3)), CAST(N'2022-04-16T17:28:56.6104274' AS DateTime2), CAST(N'2022-04-17T12:12:10.1588859' AS DateTime2), NULL, NULL)
GO
INSERT [dbo].[orderPreparing] ([orderPreparingId], [orderNum], [invoiceId], [notes], [preparingTime], [createDate], [updateDate], [createUserId], [updateUserId]) VALUES (133, N'ko-B_JM-000021', 284, N'', NULL, CAST(N'2022-04-16T17:28:56.6243911' AS DateTime2), CAST(N'2022-04-16T17:28:56.6243911' AS DateTime2), NULL, NULL)
GO
INSERT [dbo].[orderPreparing] ([orderPreparingId], [orderNum], [invoiceId], [notes], [preparingTime], [createDate], [updateDate], [createUserId], [updateUserId]) VALUES (134, N'ko-B_JM-000022', 284, N'', NULL, CAST(N'2022-04-17T11:14:57.0004426' AS DateTime2), CAST(N'2022-04-17T11:14:57.0004426' AS DateTime2), NULL, NULL)
GO
INSERT [dbo].[orderPreparing] ([orderPreparingId], [orderNum], [invoiceId], [notes], [preparingTime], [createDate], [updateDate], [createUserId], [updateUserId]) VALUES (135, N'ko-B_JM-000023', 284, N'', NULL, CAST(N'2022-04-17T12:13:06.0744126' AS DateTime2), CAST(N'2022-04-17T12:13:06.0744126' AS DateTime2), NULL, NULL)
GO
INSERT [dbo].[orderPreparing] ([orderPreparingId], [orderNum], [invoiceId], [notes], [preparingTime], [createDate], [updateDate], [createUserId], [updateUserId]) VALUES (136, N'ko-B_JM-000024', 284, N'', NULL, CAST(N'2022-04-17T14:09:33.5545907' AS DateTime2), CAST(N'2022-04-17T14:09:33.5545907' AS DateTime2), NULL, NULL)
GO
INSERT [dbo].[orderPreparing] ([orderPreparingId], [orderNum], [invoiceId], [notes], [preparingTime], [createDate], [updateDate], [createUserId], [updateUserId]) VALUES (137, N'ko-B_JM-000025', 314, NULL, CAST(0.000 AS Decimal(20, 3)), CAST(N'2022-04-17T14:57:14.2483372' AS DateTime2), CAST(N'2022-04-17T14:57:14.2483372' AS DateTime2), 2, 2)
GO
SET IDENTITY_INSERT [dbo].[orderPreparing] OFF
GO
SET IDENTITY_INSERT [dbo].[orderPreparingStatus] ON 
GO
INSERT [dbo].[orderPreparingStatus] ([orderStatusId], [orderPreparingId], [status], [createDate], [updateDate], [createUserId], [updateUserId], [notes], [isActive]) VALUES (304, 113, N'Listed', CAST(N'2022-04-16T12:25:49.3989539' AS DateTime2), CAST(N'2022-04-16T12:25:49.3989539' AS DateTime2), 17, 17, NULL, 1)
GO
INSERT [dbo].[orderPreparingStatus] ([orderStatusId], [orderPreparingId], [status], [createDate], [updateDate], [createUserId], [updateUserId], [notes], [isActive]) VALUES (305, 114, N'Listed', CAST(N'2022-04-16T12:25:49.4198983' AS DateTime2), CAST(N'2022-04-16T12:25:49.4198983' AS DateTime2), 17, 17, NULL, 1)
GO
INSERT [dbo].[orderPreparingStatus] ([orderStatusId], [orderPreparingId], [status], [createDate], [updateDate], [createUserId], [updateUserId], [notes], [isActive]) VALUES (306, 115, N'Listed', CAST(N'2022-04-16T12:25:49.4298733' AS DateTime2), CAST(N'2022-04-16T12:25:49.4298733' AS DateTime2), 17, 17, NULL, 1)
GO
INSERT [dbo].[orderPreparingStatus] ([orderStatusId], [orderPreparingId], [status], [createDate], [updateDate], [createUserId], [updateUserId], [notes], [isActive]) VALUES (307, 113, N'Preparing', CAST(N'2022-04-16T12:26:09.1970291' AS DateTime2), CAST(N'2022-04-16T12:26:09.1970291' AS DateTime2), 17, 17, N'', 1)
GO
INSERT [dbo].[orderPreparingStatus] ([orderStatusId], [orderPreparingId], [status], [createDate], [updateDate], [createUserId], [updateUserId], [notes], [isActive]) VALUES (308, 115, N'Preparing', CAST(N'2022-04-16T12:26:14.3053741' AS DateTime2), CAST(N'2022-04-16T12:26:14.3053741' AS DateTime2), 17, 17, N'', 1)
GO
INSERT [dbo].[orderPreparingStatus] ([orderStatusId], [orderPreparingId], [status], [createDate], [updateDate], [createUserId], [updateUserId], [notes], [isActive]) VALUES (309, 114, N'Preparing', CAST(N'2022-04-16T12:26:18.2468392' AS DateTime2), CAST(N'2022-04-16T12:26:18.2468392' AS DateTime2), 17, 17, N'', 1)
GO
INSERT [dbo].[orderPreparingStatus] ([orderStatusId], [orderPreparingId], [status], [createDate], [updateDate], [createUserId], [updateUserId], [notes], [isActive]) VALUES (310, 113, N'Ready', CAST(N'2022-04-16T12:26:21.8462148' AS DateTime2), CAST(N'2022-04-16T12:26:21.8462148' AS DateTime2), 17, 17, N'', 1)
GO
INSERT [dbo].[orderPreparingStatus] ([orderStatusId], [orderPreparingId], [status], [createDate], [updateDate], [createUserId], [updateUserId], [notes], [isActive]) VALUES (311, 114, N'Ready', CAST(N'2022-04-16T12:26:24.7713979' AS DateTime2), CAST(N'2022-04-16T12:26:24.7713979' AS DateTime2), 17, 17, N'', 1)
GO
INSERT [dbo].[orderPreparingStatus] ([orderStatusId], [orderPreparingId], [status], [createDate], [updateDate], [createUserId], [updateUserId], [notes], [isActive]) VALUES (312, 115, N'Ready', CAST(N'2022-04-16T12:26:29.6613254' AS DateTime2), CAST(N'2022-04-16T12:26:29.6613254' AS DateTime2), 17, 17, N'', 1)
GO
INSERT [dbo].[orderPreparingStatus] ([orderStatusId], [orderPreparingId], [status], [createDate], [updateDate], [createUserId], [updateUserId], [notes], [isActive]) VALUES (313, 116, N'Listed', CAST(N'2022-04-16T12:31:50.0208153' AS DateTime2), CAST(N'2022-04-16T12:31:50.0208153' AS DateTime2), 17, 17, NULL, 1)
GO
INSERT [dbo].[orderPreparingStatus] ([orderStatusId], [orderPreparingId], [status], [createDate], [updateDate], [createUserId], [updateUserId], [notes], [isActive]) VALUES (314, 117, N'Listed', CAST(N'2022-04-16T12:31:50.0557211' AS DateTime2), CAST(N'2022-04-16T12:31:50.0557211' AS DateTime2), 17, 17, NULL, 1)
GO
INSERT [dbo].[orderPreparingStatus] ([orderStatusId], [orderPreparingId], [status], [createDate], [updateDate], [createUserId], [updateUserId], [notes], [isActive]) VALUES (315, 116, N'Preparing', CAST(N'2022-04-16T12:32:00.6204790' AS DateTime2), CAST(N'2022-04-16T12:32:00.6204790' AS DateTime2), 17, 17, N'', 1)
GO
INSERT [dbo].[orderPreparingStatus] ([orderStatusId], [orderPreparingId], [status], [createDate], [updateDate], [createUserId], [updateUserId], [notes], [isActive]) VALUES (316, 117, N'Preparing', CAST(N'2022-04-16T12:32:04.5070902' AS DateTime2), CAST(N'2022-04-16T12:32:04.5070902' AS DateTime2), 17, 17, N'', 1)
GO
INSERT [dbo].[orderPreparingStatus] ([orderStatusId], [orderPreparingId], [status], [createDate], [updateDate], [createUserId], [updateUserId], [notes], [isActive]) VALUES (317, 117, N'Ready', CAST(N'2022-04-16T12:32:07.8701014' AS DateTime2), CAST(N'2022-04-16T12:32:07.8701014' AS DateTime2), 17, 17, N'', 1)
GO
INSERT [dbo].[orderPreparingStatus] ([orderStatusId], [orderPreparingId], [status], [createDate], [updateDate], [createUserId], [updateUserId], [notes], [isActive]) VALUES (318, 116, N'Ready', CAST(N'2022-04-16T12:32:10.9857727' AS DateTime2), CAST(N'2022-04-16T12:32:10.9857727' AS DateTime2), 17, 17, N'', 1)
GO
INSERT [dbo].[orderPreparingStatus] ([orderStatusId], [orderPreparingId], [status], [createDate], [updateDate], [createUserId], [updateUserId], [notes], [isActive]) VALUES (319, 118, N'Listed', CAST(N'2022-04-16T12:33:16.7509654' AS DateTime2), CAST(N'2022-04-16T12:33:16.7509654' AS DateTime2), 17, 17, NULL, 1)
GO
INSERT [dbo].[orderPreparingStatus] ([orderStatusId], [orderPreparingId], [status], [createDate], [updateDate], [createUserId], [updateUserId], [notes], [isActive]) VALUES (320, 119, N'Listed', CAST(N'2022-04-16T12:33:16.7639323' AS DateTime2), CAST(N'2022-04-16T12:33:16.7639323' AS DateTime2), 17, 17, NULL, 1)
GO
INSERT [dbo].[orderPreparingStatus] ([orderStatusId], [orderPreparingId], [status], [createDate], [updateDate], [createUserId], [updateUserId], [notes], [isActive]) VALUES (321, 120, N'Listed', CAST(N'2022-04-16T12:33:16.7749014' AS DateTime2), CAST(N'2022-04-16T12:33:16.7749014' AS DateTime2), 17, 17, NULL, 1)
GO
INSERT [dbo].[orderPreparingStatus] ([orderStatusId], [orderPreparingId], [status], [createDate], [updateDate], [createUserId], [updateUserId], [notes], [isActive]) VALUES (322, 118, N'Preparing', CAST(N'2022-04-16T12:33:27.0085442' AS DateTime2), CAST(N'2022-04-16T12:33:27.0085442' AS DateTime2), 17, 17, N'', 1)
GO
INSERT [dbo].[orderPreparingStatus] ([orderStatusId], [orderPreparingId], [status], [createDate], [updateDate], [createUserId], [updateUserId], [notes], [isActive]) VALUES (323, 120, N'Preparing', CAST(N'2022-04-16T12:33:30.0274735' AS DateTime2), CAST(N'2022-04-16T12:33:30.0274735' AS DateTime2), 17, 17, N'', 1)
GO
INSERT [dbo].[orderPreparingStatus] ([orderStatusId], [orderPreparingId], [status], [createDate], [updateDate], [createUserId], [updateUserId], [notes], [isActive]) VALUES (324, 119, N'Preparing', CAST(N'2022-04-16T12:33:33.1970015' AS DateTime2), CAST(N'2022-04-16T12:33:33.1970015' AS DateTime2), 17, 17, N'', 1)
GO
INSERT [dbo].[orderPreparingStatus] ([orderStatusId], [orderPreparingId], [status], [createDate], [updateDate], [createUserId], [updateUserId], [notes], [isActive]) VALUES (325, 118, N'Ready', CAST(N'2022-04-16T12:33:36.7614724' AS DateTime2), CAST(N'2022-04-16T12:33:36.7614724' AS DateTime2), 17, 17, N'', 1)
GO
INSERT [dbo].[orderPreparingStatus] ([orderStatusId], [orderPreparingId], [status], [createDate], [updateDate], [createUserId], [updateUserId], [notes], [isActive]) VALUES (326, 119, N'Ready', CAST(N'2022-04-16T12:33:39.9121307' AS DateTime2), CAST(N'2022-04-16T12:33:39.9121307' AS DateTime2), 17, 17, N'', 1)
GO
INSERT [dbo].[orderPreparingStatus] ([orderStatusId], [orderPreparingId], [status], [createDate], [updateDate], [createUserId], [updateUserId], [notes], [isActive]) VALUES (327, 120, N'Ready', CAST(N'2022-04-16T12:33:43.6591131' AS DateTime2), CAST(N'2022-04-16T12:33:43.6591131' AS DateTime2), 17, 17, N'', 1)
GO
INSERT [dbo].[orderPreparingStatus] ([orderStatusId], [orderPreparingId], [status], [createDate], [updateDate], [createUserId], [updateUserId], [notes], [isActive]) VALUES (328, 121, N'Listed', CAST(N'2022-04-16T12:34:19.1023653' AS DateTime2), CAST(N'2022-04-16T12:34:19.1023653' AS DateTime2), 17, 17, NULL, 1)
GO
INSERT [dbo].[orderPreparingStatus] ([orderStatusId], [orderPreparingId], [status], [createDate], [updateDate], [createUserId], [updateUserId], [notes], [isActive]) VALUES (329, 121, N'Preparing', CAST(N'2022-04-16T12:34:29.0971754' AS DateTime2), CAST(N'2022-04-16T12:34:29.0971754' AS DateTime2), 17, 17, N'', 1)
GO
INSERT [dbo].[orderPreparingStatus] ([orderStatusId], [orderPreparingId], [status], [createDate], [updateDate], [createUserId], [updateUserId], [notes], [isActive]) VALUES (330, 121, N'Ready', CAST(N'2022-04-16T12:34:33.5482756' AS DateTime2), CAST(N'2022-04-16T12:34:33.5482756' AS DateTime2), 17, 17, N'', 1)
GO
INSERT [dbo].[orderPreparingStatus] ([orderStatusId], [orderPreparingId], [status], [createDate], [updateDate], [createUserId], [updateUserId], [notes], [isActive]) VALUES (331, 122, N'Listed', CAST(N'2022-04-16T16:39:06.0672211' AS DateTime2), CAST(N'2022-04-16T16:39:06.0672211' AS DateTime2), 2, 2, NULL, 1)
GO
INSERT [dbo].[orderPreparingStatus] ([orderStatusId], [orderPreparingId], [status], [createDate], [updateDate], [createUserId], [updateUserId], [notes], [isActive]) VALUES (332, 123, N'Listed', CAST(N'2022-04-16T16:39:06.0991358' AS DateTime2), CAST(N'2022-04-16T16:39:06.0991358' AS DateTime2), 2, 2, NULL, 1)
GO
INSERT [dbo].[orderPreparingStatus] ([orderStatusId], [orderPreparingId], [status], [createDate], [updateDate], [createUserId], [updateUserId], [notes], [isActive]) VALUES (333, 124, N'Listed', CAST(N'2022-04-16T16:39:06.1160892' AS DateTime2), CAST(N'2022-04-16T16:39:06.1160892' AS DateTime2), 2, 2, NULL, 1)
GO
INSERT [dbo].[orderPreparingStatus] ([orderStatusId], [orderPreparingId], [status], [createDate], [updateDate], [createUserId], [updateUserId], [notes], [isActive]) VALUES (334, 125, N'Listed', CAST(N'2022-04-16T16:39:44.0202213' AS DateTime2), CAST(N'2022-04-16T16:39:44.0202213' AS DateTime2), 2, 2, NULL, 1)
GO
INSERT [dbo].[orderPreparingStatus] ([orderStatusId], [orderPreparingId], [status], [createDate], [updateDate], [createUserId], [updateUserId], [notes], [isActive]) VALUES (335, 126, N'Listed', CAST(N'2022-04-16T16:39:44.0331871' AS DateTime2), CAST(N'2022-04-16T16:39:44.0331871' AS DateTime2), 2, 2, NULL, 1)
GO
INSERT [dbo].[orderPreparingStatus] ([orderStatusId], [orderPreparingId], [status], [createDate], [updateDate], [createUserId], [updateUserId], [notes], [isActive]) VALUES (336, 127, N'Listed', CAST(N'2022-04-16T16:39:44.0531343' AS DateTime2), CAST(N'2022-04-16T16:39:44.0531343' AS DateTime2), 2, 2, NULL, 1)
GO
INSERT [dbo].[orderPreparingStatus] ([orderStatusId], [orderPreparingId], [status], [createDate], [updateDate], [createUserId], [updateUserId], [notes], [isActive]) VALUES (337, 128, N'Listed', CAST(N'2022-04-16T17:07:22.2282448' AS DateTime2), CAST(N'2022-04-16T17:07:22.2282448' AS DateTime2), 2, 2, N'', 1)
GO
INSERT [dbo].[orderPreparingStatus] ([orderStatusId], [orderPreparingId], [status], [createDate], [updateDate], [createUserId], [updateUserId], [notes], [isActive]) VALUES (338, 129, N'Listed', CAST(N'2022-04-16T17:07:22.3289764' AS DateTime2), CAST(N'2022-04-16T17:07:22.3289764' AS DateTime2), 2, 2, N'', 1)
GO
INSERT [dbo].[orderPreparingStatus] ([orderStatusId], [orderPreparingId], [status], [createDate], [updateDate], [createUserId], [updateUserId], [notes], [isActive]) VALUES (339, 130, N'Listed', CAST(N'2022-04-16T17:07:22.3519133' AS DateTime2), CAST(N'2022-04-16T17:07:22.3519133' AS DateTime2), 2, 2, N'', 1)
GO
INSERT [dbo].[orderPreparingStatus] ([orderStatusId], [orderPreparingId], [status], [createDate], [updateDate], [createUserId], [updateUserId], [notes], [isActive]) VALUES (340, 131, N'Listed', CAST(N'2022-04-16T17:28:56.5974616' AS DateTime2), CAST(N'2022-04-16T17:28:56.5974616' AS DateTime2), 2, 2, N'', 1)
GO
INSERT [dbo].[orderPreparingStatus] ([orderStatusId], [orderPreparingId], [status], [createDate], [updateDate], [createUserId], [updateUserId], [notes], [isActive]) VALUES (341, 132, N'Listed', CAST(N'2022-04-16T17:28:56.6184057' AS DateTime2), CAST(N'2022-04-16T17:28:56.6184057' AS DateTime2), 2, 2, N'', 1)
GO
INSERT [dbo].[orderPreparingStatus] ([orderStatusId], [orderPreparingId], [status], [createDate], [updateDate], [createUserId], [updateUserId], [notes], [isActive]) VALUES (342, 133, N'Listed', CAST(N'2022-04-16T17:28:56.6323690' AS DateTime2), CAST(N'2022-04-16T17:28:56.6323690' AS DateTime2), 2, 2, N'', 1)
GO
INSERT [dbo].[orderPreparingStatus] ([orderStatusId], [orderPreparingId], [status], [createDate], [updateDate], [createUserId], [updateUserId], [notes], [isActive]) VALUES (343, 134, N'Listed', CAST(N'2022-04-17T11:14:57.1061604' AS DateTime2), CAST(N'2022-04-17T11:14:57.1061604' AS DateTime2), 2, 2, N'', 1)
GO
INSERT [dbo].[orderPreparingStatus] ([orderStatusId], [orderPreparingId], [status], [createDate], [updateDate], [createUserId], [updateUserId], [notes], [isActive]) VALUES (344, 132, N'Preparing', CAST(N'2022-04-17T12:12:10.1728496' AS DateTime2), CAST(N'2022-04-17T12:12:10.1728496' AS DateTime2), 2, 2, N'', 1)
GO
INSERT [dbo].[orderPreparingStatus] ([orderStatusId], [orderPreparingId], [status], [createDate], [updateDate], [createUserId], [updateUserId], [notes], [isActive]) VALUES (345, 130, N'Preparing', CAST(N'2022-04-17T12:12:29.9350206' AS DateTime2), CAST(N'2022-04-17T12:12:29.9350206' AS DateTime2), 2, 2, N'', 1)
GO
INSERT [dbo].[orderPreparingStatus] ([orderStatusId], [orderPreparingId], [status], [createDate], [updateDate], [createUserId], [updateUserId], [notes], [isActive]) VALUES (346, 135, N'Listed', CAST(N'2022-04-17T12:13:06.1442259' AS DateTime2), CAST(N'2022-04-17T12:13:06.1442259' AS DateTime2), 2, 2, N'', 1)
GO
INSERT [dbo].[orderPreparingStatus] ([orderStatusId], [orderPreparingId], [status], [createDate], [updateDate], [createUserId], [updateUserId], [notes], [isActive]) VALUES (347, 136, N'Listed', CAST(N'2022-04-17T14:09:33.6732732' AS DateTime2), CAST(N'2022-04-17T14:09:33.6732732' AS DateTime2), 2, 2, N'', 1)
GO
INSERT [dbo].[orderPreparingStatus] ([orderStatusId], [orderPreparingId], [status], [createDate], [updateDate], [createUserId], [updateUserId], [notes], [isActive]) VALUES (348, 137, N'Listed', CAST(N'2022-04-17T14:57:14.3351054' AS DateTime2), CAST(N'2022-04-17T14:57:14.3351054' AS DateTime2), 2, 2, NULL, 1)
GO
SET IDENTITY_INSERT [dbo].[orderPreparingStatus] OFF
GO
SET IDENTITY_INSERT [dbo].[packages] ON 
GO
INSERT [dbo].[packages] ([packageId], [parentIUId], [childIUId], [quantity], [isActive], [notes], [createUserId], [updateUserId], [createDate], [updateDate]) VALUES (2, 27, 23, 2, 1, N' ', 2, 2, NULL, CAST(N'2022-03-03T16:32:08.9013995' AS DateTime2))
GO
SET IDENTITY_INSERT [dbo].[packages] OFF
GO
SET IDENTITY_INSERT [dbo].[paperSize] ON 
GO
INSERT [dbo].[paperSize] ([sizeId], [paperSize], [printfor], [sizeValue]) VALUES (1, N'A4', N'sal-doc', N'A4')
GO
INSERT [dbo].[paperSize] ([sizeId], [paperSize], [printfor], [sizeValue]) VALUES (2, N'Width:10 cm', N'sal', N'10cm')
GO
INSERT [dbo].[paperSize] ([sizeId], [paperSize], [printfor], [sizeValue]) VALUES (3, N'Width:8 cm', N'sal', N'8cm')
GO
INSERT [dbo].[paperSize] ([sizeId], [paperSize], [printfor], [sizeValue]) VALUES (4, N'Width:5.7 cm', N'sal', N'5.7cm')
GO
INSERT [dbo].[paperSize] ([sizeId], [paperSize], [printfor], [sizeValue]) VALUES (6, N'A5', N'doc', N'A5')
GO
SET IDENTITY_INSERT [dbo].[paperSize] OFF
GO
SET IDENTITY_INSERT [dbo].[pos] ON 
GO
INSERT [dbo].[pos] ([posId], [code], [name], [balance], [branchId], [createDate], [updateDate], [createUserId], [updateUserId], [isActive], [notes], [balanceAll], [boxState], [isAdminClose]) VALUES (1, N'Al-JM-B-POS-1', N'BJ-POS-1', CAST(69750.000 AS Decimal(20, 3)), 2, CAST(N'2021-06-29T16:51:49.0366461' AS DateTime2), CAST(N'2022-04-17T11:57:50.8631683' AS DateTime2), 1, 2, 1, N'notes', CAST(0.000 AS Decimal(20, 3)), N'o', 1)
GO
INSERT [dbo].[pos] ([posId], [code], [name], [balance], [branchId], [createDate], [updateDate], [createUserId], [updateUserId], [isActive], [notes], [balanceAll], [boxState], [isAdminClose]) VALUES (5, N'Al-JM-B-POS-2', N'POS-2', CAST(100000.000 AS Decimal(20, 3)), 2, CAST(N'2022-03-14T18:22:52.0883620' AS DateTime2), CAST(N'2022-04-13T12:15:37.4655744' AS DateTime2), 18, 18, 1, N'', CAST(0.000 AS Decimal(20, 3)), N'o', 0)
GO
INSERT [dbo].[pos] ([posId], [code], [name], [balance], [branchId], [createDate], [updateDate], [createUserId], [updateUserId], [isActive], [notes], [balanceAll], [boxState], [isAdminClose]) VALUES (6, N'Al-FK-B-POS-1', N'FK-POS-1', CAST(92100.000 AS Decimal(20, 3)), 10, CAST(N'2022-03-14T18:24:00.7846099' AS DateTime2), CAST(N'2022-04-17T13:56:36.3417515' AS DateTime2), 18, 18, 1, N'', CAST(0.000 AS Decimal(20, 3)), N'o', 0)
GO
INSERT [dbo].[pos] ([posId], [code], [name], [balance], [branchId], [createDate], [updateDate], [createUserId], [updateUserId], [isActive], [notes], [balanceAll], [boxState], [isAdminClose]) VALUES (7, N'Al-AD-B-POS-1', N'AD-POS-1', CAST(100000.000 AS Decimal(20, 3)), 11, CAST(N'2022-03-14T18:24:15.3546441' AS DateTime2), CAST(N'2022-04-13T12:46:59.8611044' AS DateTime2), 18, 18, 1, N'', CAST(0.000 AS Decimal(20, 3)), N'o', 0)
GO
INSERT [dbo].[pos] ([posId], [code], [name], [balance], [branchId], [createDate], [updateDate], [createUserId], [updateUserId], [isActive], [notes], [balanceAll], [boxState], [isAdminClose]) VALUES (8, N'test', N'test', CAST(100000.000 AS Decimal(20, 3)), 15, CAST(N'2022-03-15T13:40:05.3270921' AS DateTime2), CAST(N'2022-03-15T13:40:05.3270921' AS DateTime2), 18, 18, 1, N'', CAST(0.000 AS Decimal(20, 3)), N'o', 0)
GO
INSERT [dbo].[pos] ([posId], [code], [name], [balance], [branchId], [createDate], [updateDate], [createUserId], [updateUserId], [isActive], [notes], [balanceAll], [boxState], [isAdminClose]) VALUES (9, N'Al-JM-S-POS-1', N'JM-S-POS-1', CAST(100000.000 AS Decimal(20, 3)), 12, CAST(N'2022-03-27T13:50:46.3449479' AS DateTime2), CAST(N'2022-03-27T13:50:46.3449479' AS DateTime2), 18, 18, 1, N'notes', CAST(0.000 AS Decimal(20, 3)), N'o', 0)
GO
SET IDENTITY_INSERT [dbo].[pos] OFF
GO
SET IDENTITY_INSERT [dbo].[posSerials] ON 
GO
INSERT [dbo].[posSerials] ([id], [posSerial], [notes], [isActive]) VALUES (1, N'123456', NULL, 1)
GO
SET IDENTITY_INSERT [dbo].[posSerials] OFF
GO
SET IDENTITY_INSERT [dbo].[posSetting] ON 
GO
INSERT [dbo].[posSetting] ([posSettingId], [posId], [saleInvPrinterId], [reportPrinterId], [saleInvPapersizeId], [posSerial], [docPapersizeId], [posDeviceCode], [posSerialId], [createDate], [updateDate], [createUserId], [updateUserId]) VALUES (1, 1, NULL, NULL, NULL, NULL, NULL, NULL, 1, NULL, NULL, 1, 1)
GO
INSERT [dbo].[posSetting] ([posSettingId], [posId], [saleInvPrinterId], [reportPrinterId], [saleInvPapersizeId], [posSerial], [docPapersizeId], [posDeviceCode], [posSerialId], [createDate], [updateDate], [createUserId], [updateUserId]) VALUES (3, 5, NULL, NULL, NULL, NULL, NULL, NULL, 1, NULL, NULL, 1, 1)
GO
INSERT [dbo].[posSetting] ([posSettingId], [posId], [saleInvPrinterId], [reportPrinterId], [saleInvPapersizeId], [posSerial], [docPapersizeId], [posDeviceCode], [posSerialId], [createDate], [updateDate], [createUserId], [updateUserId]) VALUES (4, 6, NULL, NULL, NULL, NULL, NULL, NULL, 1, NULL, NULL, 1, 1)
GO
INSERT [dbo].[posSetting] ([posSettingId], [posId], [saleInvPrinterId], [reportPrinterId], [saleInvPapersizeId], [posSerial], [docPapersizeId], [posDeviceCode], [posSerialId], [createDate], [updateDate], [createUserId], [updateUserId]) VALUES (5, 7, NULL, NULL, NULL, NULL, NULL, NULL, 1, NULL, NULL, 1, 1)
GO
INSERT [dbo].[posSetting] ([posSettingId], [posId], [saleInvPrinterId], [reportPrinterId], [saleInvPapersizeId], [posSerial], [docPapersizeId], [posDeviceCode], [posSerialId], [createDate], [updateDate], [createUserId], [updateUserId]) VALUES (6, 8, NULL, NULL, NULL, NULL, NULL, NULL, 1, NULL, NULL, 1, 1)
GO
SET IDENTITY_INSERT [dbo].[posSetting] OFF
GO
SET IDENTITY_INSERT [dbo].[printers] ON 
GO
INSERT [dbo].[printers] ([printerId], [name], [printFor], [createDate], [updateDate], [createUserId], [updateUserId]) VALUES (1, N'TWljcm9zb2Z0IFByaW50IHRvIFBERg==', N'sal', CAST(N'2022-02-08T11:24:45.5166985' AS DateTime2), CAST(N'2022-02-08T11:24:45.5166985' AS DateTime2), NULL, NULL)
GO
INSERT [dbo].[printers] ([printerId], [name], [printFor], [createDate], [updateDate], [createUserId], [updateUserId]) VALUES (2, N'TWljcm9zb2Z0IFByaW50IHRvIFBERg==', N'doc', CAST(N'2022-02-08T11:24:45.6583188' AS DateTime2), CAST(N'2022-02-08T11:24:45.6583188' AS DateTime2), NULL, NULL)
GO
INSERT [dbo].[printers] ([printerId], [name], [printFor], [createDate], [updateDate], [createUserId], [updateUserId]) VALUES (3, N'TWljcm9zb2Z0IFByaW50IHRvIFBERg==', N'sal', CAST(N'2022-02-14T12:54:17.3272522' AS DateTime2), CAST(N'2022-02-14T12:54:17.3272522' AS DateTime2), NULL, NULL)
GO
INSERT [dbo].[printers] ([printerId], [name], [printFor], [createDate], [updateDate], [createUserId], [updateUserId]) VALUES (4, N'TWljcm9zb2Z0IFByaW50IHRvIFBERg==', N'doc', CAST(N'2022-02-14T12:54:17.4923234' AS DateTime2), CAST(N'2022-02-14T12:54:17.4923234' AS DateTime2), NULL, NULL)
GO
INSERT [dbo].[printers] ([printerId], [name], [printFor], [createDate], [updateDate], [createUserId], [updateUserId]) VALUES (5, N'TWljcm9zb2Z0IFByaW50IHRvIFBERg==', N'sal', CAST(N'2022-02-23T11:13:16.5625478' AS DateTime2), CAST(N'2022-02-23T11:13:16.5625478' AS DateTime2), NULL, NULL)
GO
INSERT [dbo].[printers] ([printerId], [name], [printFor], [createDate], [updateDate], [createUserId], [updateUserId]) VALUES (6, N'TWljcm9zb2Z0IFByaW50IHRvIFBERg==', N'doc', CAST(N'2022-02-23T11:13:16.9584871' AS DateTime2), CAST(N'2022-02-23T11:13:16.9584871' AS DateTime2), NULL, NULL)
GO
INSERT [dbo].[printers] ([printerId], [name], [printFor], [createDate], [updateDate], [createUserId], [updateUserId]) VALUES (7, N'TWljcm9zb2Z0IFByaW50IHRvIFBERg==', N'sal', CAST(N'2022-03-08T17:06:52.2938586' AS DateTime2), CAST(N'2022-03-08T17:06:52.2938586' AS DateTime2), NULL, NULL)
GO
INSERT [dbo].[printers] ([printerId], [name], [printFor], [createDate], [updateDate], [createUserId], [updateUserId]) VALUES (8, N'TWljcm9zb2Z0IFByaW50IHRvIFBERg==', N'doc', CAST(N'2022-03-08T17:06:52.4743445' AS DateTime2), CAST(N'2022-03-08T17:06:52.4743445' AS DateTime2), NULL, NULL)
GO
INSERT [dbo].[printers] ([printerId], [name], [printFor], [createDate], [updateDate], [createUserId], [updateUserId]) VALUES (9, N'TWljcm9zb2Z0IFByaW50IHRvIFBERg==', N'sal', CAST(N'2022-03-08T17:42:25.2142472' AS DateTime2), CAST(N'2022-03-08T17:42:25.2142472' AS DateTime2), NULL, NULL)
GO
INSERT [dbo].[printers] ([printerId], [name], [printFor], [createDate], [updateDate], [createUserId], [updateUserId]) VALUES (10, N'TWljcm9zb2Z0IFByaW50IHRvIFBERg==', N'doc', CAST(N'2022-03-08T17:42:25.3319297' AS DateTime2), CAST(N'2022-03-08T17:42:25.3319297' AS DateTime2), NULL, NULL)
GO
INSERT [dbo].[printers] ([printerId], [name], [printFor], [createDate], [updateDate], [createUserId], [updateUserId]) VALUES (11, N'TWljcm9zb2Z0IFByaW50IHRvIFBERg==', N'sal', CAST(N'2022-03-08T19:22:14.8439834' AS DateTime2), CAST(N'2022-03-08T19:22:14.8439834' AS DateTime2), NULL, NULL)
GO
INSERT [dbo].[printers] ([printerId], [name], [printFor], [createDate], [updateDate], [createUserId], [updateUserId]) VALUES (12, N'TWljcm9zb2Z0IFByaW50IHRvIFBERg==', N'doc', CAST(N'2022-03-08T19:22:15.0883296' AS DateTime2), CAST(N'2022-03-08T19:22:15.0883296' AS DateTime2), NULL, NULL)
GO
INSERT [dbo].[printers] ([printerId], [name], [printFor], [createDate], [updateDate], [createUserId], [updateUserId]) VALUES (13, N'TWljcm9zb2Z0IFByaW50IHRvIFBERg==', N'sal', CAST(N'2022-03-21T16:47:00.1910883' AS DateTime2), CAST(N'2022-03-21T16:47:00.1910883' AS DateTime2), NULL, NULL)
GO
INSERT [dbo].[printers] ([printerId], [name], [printFor], [createDate], [updateDate], [createUserId], [updateUserId]) VALUES (14, N'TWljcm9zb2Z0IFByaW50IHRvIFBERg==', N'doc', CAST(N'2022-03-21T16:47:00.2479368' AS DateTime2), CAST(N'2022-03-21T16:47:00.2479368' AS DateTime2), NULL, NULL)
GO
SET IDENTITY_INSERT [dbo].[printers] OFF
GO
INSERT [dbo].[ProgramDetails] ([id], [programName], [branchCount], [posCount], [userCount], [vendorCount], [customerCount], [itemCount], [saleinvCount], [programIncId], [versionIncId], [versionName], [storeCount], [packageSaleCode], [customerServerCode], [expireDate], [isOnlineServer], [packageNumber], [updateDate], [isLimitDate], [isLimitCount], [isActive], [packageName], [bookDate], [pId], [pcdId], [customerName], [customerLastName], [agentName], [agentLastName], [agentAccountName], [isServerActivated], [activatedate], [pocrDate], [poId], [upnum], [notes]) VALUES (1, N'resturant', 1000, 10, 50, 20, 50, 10000, 10000, NULL, 1, N'ver1', 1000, N'xdQxOXGp4JNaUsRM', N'2C8356D0', NULL, 0, NULL, CAST(N'2021-11-21T17:30:31.5737683' AS DateTime2), NULL, NULL, 1, NULL, NULL, NULL, NULL, NULL, NULL, NULL, NULL, NULL, 1, NULL, NULL, NULL, NULL, NULL)
GO
SET IDENTITY_INSERT [dbo].[properties] ON 
GO
INSERT [dbo].[properties] ([propertyId], [name], [createDate], [updateDate], [createUserId], [updateUserId], [isActive]) VALUES (1, N'Colors', CAST(N'2021-10-27T17:34:44.9898673' AS DateTime2), CAST(N'2021-11-20T14:55:12.3224772' AS DateTime2), 1, 1, 1)
GO
INSERT [dbo].[properties] ([propertyId], [name], [createDate], [updateDate], [createUserId], [updateUserId], [isActive]) VALUES (2, N'Sizes', CAST(N'2021-10-27T17:34:57.8915060' AS DateTime2), CAST(N'2021-10-27T17:34:57.8915060' AS DateTime2), 1, 1, 1)
GO
SET IDENTITY_INSERT [dbo].[properties] OFF
GO
SET IDENTITY_INSERT [dbo].[propertiesItems] ON 
GO
INSERT [dbo].[propertiesItems] ([propertyItemId], [name], [propertyId], [isDefault], [createDate], [updateDate], [createUserId], [updateUserId], [isActive]) VALUES (2, N'red', 1, 0, CAST(N'2021-10-27T17:35:27.7476986' AS DateTime2), CAST(N'2021-11-20T14:25:53.7708669' AS DateTime2), 1, 1, 1)
GO
INSERT [dbo].[propertiesItems] ([propertyItemId], [name], [propertyId], [isDefault], [createDate], [updateDate], [createUserId], [updateUserId], [isActive]) VALUES (3, N'Blue', 1, 0, CAST(N'2021-10-27T17:35:39.7802301' AS DateTime2), CAST(N'2021-11-20T14:54:51.3723312' AS DateTime2), 1, 1, 1)
GO
INSERT [dbo].[propertiesItems] ([propertyItemId], [name], [propertyId], [isDefault], [createDate], [updateDate], [createUserId], [updateUserId], [isActive]) VALUES (4, N'Yellow ', 1, 0, CAST(N'2021-10-27T17:35:47.7848219' AS DateTime2), CAST(N'2021-11-20T14:27:50.2750744' AS DateTime2), 1, 1, 1)
GO
INSERT [dbo].[propertiesItems] ([propertyItemId], [name], [propertyId], [isDefault], [createDate], [updateDate], [createUserId], [updateUserId], [isActive]) VALUES (5, N'Purple', 1, 0, CAST(N'2021-10-27T17:35:53.7380560' AS DateTime2), CAST(N'2021-11-20T14:36:50.1192021' AS DateTime2), 1, 1, 1)
GO
INSERT [dbo].[propertiesItems] ([propertyItemId], [name], [propertyId], [isDefault], [createDate], [updateDate], [createUserId], [updateUserId], [isActive]) VALUES (6, N'Green', 1, 0, CAST(N'2021-10-27T17:36:09.3678435' AS DateTime2), CAST(N'2021-11-20T14:44:23.0490106' AS DateTime2), 1, 1, 1)
GO
INSERT [dbo].[propertiesItems] ([propertyItemId], [name], [propertyId], [isDefault], [createDate], [updateDate], [createUserId], [updateUserId], [isActive]) VALUES (7, N'Maroon', 1, 0, CAST(N'2021-10-27T17:36:12.3667652' AS DateTime2), CAST(N'2021-11-20T14:45:26.2790105' AS DateTime2), 1, 1, 1)
GO
INSERT [dbo].[propertiesItems] ([propertyItemId], [name], [propertyId], [isDefault], [createDate], [updateDate], [createUserId], [updateUserId], [isActive]) VALUES (8, N'Aqua', 1, 0, CAST(N'2021-10-27T17:36:20.9386710' AS DateTime2), CAST(N'2021-11-20T14:47:23.3683413' AS DateTime2), 1, 1, 1)
GO
INSERT [dbo].[propertiesItems] ([propertyItemId], [name], [propertyId], [isDefault], [createDate], [updateDate], [createUserId], [updateUserId], [isActive]) VALUES (9, N'White', 1, 0, CAST(N'2021-10-27T17:36:27.1893593' AS DateTime2), CAST(N'2021-11-20T14:53:28.7535679' AS DateTime2), 1, 1, 1)
GO
INSERT [dbo].[propertiesItems] ([propertyItemId], [name], [propertyId], [isDefault], [createDate], [updateDate], [createUserId], [updateUserId], [isActive]) VALUES (10, N'Black', 1, 0, CAST(N'2021-10-27T17:36:33.0240117' AS DateTime2), CAST(N'2021-11-20T14:53:47.1298025' AS DateTime2), 1, 1, 1)
GO
INSERT [dbo].[propertiesItems] ([propertyItemId], [name], [propertyId], [isDefault], [createDate], [updateDate], [createUserId], [updateUserId], [isActive]) VALUES (13, N'S', 2, 0, CAST(N'2021-10-27T17:36:09.3678435' AS DateTime2), CAST(N'2021-10-27T17:36:09.3678435' AS DateTime2), 1, 1, 1)
GO
INSERT [dbo].[propertiesItems] ([propertyItemId], [name], [propertyId], [isDefault], [createDate], [updateDate], [createUserId], [updateUserId], [isActive]) VALUES (14, N'M', 2, 0, CAST(N'2021-10-27T17:36:12.3667652' AS DateTime2), CAST(N'2021-10-27T17:36:12.3667652' AS DateTime2), 1, 1, 1)
GO
INSERT [dbo].[propertiesItems] ([propertyItemId], [name], [propertyId], [isDefault], [createDate], [updateDate], [createUserId], [updateUserId], [isActive]) VALUES (15, N'L', 2, 0, CAST(N'2021-10-27T17:36:20.9386710' AS DateTime2), CAST(N'2021-10-27T17:36:20.9386710' AS DateTime2), 1, 1, 1)
GO
INSERT [dbo].[propertiesItems] ([propertyItemId], [name], [propertyId], [isDefault], [createDate], [updateDate], [createUserId], [updateUserId], [isActive]) VALUES (16, N'XL', 2, 0, CAST(N'2021-10-27T17:36:27.1893593' AS DateTime2), CAST(N'2021-10-27T17:36:27.1893593' AS DateTime2), 1, 1, 1)
GO
INSERT [dbo].[propertiesItems] ([propertyItemId], [name], [propertyId], [isDefault], [createDate], [updateDate], [createUserId], [updateUserId], [isActive]) VALUES (17, N'XLL', 2, 0, CAST(N'2021-10-27T17:36:33.0240117' AS DateTime2), CAST(N'2021-10-27T17:36:33.0240117' AS DateTime2), 1, 1, 1)
GO
SET IDENTITY_INSERT [dbo].[propertiesItems] OFF
GO
SET IDENTITY_INSERT [dbo].[residentialSectors] ON 
GO
INSERT [dbo].[residentialSectors] ([residentSecId], [name], [notes], [isActive], [createDate], [updateDate], [createUserId], [updateUserId], [deliveryTime]) VALUES (1, N'residential2', N'notes2', 1, CAST(N'2022-02-06T15:05:31.9690699' AS DateTime2), CAST(N'2022-02-06T15:05:31.9690699' AS DateTime2), 2, 2, CAST(0.000 AS Decimal(20, 3)))
GO
INSERT [dbo].[residentialSectors] ([residentSecId], [name], [notes], [isActive], [createDate], [updateDate], [createUserId], [updateUserId], [deliveryTime]) VALUES (2, N'residential1', N'notes1', 1, CAST(N'2022-02-06T15:05:59.3767200' AS DateTime2), CAST(N'2022-02-06T15:05:59.3767200' AS DateTime2), 2, 2, CAST(0.000 AS Decimal(20, 3)))
GO
INSERT [dbo].[residentialSectors] ([residentSecId], [name], [notes], [isActive], [createDate], [updateDate], [createUserId], [updateUserId], [deliveryTime]) VALUES (3, N'residential3', N'notes3', 1, CAST(N'2022-02-06T15:06:35.4921067' AS DateTime2), CAST(N'2022-02-06T15:06:43.9425362' AS DateTime2), 2, 2, CAST(0.000 AS Decimal(20, 3)))
GO
SET IDENTITY_INSERT [dbo].[residentialSectors] OFF
GO
SET IDENTITY_INSERT [dbo].[residentialSectorsUsers] ON 
GO
INSERT [dbo].[residentialSectorsUsers] ([id], [residentSecId], [userId], [notes], [createDate], [updateDate], [createUserId], [updateUserId]) VALUES (1, 3, 27, N'', CAST(N'2022-04-09T11:19:52.9323117' AS DateTime2), CAST(N'2022-04-09T11:19:52.9323117' AS DateTime2), 17, 17)
GO
INSERT [dbo].[residentialSectorsUsers] ([id], [residentSecId], [userId], [notes], [createDate], [updateDate], [createUserId], [updateUserId]) VALUES (2, 1, 22, N'', CAST(N'2022-04-09T11:38:25.2481456' AS DateTime2), CAST(N'2022-04-09T11:38:25.2481456' AS DateTime2), 17, 17)
GO
INSERT [dbo].[residentialSectorsUsers] ([id], [residentSecId], [userId], [notes], [createDate], [updateDate], [createUserId], [updateUserId]) VALUES (3, 2, 22, N'', CAST(N'2022-04-09T11:38:25.2571230' AS DateTime2), CAST(N'2022-04-09T11:38:25.2571230' AS DateTime2), 17, 17)
GO
INSERT [dbo].[residentialSectorsUsers] ([id], [residentSecId], [userId], [notes], [createDate], [updateDate], [createUserId], [updateUserId]) VALUES (4, 3, 22, N'', CAST(N'2022-04-09T11:38:25.2591159' AS DateTime2), CAST(N'2022-04-09T11:38:25.2591159' AS DateTime2), 17, 17)
GO
INSERT [dbo].[residentialSectorsUsers] ([id], [residentSecId], [userId], [notes], [createDate], [updateDate], [createUserId], [updateUserId]) VALUES (5, 1, 28, N'', CAST(N'2022-04-09T11:38:53.8363967' AS DateTime2), CAST(N'2022-04-09T11:38:53.8363967' AS DateTime2), 17, 17)
GO
INSERT [dbo].[residentialSectorsUsers] ([id], [residentSecId], [userId], [notes], [createDate], [updateDate], [createUserId], [updateUserId]) VALUES (6, 3, 28, N'', CAST(N'2022-04-09T11:38:53.8433759' AS DateTime2), CAST(N'2022-04-09T11:38:53.8433759' AS DateTime2), 17, 17)
GO
SET IDENTITY_INSERT [dbo].[residentialSectorsUsers] OFF
GO
SET IDENTITY_INSERT [dbo].[sections] ON 
GO
INSERT [dbo].[sections] ([sectionId], [name], [createDate], [updateDate], [createUserId], [updateUserId], [branchId], [isActive], [notes], [details], [isFreeZone], [type], [isKitchen]) VALUES (29, N'FreeZone', CAST(N'2021-06-29T15:23:22.5233511' AS DateTime2), CAST(N'2021-06-29T15:23:22.5233511' AS DateTime2), 1, 1, 2, 1, N'', NULL, 1, NULL, 0)
GO
INSERT [dbo].[sections] ([sectionId], [name], [createDate], [updateDate], [createUserId], [updateUserId], [branchId], [isActive], [notes], [details], [isFreeZone], [type], [isKitchen]) VALUES (30, N'FreeZone', CAST(N'2021-06-29T15:23:22.5233511' AS DateTime2), CAST(N'2021-06-29T15:23:22.5233511' AS DateTime2), 1, 1, 2, 1, N'', NULL, 0, NULL, 1)
GO
INSERT [dbo].[sections] ([sectionId], [name], [createDate], [updateDate], [createUserId], [updateUserId], [branchId], [isActive], [notes], [details], [isFreeZone], [type], [isKitchen]) VALUES (31, N'FreeZone', CAST(N'2022-03-14T18:19:14.6779538' AS DateTime2), CAST(N'2022-03-14T18:19:14.6779538' AS DateTime2), 18, 18, 10, 1, N'', NULL, 1, NULL, 0)
GO
INSERT [dbo].[sections] ([sectionId], [name], [createDate], [updateDate], [createUserId], [updateUserId], [branchId], [isActive], [notes], [details], [isFreeZone], [type], [isKitchen]) VALUES (32, N'FreeZone', CAST(N'2022-03-14T18:19:14.6978999' AS DateTime2), CAST(N'2022-03-14T18:19:14.6978999' AS DateTime2), 18, 18, 10, 1, N'', NULL, 0, NULL, 1)
GO
INSERT [dbo].[sections] ([sectionId], [name], [createDate], [updateDate], [createUserId], [updateUserId], [branchId], [isActive], [notes], [details], [isFreeZone], [type], [isKitchen]) VALUES (33, N'FreeZone', CAST(N'2022-03-14T18:19:34.6964164' AS DateTime2), CAST(N'2022-03-14T18:19:34.6964164' AS DateTime2), 18, 18, 11, 1, N'', NULL, 1, NULL, 0)
GO
INSERT [dbo].[sections] ([sectionId], [name], [createDate], [updateDate], [createUserId], [updateUserId], [branchId], [isActive], [notes], [details], [isFreeZone], [type], [isKitchen]) VALUES (34, N'FreeZone', CAST(N'2022-03-14T18:19:34.7014035' AS DateTime2), CAST(N'2022-03-14T18:19:34.7014035' AS DateTime2), 18, 18, 11, 1, N'', NULL, 0, NULL, 1)
GO
INSERT [dbo].[sections] ([sectionId], [name], [createDate], [updateDate], [createUserId], [updateUserId], [branchId], [isActive], [notes], [details], [isFreeZone], [type], [isKitchen]) VALUES (35, N'FreeZone', CAST(N'2022-03-14T18:21:35.5703946' AS DateTime2), CAST(N'2022-03-14T18:21:35.5703946' AS DateTime2), 18, 18, 12, 1, N'', NULL, 1, NULL, 0)
GO
INSERT [dbo].[sections] ([sectionId], [name], [createDate], [updateDate], [createUserId], [updateUserId], [branchId], [isActive], [notes], [details], [isFreeZone], [type], [isKitchen]) VALUES (36, N'FreeZone', CAST(N'2022-03-14T18:21:35.5773769' AS DateTime2), CAST(N'2022-03-14T18:21:35.5773769' AS DateTime2), 18, 18, 12, 1, N'', NULL, 0, NULL, 1)
GO
INSERT [dbo].[sections] ([sectionId], [name], [createDate], [updateDate], [createUserId], [updateUserId], [branchId], [isActive], [notes], [details], [isFreeZone], [type], [isKitchen]) VALUES (37, N'FreeZone', CAST(N'2022-03-14T18:21:57.6224204' AS DateTime2), CAST(N'2022-03-14T18:21:57.6234172' AS DateTime2), 18, 18, 13, 1, N'', NULL, 1, NULL, 0)
GO
INSERT [dbo].[sections] ([sectionId], [name], [createDate], [updateDate], [createUserId], [updateUserId], [branchId], [isActive], [notes], [details], [isFreeZone], [type], [isKitchen]) VALUES (38, N'FreeZone', CAST(N'2022-03-14T18:21:57.6264106' AS DateTime2), CAST(N'2022-03-14T18:21:57.6264106' AS DateTime2), 18, 18, 13, 1, N'', NULL, 0, NULL, 1)
GO
INSERT [dbo].[sections] ([sectionId], [name], [createDate], [updateDate], [createUserId], [updateUserId], [branchId], [isActive], [notes], [details], [isFreeZone], [type], [isKitchen]) VALUES (39, N'FreeZone', CAST(N'2022-03-14T18:22:17.1831069' AS DateTime2), CAST(N'2022-03-14T18:22:17.1831069' AS DateTime2), 18, 18, 14, 1, N'', NULL, 1, NULL, 0)
GO
INSERT [dbo].[sections] ([sectionId], [name], [createDate], [updateDate], [createUserId], [updateUserId], [branchId], [isActive], [notes], [details], [isFreeZone], [type], [isKitchen]) VALUES (40, N'FreeZone', CAST(N'2022-03-14T18:22:17.1860992' AS DateTime2), CAST(N'2022-03-14T18:22:17.1860992' AS DateTime2), 18, 18, 14, 1, N'', NULL, 0, NULL, 1)
GO
INSERT [dbo].[sections] ([sectionId], [name], [createDate], [updateDate], [createUserId], [updateUserId], [branchId], [isActive], [notes], [details], [isFreeZone], [type], [isKitchen]) VALUES (41, N' ', CAST(N'2022-03-14T18:36:18.1137226' AS DateTime2), CAST(N'2022-03-14T18:36:18.1137226' AS DateTime2), 18, 18, 2, 1, N'', NULL, 0, N'l', 0)
GO
INSERT [dbo].[sections] ([sectionId], [name], [createDate], [updateDate], [createUserId], [updateUserId], [branchId], [isActive], [notes], [details], [isFreeZone], [type], [isKitchen]) VALUES (42, N'FreeZone', CAST(N'2022-03-15T13:39:20.1459035' AS DateTime2), CAST(N'2022-03-15T13:39:20.1459035' AS DateTime2), 18, 18, 15, 1, N'', NULL, 1, NULL, 0)
GO
INSERT [dbo].[sections] ([sectionId], [name], [createDate], [updateDate], [createUserId], [updateUserId], [branchId], [isActive], [notes], [details], [isFreeZone], [type], [isKitchen]) VALUES (43, N'FreeZone', CAST(N'2022-03-15T13:39:20.1758238' AS DateTime2), CAST(N'2022-03-15T13:39:20.1758238' AS DateTime2), 18, 18, 15, 1, N'', NULL, 0, NULL, 1)
GO
INSERT [dbo].[sections] ([sectionId], [name], [createDate], [updateDate], [createUserId], [updateUserId], [branchId], [isActive], [notes], [details], [isFreeZone], [type], [isKitchen]) VALUES (44, N'', CAST(N'2022-03-15T13:52:31.4605179' AS DateTime2), CAST(N'2022-03-15T13:52:31.4605179' AS DateTime2), 18, 18, 15, 1, N'', NULL, 0, N'l', 0)
GO
SET IDENTITY_INSERT [dbo].[sections] OFF
GO
SET IDENTITY_INSERT [dbo].[setting] ON 
GO
INSERT [dbo].[setting] ([settingId], [name], [notes]) VALUES (1, N'com_name', NULL)
GO
INSERT [dbo].[setting] ([settingId], [name], [notes]) VALUES (2, N'com_address', NULL)
GO
INSERT [dbo].[setting] ([settingId], [name], [notes]) VALUES (3, N'com_email', NULL)
GO
INSERT [dbo].[setting] ([settingId], [name], [notes]) VALUES (4, N'com_mobile', NULL)
GO
INSERT [dbo].[setting] ([settingId], [name], [notes]) VALUES (5, N'com_phone', NULL)
GO
INSERT [dbo].[setting] ([settingId], [name], [notes]) VALUES (6, N'com_fax', NULL)
GO
INSERT [dbo].[setting] ([settingId], [name], [notes]) VALUES (7, N'com_logo', NULL)
GO
INSERT [dbo].[setting] ([settingId], [name], [notes]) VALUES (8, N'region', NULL)
GO
INSERT [dbo].[setting] ([settingId], [name], [notes]) VALUES (9, N'language', NULL)
GO
INSERT [dbo].[setting] ([settingId], [name], [notes]) VALUES (10, N'currency', NULL)
GO
INSERT [dbo].[setting] ([settingId], [name], [notes]) VALUES (11, N'tax', NULL)
GO
INSERT [dbo].[setting] ([settingId], [name], [notes]) VALUES (12, N'storage_cost', NULL)
GO
INSERT [dbo].[setting] ([settingId], [name], [notes]) VALUES (13, N'pur_order_email_temp', N'emailtemp')
GO
INSERT [dbo].[setting] ([settingId], [name], [notes]) VALUES (14, N'dateForm', NULL)
GO
INSERT [dbo].[setting] ([settingId], [name], [notes]) VALUES (15, N'sale_email_temp', N'emailtemp')
GO
INSERT [dbo].[setting] ([settingId], [name], [notes]) VALUES (16, N'sale_order_email_temp', N'emailtemp')
GO
INSERT [dbo].[setting] ([settingId], [name], [notes]) VALUES (17, N'quotation_email_temp', N'emailtemp')
GO
INSERT [dbo].[setting] ([settingId], [name], [notes]) VALUES (18, N'required_email_temp', N'emailtemp')
GO
INSERT [dbo].[setting] ([settingId], [name], [notes]) VALUES (19, N'sale_copy_count', NULL)
GO
INSERT [dbo].[setting] ([settingId], [name], [notes]) VALUES (20, N'pur_copy_count', NULL)
GO
INSERT [dbo].[setting] ([settingId], [name], [notes]) VALUES (21, N'print_on_save_sale', NULL)
GO
INSERT [dbo].[setting] ([settingId], [name], [notes]) VALUES (22, N'print_on_save_pur', NULL)
GO
INSERT [dbo].[setting] ([settingId], [name], [notes]) VALUES (23, N'email_on_save_sale', NULL)
GO
INSERT [dbo].[setting] ([settingId], [name], [notes]) VALUES (24, N'email_on_save_pur', NULL)
GO
INSERT [dbo].[setting] ([settingId], [name], [notes]) VALUES (25, N'menuIsOpen', NULL)
GO
INSERT [dbo].[setting] ([settingId], [name], [notes]) VALUES (26, N'report_lang', NULL)
GO
INSERT [dbo].[setting] ([settingId], [name], [notes]) VALUES (27, N'rep_copy_count', NULL)
GO
INSERT [dbo].[setting] ([settingId], [name], [notes]) VALUES (28, N'user_path', NULL)
GO
INSERT [dbo].[setting] ([settingId], [name], [notes]) VALUES (29, N'accuracy', NULL)
GO
INSERT [dbo].[setting] ([settingId], [name], [notes]) VALUES (30, N'pur_email_temp', N'emailtemp')
GO
INSERT [dbo].[setting] ([settingId], [name], [notes]) VALUES (31, N'Pur_inv_avg_count', NULL)
GO
INSERT [dbo].[setting] ([settingId], [name], [notes]) VALUES (32, N'Allow_print_inv_count', NULL)
GO
INSERT [dbo].[setting] ([settingId], [name], [notes]) VALUES (33, N'item_cost', NULL)
GO
INSERT [dbo].[setting] ([settingId], [name], [notes]) VALUES (34, N'show_header', NULL)
GO
INSERT [dbo].[setting] ([settingId], [name], [notes]) VALUES (35, N'time_staying', NULL)
GO
INSERT [dbo].[setting] ([settingId], [name], [notes]) VALUES (36, N'itemtax_note', NULL)
GO
INSERT [dbo].[setting] ([settingId], [name], [notes]) VALUES (37, N'sales_invoice_note', NULL)
GO
INSERT [dbo].[setting] ([settingId], [name], [notes]) VALUES (38, N'warningTimeForLateReservation', NULL)
GO
INSERT [dbo].[setting] ([settingId], [name], [notes]) VALUES (39, N'maximumTimeToKeepReservation', NULL)
GO
INSERT [dbo].[setting] ([settingId], [name], [notes]) VALUES (40, N'maxDiscount', NULL)
GO
INSERT [dbo].[setting] ([settingId], [name], [notes]) VALUES (41, N'print_on_save_directentry', NULL)
GO
INSERT [dbo].[setting] ([settingId], [name], [notes]) VALUES (42, N'directentry_copy_count', NULL)
GO
INSERT [dbo].[setting] ([settingId], [name], [notes]) VALUES (43, N'invoiceTax_bool', N'tax')
GO
INSERT [dbo].[setting] ([settingId], [name], [notes]) VALUES (44, N'invoiceTax_decimal', N'tax')
GO
INSERT [dbo].[setting] ([settingId], [name], [notes]) VALUES (45, N'itemsTax_bool', N'tax')
GO
INSERT [dbo].[setting] ([settingId], [name], [notes]) VALUES (46, N'invType', NULL)
GO
INSERT [dbo].[setting] ([settingId], [name], [notes]) VALUES (47, N'statusesOfPreparingOrder', NULL)
GO
SET IDENTITY_INSERT [dbo].[setting] OFF
GO
SET IDENTITY_INSERT [dbo].[setValues] ON 
GO
INSERT [dbo].[setValues] ([valId], [value], [isDefault], [isSystem], [notes], [settingId]) VALUES (1, N'en', 0, 0, NULL, 9)
GO
INSERT [dbo].[setValues] ([valId], [value], [isDefault], [isSystem], [notes], [settingId]) VALUES (2, N'ar', 0, 0, NULL, 9)
GO
INSERT [dbo].[setValues] ([valId], [value], [isDefault], [isSystem], [notes], [settingId]) VALUES (12, N'0', 1, 1, NULL, 11)
GO
INSERT [dbo].[setValues] ([valId], [value], [isDefault], [isSystem], [notes], [settingId]) VALUES (13, N'0', 1, 1, NULL, 12)
GO
INSERT [dbo].[setValues] ([valId], [value], [isDefault], [isSystem], [notes], [settingId]) VALUES (14, N'ad4bfd50185ef68bce2b903aa7e10ec0.jpg', 1, 1, N'', 7)
GO
INSERT [dbo].[setValues] ([valId], [value], [isDefault], [isSystem], [notes], [settingId]) VALUES (15, N'Pur order', 0, 1, N'title', 13)
GO
INSERT [dbo].[setValues] ([valId], [value], [isDefault], [isSystem], [notes], [settingId]) VALUES (16, N'', 0, 1, N'text1', 13)
GO
INSERT [dbo].[setValues] ([valId], [value], [isDefault], [isSystem], [notes], [settingId]) VALUES (17, N'', 0, 1, N'text2', 13)
GO
INSERT [dbo].[setValues] ([valId], [value], [isDefault], [isSystem], [notes], [settingId]) VALUES (18, N'', 0, 1, N'link1text', 13)
GO
INSERT [dbo].[setValues] ([valId], [value], [isDefault], [isSystem], [notes], [settingId]) VALUES (19, N'', 0, 1, N'link2text', 13)
GO
INSERT [dbo].[setValues] ([valId], [value], [isDefault], [isSystem], [notes], [settingId]) VALUES (20, N'', 0, 0, N'link3text', 13)
GO
INSERT [dbo].[setValues] ([valId], [value], [isDefault], [isSystem], [notes], [settingId]) VALUES (22, N'', 0, 1, N'link1url', 13)
GO
INSERT [dbo].[setValues] ([valId], [value], [isDefault], [isSystem], [notes], [settingId]) VALUES (23, N'', 0, 1, N'link2url', 13)
GO
INSERT [dbo].[setValues] ([valId], [value], [isDefault], [isSystem], [notes], [settingId]) VALUES (24, N'', 0, 1, N'link3url', 13)
GO
INSERT [dbo].[setValues] ([valId], [value], [isDefault], [isSystem], [notes], [settingId]) VALUES (25, N'ShortDatePattern', 1, 1, NULL, 14)
GO
INSERT [dbo].[setValues] ([valId], [value], [isDefault], [isSystem], [notes], [settingId]) VALUES (26, N'Sales', 0, 1, N'title', 15)
GO
INSERT [dbo].[setValues] ([valId], [value], [isDefault], [isSystem], [notes], [settingId]) VALUES (27, N'', 0, 1, N'text1', 15)
GO
INSERT [dbo].[setValues] ([valId], [value], [isDefault], [isSystem], [notes], [settingId]) VALUES (28, N'', 0, 1, N'text2', 15)
GO
INSERT [dbo].[setValues] ([valId], [value], [isDefault], [isSystem], [notes], [settingId]) VALUES (29, N'', 0, 1, N'link1text', 15)
GO
INSERT [dbo].[setValues] ([valId], [value], [isDefault], [isSystem], [notes], [settingId]) VALUES (30, N'', 0, 1, N'link2text', 15)
GO
INSERT [dbo].[setValues] ([valId], [value], [isDefault], [isSystem], [notes], [settingId]) VALUES (31, N'', 0, 0, N'link3text', 15)
GO
INSERT [dbo].[setValues] ([valId], [value], [isDefault], [isSystem], [notes], [settingId]) VALUES (32, N'', 0, 1, N'link1url', 15)
GO
INSERT [dbo].[setValues] ([valId], [value], [isDefault], [isSystem], [notes], [settingId]) VALUES (33, N'', 0, 1, N'link2url', 15)
GO
INSERT [dbo].[setValues] ([valId], [value], [isDefault], [isSystem], [notes], [settingId]) VALUES (34, N'', 0, 1, N'link3url', 15)
GO
INSERT [dbo].[setValues] ([valId], [value], [isDefault], [isSystem], [notes], [settingId]) VALUES (39, N'Sales order', 0, 1, N'title', 16)
GO
INSERT [dbo].[setValues] ([valId], [value], [isDefault], [isSystem], [notes], [settingId]) VALUES (40, N'', 0, 0, N'text1', 16)
GO
INSERT [dbo].[setValues] ([valId], [value], [isDefault], [isSystem], [notes], [settingId]) VALUES (41, N'', 0, 1, N'text2', 16)
GO
INSERT [dbo].[setValues] ([valId], [value], [isDefault], [isSystem], [notes], [settingId]) VALUES (42, N'', 0, 1, N'link1text', 16)
GO
INSERT [dbo].[setValues] ([valId], [value], [isDefault], [isSystem], [notes], [settingId]) VALUES (43, N'', 0, 1, N'link2text', 16)
GO
INSERT [dbo].[setValues] ([valId], [value], [isDefault], [isSystem], [notes], [settingId]) VALUES (44, N'', 0, 1, N'link3text', 16)
GO
INSERT [dbo].[setValues] ([valId], [value], [isDefault], [isSystem], [notes], [settingId]) VALUES (45, N'', 0, 1, N'link1url', 16)
GO
INSERT [dbo].[setValues] ([valId], [value], [isDefault], [isSystem], [notes], [settingId]) VALUES (46, N'', 0, 1, N'link2url', 16)
GO
INSERT [dbo].[setValues] ([valId], [value], [isDefault], [isSystem], [notes], [settingId]) VALUES (47, N'', 0, 1, N'link3url', 16)
GO
INSERT [dbo].[setValues] ([valId], [value], [isDefault], [isSystem], [notes], [settingId]) VALUES (48, N'Quotation', 0, 1, N'title', 17)
GO
INSERT [dbo].[setValues] ([valId], [value], [isDefault], [isSystem], [notes], [settingId]) VALUES (49, N'', 0, 0, N'text1', 17)
GO
INSERT [dbo].[setValues] ([valId], [value], [isDefault], [isSystem], [notes], [settingId]) VALUES (50, N'', 0, 1, N'text2', 17)
GO
INSERT [dbo].[setValues] ([valId], [value], [isDefault], [isSystem], [notes], [settingId]) VALUES (51, N'', 0, 1, N'link1text', 17)
GO
INSERT [dbo].[setValues] ([valId], [value], [isDefault], [isSystem], [notes], [settingId]) VALUES (52, N'', 0, 1, N'link2text', 17)
GO
INSERT [dbo].[setValues] ([valId], [value], [isDefault], [isSystem], [notes], [settingId]) VALUES (53, N'', 0, 0, N'link3text', 17)
GO
INSERT [dbo].[setValues] ([valId], [value], [isDefault], [isSystem], [notes], [settingId]) VALUES (54, N'', 0, 1, N'link1url', 17)
GO
INSERT [dbo].[setValues] ([valId], [value], [isDefault], [isSystem], [notes], [settingId]) VALUES (55, N'', 0, 1, N'link2url', 17)
GO
INSERT [dbo].[setValues] ([valId], [value], [isDefault], [isSystem], [notes], [settingId]) VALUES (56, N'', 0, 1, N'link3url', 17)
GO
INSERT [dbo].[setValues] ([valId], [value], [isDefault], [isSystem], [notes], [settingId]) VALUES (58, N'Increase', 1, 1, NULL, 1)
GO
INSERT [dbo].[setValues] ([valId], [value], [isDefault], [isSystem], [notes], [settingId]) VALUES (59, N'....', 1, 1, NULL, 2)
GO
INSERT [dbo].[setValues] ([valId], [value], [isDefault], [isSystem], [notes], [settingId]) VALUES (60, N'info@increase.com', 1, 1, NULL, 3)
GO
INSERT [dbo].[setValues] ([valId], [value], [isDefault], [isSystem], [notes], [settingId]) VALUES (61, N'+965-959999555', 1, 1, NULL, 4)
GO
INSERT [dbo].[setValues] ([valId], [value], [isDefault], [isSystem], [notes], [settingId]) VALUES (62, N'+966-1-959595959', 1, 1, NULL, 5)
GO
INSERT [dbo].[setValues] ([valId], [value], [isDefault], [isSystem], [notes], [settingId]) VALUES (63, N'+967-2-959595959', 1, 1, NULL, 6)
GO
INSERT [dbo].[setValues] ([valId], [value], [isDefault], [isSystem], [notes], [settingId]) VALUES (64, N'Req', 0, 1, N'title', 18)
GO
INSERT [dbo].[setValues] ([valId], [value], [isDefault], [isSystem], [notes], [settingId]) VALUES (65, N'', 0, 0, N'text1', 18)
GO
INSERT [dbo].[setValues] ([valId], [value], [isDefault], [isSystem], [notes], [settingId]) VALUES (66, N'', 0, 1, N'text2', 18)
GO
INSERT [dbo].[setValues] ([valId], [value], [isDefault], [isSystem], [notes], [settingId]) VALUES (67, N'', 0, 1, N'link1text', 18)
GO
INSERT [dbo].[setValues] ([valId], [value], [isDefault], [isSystem], [notes], [settingId]) VALUES (68, N'', 0, 1, N'link2text', 18)
GO
INSERT [dbo].[setValues] ([valId], [value], [isDefault], [isSystem], [notes], [settingId]) VALUES (69, N'', 0, 0, N'link3text', 18)
GO
INSERT [dbo].[setValues] ([valId], [value], [isDefault], [isSystem], [notes], [settingId]) VALUES (70, N'', 0, 1, N'link1url', 18)
GO
INSERT [dbo].[setValues] ([valId], [value], [isDefault], [isSystem], [notes], [settingId]) VALUES (71, N'', 0, 1, N'link2url', 18)
GO
INSERT [dbo].[setValues] ([valId], [value], [isDefault], [isSystem], [notes], [settingId]) VALUES (72, N'', 0, 1, N'link3url', 18)
GO
INSERT [dbo].[setValues] ([valId], [value], [isDefault], [isSystem], [notes], [settingId]) VALUES (73, N'1', 0, 1, N'print', 19)
GO
INSERT [dbo].[setValues] ([valId], [value], [isDefault], [isSystem], [notes], [settingId]) VALUES (74, N'1', 0, 1, N'print', 20)
GO
INSERT [dbo].[setValues] ([valId], [value], [isDefault], [isSystem], [notes], [settingId]) VALUES (75, N'1', 0, 1, N'print', 21)
GO
INSERT [dbo].[setValues] ([valId], [value], [isDefault], [isSystem], [notes], [settingId]) VALUES (76, N'1', 0, 1, N'print', 22)
GO
INSERT [dbo].[setValues] ([valId], [value], [isDefault], [isSystem], [notes], [settingId]) VALUES (77, N'0', 0, 1, N'print', 23)
GO
INSERT [dbo].[setValues] ([valId], [value], [isDefault], [isSystem], [notes], [settingId]) VALUES (78, N'0', 0, 1, N'print', 24)
GO
INSERT [dbo].[setValues] ([valId], [value], [isDefault], [isSystem], [notes], [settingId]) VALUES (79, N'open', 0, 0, NULL, 25)
GO
INSERT [dbo].[setValues] ([valId], [value], [isDefault], [isSystem], [notes], [settingId]) VALUES (80, N'close', 0, 0, NULL, 25)
GO
INSERT [dbo].[setValues] ([valId], [value], [isDefault], [isSystem], [notes], [settingId]) VALUES (81, N'en', 1, 1, NULL, 26)
GO
INSERT [dbo].[setValues] ([valId], [value], [isDefault], [isSystem], [notes], [settingId]) VALUES (82, N'ar', 0, 1, NULL, 26)
GO
INSERT [dbo].[setValues] ([valId], [value], [isDefault], [isSystem], [notes], [settingId]) VALUES (83, N'1', 1, 1, N'print', 27)
GO
INSERT [dbo].[setValues] ([valId], [value], [isDefault], [isSystem], [notes], [settingId]) VALUES (84, N'first', 0, 0, N'0', 28)
GO
INSERT [dbo].[setValues] ([valId], [value], [isDefault], [isSystem], [notes], [settingId]) VALUES (85, N'second', 0, 0, N'0', 28)
GO
INSERT [dbo].[setValues] ([valId], [value], [isDefault], [isSystem], [notes], [settingId]) VALUES (87, N'2', 1, 1, N'0', 29)
GO
INSERT [dbo].[setValues] ([valId], [value], [isDefault], [isSystem], [notes], [settingId]) VALUES (88, N'Purchase', 0, 1, N'title', 30)
GO
INSERT [dbo].[setValues] ([valId], [value], [isDefault], [isSystem], [notes], [settingId]) VALUES (89, N'', 0, 0, N'text1', 30)
GO
INSERT [dbo].[setValues] ([valId], [value], [isDefault], [isSystem], [notes], [settingId]) VALUES (90, N'', 0, 1, N'text2', 30)
GO
INSERT [dbo].[setValues] ([valId], [value], [isDefault], [isSystem], [notes], [settingId]) VALUES (91, N'', 0, 1, N'link1text', 30)
GO
INSERT [dbo].[setValues] ([valId], [value], [isDefault], [isSystem], [notes], [settingId]) VALUES (92, N'', 0, 1, N'link2text', 30)
GO
INSERT [dbo].[setValues] ([valId], [value], [isDefault], [isSystem], [notes], [settingId]) VALUES (93, N'', 0, 1, N'link3text', 30)
GO
INSERT [dbo].[setValues] ([valId], [value], [isDefault], [isSystem], [notes], [settingId]) VALUES (94, N'', 0, 1, N'link1url', 30)
GO
INSERT [dbo].[setValues] ([valId], [value], [isDefault], [isSystem], [notes], [settingId]) VALUES (95, N'', 0, 1, N'link2url', 30)
GO
INSERT [dbo].[setValues] ([valId], [value], [isDefault], [isSystem], [notes], [settingId]) VALUES (96, N'', 0, 1, N'link3url', 30)
GO
INSERT [dbo].[setValues] ([valId], [value], [isDefault], [isSystem], [notes], [settingId]) VALUES (109, N'5', 1, 1, N'0', 31)
GO
INSERT [dbo].[setValues] ([valId], [value], [isDefault], [isSystem], [notes], [settingId]) VALUES (110, N'5', 1, 1, N'print', 32)
GO
INSERT [dbo].[setValues] ([valId], [value], [isDefault], [isSystem], [notes], [settingId]) VALUES (111, N'99', 1, 1, N'0', 33)
GO
INSERT [dbo].[setValues] ([valId], [value], [isDefault], [isSystem], [notes], [settingId]) VALUES (113, N'1', 1, 1, N'print', 34)
GO
INSERT [dbo].[setValues] ([valId], [value], [isDefault], [isSystem], [notes], [settingId]) VALUES (115, N'3', 1, 1, N'hours', 35)
GO
INSERT [dbo].[setValues] ([valId], [value], [isDefault], [isSystem], [notes], [settingId]) VALUES (117, N'VAT', 1, 1, N'print', 36)
GO
INSERT [dbo].[setValues] ([valId], [value], [isDefault], [isSystem], [notes], [settingId]) VALUES (119, N'Thank You ...', 1, 1, N'print', 37)
GO
INSERT [dbo].[setValues] ([valId], [value], [isDefault], [isSystem], [notes], [settingId]) VALUES (121, N'30', 1, 1, N'minutes', 38)
GO
INSERT [dbo].[setValues] ([valId], [value], [isDefault], [isSystem], [notes], [settingId]) VALUES (122, N'3', 1, 1, N'hours', 39)
GO
INSERT [dbo].[setValues] ([valId], [value], [isDefault], [isSystem], [notes], [settingId]) VALUES (123, N'20', 1, 1, NULL, 40)
GO
INSERT [dbo].[setValues] ([valId], [value], [isDefault], [isSystem], [notes], [settingId]) VALUES (124, N'0', 1, 1, N'print', 41)
GO
INSERT [dbo].[setValues] ([valId], [value], [isDefault], [isSystem], [notes], [settingId]) VALUES (125, N'1', 1, 1, N'print', 42)
GO
INSERT [dbo].[setValues] ([valId], [value], [isDefault], [isSystem], [notes], [settingId]) VALUES (126, N'True', 1, 1, N'tax', 43)
GO
INSERT [dbo].[setValues] ([valId], [value], [isDefault], [isSystem], [notes], [settingId]) VALUES (127, N'12.5', 1, 1, N'tax', 44)
GO
INSERT [dbo].[setValues] ([valId], [value], [isDefault], [isSystem], [notes], [settingId]) VALUES (128, N'True', 1, 1, N'tax', 45)
GO
INSERT [dbo].[setValues] ([valId], [value], [isDefault], [isSystem], [notes], [settingId]) VALUES (164, N'selfService', 1, 0, NULL, 46)
GO
INSERT [dbo].[setValues] ([valId], [value], [isDefault], [isSystem], [notes], [settingId]) VALUES (165, N'takeAway', 0, 0, NULL, 46)
GO
INSERT [dbo].[setValues] ([valId], [value], [isDefault], [isSystem], [notes], [settingId]) VALUES (168, N'statusesSequence', 1, 1, NULL, 47)
GO
INSERT [dbo].[setValues] ([valId], [value], [isDefault], [isSystem], [notes], [settingId]) VALUES (169, N'takeAway', 0, 0, NULL, 46)
GO
INSERT [dbo].[setValues] ([valId], [value], [isDefault], [isSystem], [notes], [settingId]) VALUES (170, N'takeAway', 0, 0, NULL, 46)
GO
SET IDENTITY_INSERT [dbo].[setValues] OFF
GO
SET IDENTITY_INSERT [dbo].[shippingCompanies] ON 
GO
INSERT [dbo].[shippingCompanies] ([shippingCompanyId], [name], [realDeliveryCost], [deliveryCost], [deliveryType], [notes], [createDate], [updateDate], [createUserId], [updateUserId], [isActive], [balance], [balanceType], [email], [phone], [mobile], [fax], [address]) VALUES (3, N'local ship', CAST(1000.000 AS Decimal(20, 3)), CAST(1500.000 AS Decimal(20, 3)), N'local', N'dasdasdasddas', CAST(N'2021-12-20T15:54:00.7376974' AS DateTime2), CAST(N'2022-04-09T12:03:48.4950390' AS DateTime2), 2, 18, 1, CAST(0.000 AS Decimal(20, 3)), 0, N'sacs@asd.cd', N'+964-30-533615165', N'+974-888888888', N'+971-4-615161561', N'asdasdasd')
GO
INSERT [dbo].[shippingCompanies] ([shippingCompanyId], [name], [realDeliveryCost], [deliveryCost], [deliveryType], [notes], [createDate], [updateDate], [createUserId], [updateUserId], [isActive], [balance], [balanceType], [email], [phone], [mobile], [fax], [address]) VALUES (4, N'Haram     ', CAST(1000.000 AS Decimal(20, 3)), CAST(1500.000 AS Decimal(20, 3)), N'com', N'cgcchcgh', CAST(N'2021-12-20T16:11:16.4659566' AS DateTime2), CAST(N'2022-04-02T15:18:19.0795376' AS DateTime2), 2, 2, 1, CAST(0.000 AS Decimal(20, 3)), 0, N'dsadS@dsad.cd', N'+967-2-561515151', N'+965-888888888', N'+966-6-115151511', N'mnm,./')
GO
SET IDENTITY_INSERT [dbo].[shippingCompanies] OFF
GO
SET IDENTITY_INSERT [dbo].[storageCost] ON 
GO
INSERT [dbo].[storageCost] ([storageCostId], [name], [cost], [notes], [isActive], [createUserId], [updateUserId], [createDate], [updateDate]) VALUES (1, N'hello', CAST(0.100 AS Decimal(20, 3)), N'test 1', 1, 2, 2, CAST(N'2021-12-19T15:56:48.2526139' AS DateTime2), CAST(N'2021-12-19T15:58:07.6984951' AS DateTime2))
GO
INSERT [dbo].[storageCost] ([storageCostId], [name], [cost], [notes], [isActive], [createUserId], [updateUserId], [createDate], [updateDate]) VALUES (2, N'test 2', CAST(10.000 AS Decimal(20, 3)), N'test 2', 1, 2, 2, CAST(N'2021-12-19T15:57:07.7843773' AS DateTime2), CAST(N'2021-12-19T15:57:07.7843773' AS DateTime2))
GO
INSERT [dbo].[storageCost] ([storageCostId], [name], [cost], [notes], [isActive], [createUserId], [updateUserId], [createDate], [updateDate]) VALUES (3, N'test 2', CAST(10.330 AS Decimal(20, 3)), N'test 2', 1, 2, 2, CAST(N'2021-12-19T15:57:29.2863873' AS DateTime2), CAST(N'2021-12-19T15:57:29.2863873' AS DateTime2))
GO
SET IDENTITY_INSERT [dbo].[storageCost] OFF
GO
SET IDENTITY_INSERT [dbo].[subscriptionFees] ON 
GO
INSERT [dbo].[subscriptionFees] ([subscriptionFeesId], [membershipId], [monthsCount], [Amount], [notes], [createDate], [updateDate], [createUserId], [updateUserId], [isActive]) VALUES (20, 14, 1, CAST(1000.000 AS Decimal(20, 3)), N'mNotes5', CAST(N'2022-03-12T13:18:51.1963468' AS DateTime2), CAST(N'2022-03-12T13:18:51.1963468' AS DateTime2), 17, 17, 1)
GO
INSERT [dbo].[subscriptionFees] ([subscriptionFeesId], [membershipId], [monthsCount], [Amount], [notes], [createDate], [updateDate], [createUserId], [updateUserId], [isActive]) VALUES (21, 10, 1, CAST(100000.000 AS Decimal(20, 3)), N'mNotes1', CAST(N'2022-03-15T17:56:30.9501599' AS DateTime2), CAST(N'2022-03-15T17:56:30.9501599' AS DateTime2), 17, 17, 1)
GO
INSERT [dbo].[subscriptionFees] ([subscriptionFeesId], [membershipId], [monthsCount], [Amount], [notes], [createDate], [updateDate], [createUserId], [updateUserId], [isActive]) VALUES (22, 13, 1, CAST(0.000 AS Decimal(20, 3)), N'', CAST(N'2022-03-15T17:58:10.8040844' AS DateTime2), CAST(N'2022-03-15T17:58:10.8040844' AS DateTime2), 17, 17, 1)
GO
INSERT [dbo].[subscriptionFees] ([subscriptionFeesId], [membershipId], [monthsCount], [Amount], [notes], [createDate], [updateDate], [createUserId], [updateUserId], [isActive]) VALUES (23, 12, 1, CAST(1000.000 AS Decimal(20, 3)), N'', CAST(N'2022-03-15T17:58:25.6294366' AS DateTime2), CAST(N'2022-03-15T17:58:25.6294366' AS DateTime2), 18, 18, 1)
GO
INSERT [dbo].[subscriptionFees] ([subscriptionFeesId], [membershipId], [monthsCount], [Amount], [notes], [createDate], [updateDate], [createUserId], [updateUserId], [isActive]) VALUES (24, 12, 3, CAST(2500.000 AS Decimal(20, 3)), N'', CAST(N'2022-03-15T17:58:39.2370500' AS DateTime2), CAST(N'2022-03-15T17:58:39.2370500' AS DateTime2), 18, 18, 1)
GO
INSERT [dbo].[subscriptionFees] ([subscriptionFeesId], [membershipId], [monthsCount], [Amount], [notes], [createDate], [updateDate], [createUserId], [updateUserId], [isActive]) VALUES (26, 12, 6, CAST(4000.000 AS Decimal(20, 3)), N'', CAST(N'2022-03-15T17:58:52.0846844' AS DateTime2), CAST(N'2022-03-15T17:58:52.0846844' AS DateTime2), 18, 18, 1)
GO
INSERT [dbo].[subscriptionFees] ([subscriptionFeesId], [membershipId], [monthsCount], [Amount], [notes], [createDate], [updateDate], [createUserId], [updateUserId], [isActive]) VALUES (27, 11, 1, CAST(9.000 AS Decimal(20, 3)), N'', CAST(N'2022-03-15T17:59:31.8852428' AS DateTime2), CAST(N'2022-03-15T17:59:31.8852428' AS DateTime2), 18, 18, 1)
GO
INSERT [dbo].[subscriptionFees] ([subscriptionFeesId], [membershipId], [monthsCount], [Amount], [notes], [createDate], [updateDate], [createUserId], [updateUserId], [isActive]) VALUES (28, 11, 2, CAST(15.000 AS Decimal(20, 3)), N'', CAST(N'2022-03-15T17:59:37.7016879' AS DateTime2), CAST(N'2022-03-15T17:59:37.7016879' AS DateTime2), 18, 18, 1)
GO
SET IDENTITY_INSERT [dbo].[subscriptionFees] OFF
GO
SET IDENTITY_INSERT [dbo].[tables] ON 
GO
INSERT [dbo].[tables] ([tableId], [name], [sectionId], [branchId], [notes], [status], [personsCount], [isActive], [createDate], [updateDate], [createUserId], [updateUserId]) VALUES (20, N'Table1', 7, 2, N'', NULL, 10, 1, CAST(N'2022-03-15T12:57:49.2609702' AS DateTime2), CAST(N'2022-03-15T13:21:19.1575791' AS DateTime2), 17, 17)
GO
INSERT [dbo].[tables] ([tableId], [name], [sectionId], [branchId], [notes], [status], [personsCount], [isActive], [createDate], [updateDate], [createUserId], [updateUserId]) VALUES (21, N'Table2', 7, 2, N'', NULL, 5, 1, CAST(N'2022-03-15T12:58:01.0474493' AS DateTime2), CAST(N'2022-03-15T13:21:19.1845070' AS DateTime2), 17, 17)
GO
INSERT [dbo].[tables] ([tableId], [name], [sectionId], [branchId], [notes], [status], [personsCount], [isActive], [createDate], [updateDate], [createUserId], [updateUserId]) VALUES (22, N'Table3', NULL, 2, N'', NULL, 2, 1, CAST(N'2022-03-15T17:00:56.0617494' AS DateTime2), CAST(N'2022-03-15T17:00:56.0617494' AS DateTime2), 18, 18)
GO
INSERT [dbo].[tables] ([tableId], [name], [sectionId], [branchId], [notes], [status], [personsCount], [isActive], [createDate], [updateDate], [createUserId], [updateUserId]) VALUES (23, N'Table4', NULL, 2, N'', NULL, 8, 1, CAST(N'2022-03-15T17:01:05.3818478' AS DateTime2), CAST(N'2022-03-15T17:01:05.3818478' AS DateTime2), 18, 18)
GO
INSERT [dbo].[tables] ([tableId], [name], [sectionId], [branchId], [notes], [status], [personsCount], [isActive], [createDate], [updateDate], [createUserId], [updateUserId]) VALUES (24, N'Table5', NULL, 2, N'', NULL, 5, 1, CAST(N'2022-03-15T17:01:12.6703555' AS DateTime2), CAST(N'2022-03-15T17:01:12.6703555' AS DateTime2), 18, 18)
GO
INSERT [dbo].[tables] ([tableId], [name], [sectionId], [branchId], [notes], [status], [personsCount], [isActive], [createDate], [updateDate], [createUserId], [updateUserId]) VALUES (25, N'Table6', NULL, 2, N'', NULL, 12, 1, CAST(N'2022-03-15T17:01:41.0764094' AS DateTime2), CAST(N'2022-03-15T17:01:41.0764094' AS DateTime2), 18, 18)
GO
INSERT [dbo].[tables] ([tableId], [name], [sectionId], [branchId], [notes], [status], [personsCount], [isActive], [createDate], [updateDate], [createUserId], [updateUserId]) VALUES (26, N'FK-Table1', NULL, 10, N'', NULL, 5, 1, CAST(N'2022-04-13T13:06:53.1440691' AS DateTime2), CAST(N'2022-04-13T13:06:53.1440691' AS DateTime2), 18, 18)
GO
INSERT [dbo].[tables] ([tableId], [name], [sectionId], [branchId], [notes], [status], [personsCount], [isActive], [createDate], [updateDate], [createUserId], [updateUserId]) VALUES (27, N'FK-Table2', NULL, 10, N'', NULL, 9, 1, CAST(N'2022-04-13T13:07:05.9628025' AS DateTime2), CAST(N'2022-04-13T13:07:05.9628025' AS DateTime2), 18, 18)
GO
SET IDENTITY_INSERT [dbo].[tables] OFF
GO
SET IDENTITY_INSERT [dbo].[tags] ON 
GO
INSERT [dbo].[tags] ([tagId], [tagName], [categoryId], [notes], [createUserId], [updateUserId], [createDate], [updateDate], [isActive]) VALUES (19, N' ', 4, N'', 2, 2, CAST(N'2022-01-01T00:19:50.4581244' AS DateTime2), CAST(N'2022-02-23T11:53:22.0705459' AS DateTime2), 1)
GO
INSERT [dbo].[tags] ([tagId], [tagName], [categoryId], [notes], [createUserId], [updateUserId], [createDate], [updateDate], [isActive]) VALUES (21, N' ', 4, N'', 2, 2, CAST(N'2022-01-02T11:25:59.6395259' AS DateTime2), CAST(N'2022-02-23T11:53:36.0052796' AS DateTime2), 1)
GO
INSERT [dbo].[tags] ([tagId], [tagName], [categoryId], [notes], [createUserId], [updateUserId], [createDate], [updateDate], [isActive]) VALUES (22, N'', 5, N'', 2, 2, CAST(N'2022-03-03T16:09:31.0833512' AS DateTime2), CAST(N'2022-03-03T16:09:31.0833512' AS DateTime2), 1)
GO
INSERT [dbo].[tags] ([tagId], [tagName], [categoryId], [notes], [createUserId], [updateUserId], [createDate], [updateDate], [isActive]) VALUES (23, N' ', 5, N'', 2, 2, CAST(N'2022-03-03T16:10:42.9162418' AS DateTime2), CAST(N'2022-03-03T16:10:42.9162418' AS DateTime2), 1)
GO
INSERT [dbo].[tags] ([tagId], [tagName], [categoryId], [notes], [createUserId], [updateUserId], [createDate], [updateDate], [isActive]) VALUES (24, N'', 6, N'', 2, 2, CAST(N'2022-03-03T16:11:00.7096571' AS DateTime2), CAST(N'2022-03-03T16:11:00.7096571' AS DateTime2), 1)
GO
INSERT [dbo].[tags] ([tagId], [tagName], [categoryId], [notes], [createUserId], [updateUserId], [createDate], [updateDate], [isActive]) VALUES (25, N'', 6, N'', 2, 2, CAST(N'2022-03-03T16:11:13.0416757' AS DateTime2), CAST(N'2022-03-03T16:11:13.0416757' AS DateTime2), 1)
GO
INSERT [dbo].[tags] ([tagId], [tagName], [categoryId], [notes], [createUserId], [updateUserId], [createDate], [updateDate], [isActive]) VALUES (26, N'', 7, N'', 2, 2, CAST(N'2022-03-03T16:11:19.5093780' AS DateTime2), CAST(N'2022-03-03T16:11:19.5093780' AS DateTime2), 1)
GO
INSERT [dbo].[tags] ([tagId], [tagName], [categoryId], [notes], [createUserId], [updateUserId], [createDate], [updateDate], [isActive]) VALUES (27, N'', 7, N'', 2, 2, CAST(N'2022-03-03T16:11:26.5206277' AS DateTime2), CAST(N'2022-03-03T16:11:26.5206277' AS DateTime2), 1)
GO
INSERT [dbo].[tags] ([tagId], [tagName], [categoryId], [notes], [createUserId], [updateUserId], [createDate], [updateDate], [isActive]) VALUES (28, N' ', 8, N'', 2, 2, CAST(N'2022-03-03T16:11:42.2016926' AS DateTime2), CAST(N'2022-03-03T16:11:42.2016926' AS DateTime2), 1)
GO
INSERT [dbo].[tags] ([tagId], [tagName], [categoryId], [notes], [createUserId], [updateUserId], [createDate], [updateDate], [isActive]) VALUES (29, N'', 8, N'', 2, 2, CAST(N'2022-03-03T16:11:46.0833104' AS DateTime2), CAST(N'2022-03-03T16:11:46.0833104' AS DateTime2), 1)
GO
SET IDENTITY_INSERT [dbo].[tags] OFF
GO
SET IDENTITY_INSERT [dbo].[units] ON 
GO
INSERT [dbo].[units] ([unitId], [name], [isSmallest], [smallestId], [createDate], [createUserId], [updateUserId], [updateDate], [parentid], [isActive], [notes]) VALUES (1, N'saleUnit', 0, NULL, CAST(N'2021-07-15T11:59:52.5435356' AS DateTime2), 1, 1, CAST(N'2021-07-15T11:59:52.5435356' AS DateTime2), NULL, 1, N'')
GO
INSERT [dbo].[units] ([unitId], [name], [isSmallest], [smallestId], [createDate], [createUserId], [updateUserId], [updateDate], [parentid], [isActive], [notes]) VALUES (2, N'service', 0, NULL, NULL, 1, 1, CAST(N'2021-07-15T11:59:52.5435356' AS DateTime2), NULL, 1, N'')
GO
INSERT [dbo].[units] ([unitId], [name], [isSmallest], [smallestId], [createDate], [createUserId], [updateUserId], [updateDate], [parentid], [isActive], [notes]) VALUES (3, N'Item', 0, NULL, CAST(N'2021-10-27T17:30:03.4713222' AS DateTime2), 1, 1, CAST(N'2021-11-20T15:20:04.2985557' AS DateTime2), NULL, 1, N'')
GO
INSERT [dbo].[units] ([unitId], [name], [isSmallest], [smallestId], [createDate], [createUserId], [updateUserId], [updateDate], [parentid], [isActive], [notes]) VALUES (4, N'Box', 0, NULL, CAST(N'2021-10-27T17:30:15.3960182' AS DateTime2), 1, 1, CAST(N'2021-11-20T15:20:27.3981350' AS DateTime2), NULL, 1, N'')
GO
INSERT [dbo].[units] ([unitId], [name], [isSmallest], [smallestId], [createDate], [createUserId], [updateUserId], [updateDate], [parentid], [isActive], [notes]) VALUES (5, N'g', 0, NULL, CAST(N'2021-10-27T17:30:36.6851711' AS DateTime2), 1, 1, CAST(N'2021-11-20T15:22:43.5061107' AS DateTime2), NULL, 1, N'')
GO
INSERT [dbo].[units] ([unitId], [name], [isSmallest], [smallestId], [createDate], [createUserId], [updateUserId], [updateDate], [parentid], [isActive], [notes]) VALUES (6, N'Kg', 0, NULL, CAST(N'2021-10-27T17:30:41.0430394' AS DateTime2), 1, 1, CAST(N'2021-11-20T15:21:02.1666577' AS DateTime2), NULL, 1, N'')
GO
INSERT [dbo].[units] ([unitId], [name], [isSmallest], [smallestId], [createDate], [createUserId], [updateUserId], [updateDate], [parentid], [isActive], [notes]) VALUES (7, N'M', 0, NULL, CAST(N'2021-10-27T17:30:44.6121672' AS DateTime2), 1, 1, CAST(N'2021-11-20T15:21:16.3964743' AS DateTime2), NULL, 1, N'')
GO
INSERT [dbo].[units] ([unitId], [name], [isSmallest], [smallestId], [createDate], [createUserId], [updateUserId], [updateDate], [parentid], [isActive], [notes]) VALUES (8, N'mm', 0, NULL, CAST(N'2021-10-27T17:30:48.0629747' AS DateTime2), 1, 1, CAST(N'2021-11-20T15:22:02.2061906' AS DateTime2), NULL, 1, N'')
GO
INSERT [dbo].[units] ([unitId], [name], [isSmallest], [smallestId], [createDate], [createUserId], [updateUserId], [updateDate], [parentid], [isActive], [notes]) VALUES (9, N'liter', 0, NULL, CAST(N'2021-10-27T17:30:51.2115388' AS DateTime2), 1, 1, CAST(N'2021-11-20T15:22:33.3190745' AS DateTime2), NULL, 1, N'')
GO
INSERT [dbo].[units] ([unitId], [name], [isSmallest], [smallestId], [createDate], [createUserId], [updateUserId], [updateDate], [parentid], [isActive], [notes]) VALUES (10, N'barrel', 0, NULL, CAST(N'2021-10-27T17:30:54.8458383' AS DateTime2), 1, 1, CAST(N'2021-11-20T15:23:17.4146319' AS DateTime2), NULL, 1, N'')
GO
SET IDENTITY_INSERT [dbo].[units] OFF
GO
SET IDENTITY_INSERT [dbo].[users] ON 
GO
INSERT [dbo].[users] ([userId], [username], [password], [name], [lastname], [job], [workHours], [createDate], [updateDate], [createUserId], [updateUserId], [phone], [mobile], [email], [address], [isActive], [notes], [isOnline], [image], [groupId], [balance], [balanceType], [isAdmin], [driverIsAvailable]) VALUES (1, N'Support@Increase', N'6379ebbefcde75fb0e5da33f4168c236', N'Support', N'Increase', N'admin', N'12', CAST(N'2021-06-28T18:38:45.0434248' AS DateTime2), CAST(N'2022-04-14T14:46:51.9438008' AS DateTime2), 1, 1, N'+963-21-2278910', N'+963-966376308', N'mohamadnasani@gmail.com', N'Halab', 1, N'notes', 1, N'', NULL, CAST(0.000 AS Decimal(20, 3)), 0, 1, 0)
GO
INSERT [dbo].[users] ([userId], [username], [password], [name], [lastname], [job], [workHours], [createDate], [updateDate], [createUserId], [updateUserId], [phone], [mobile], [email], [address], [isActive], [notes], [isOnline], [image], [groupId], [balance], [balanceType], [isAdmin], [driverIsAvailable]) VALUES (2, N'admin', N'1b8baf4f819e5b304e1a176e1c590c84', N'admin', N'admin', N'admin', N'8', CAST(N'2021-06-30T11:05:51.9137655' AS DateTime2), CAST(N'2022-04-17T17:34:58.9615113' AS DateTime2), 1, 2, N'', N'+963-99999999', N'', N'', 1, N'no notes', 0, N'c37858823db0093766eee74d8ee1f1e5.png', NULL, CAST(0.000 AS Decimal(20, 3)), 0, 1, 0)
GO
INSERT [dbo].[users] ([userId], [username], [password], [name], [lastname], [job], [workHours], [createDate], [updateDate], [createUserId], [updateUserId], [phone], [mobile], [email], [address], [isActive], [notes], [isOnline], [image], [groupId], [balance], [balanceType], [isAdmin], [driverIsAvailable]) VALUES (17, N'user', N'8ed8d3a8bc29c09653a78c1165990962', N'user', N'user', N'admin', N'6', CAST(N'2022-03-05T11:58:24.5620644' AS DateTime2), CAST(N'2022-04-17T15:07:39.3216355' AS DateTime2), 2, 2, NULL, N'+966-123654799', N'', N'', 1, N'', 0, NULL, NULL, CAST(0.000 AS Decimal(20, 3)), 0, 1, 0)
GO
INSERT [dbo].[users] ([userId], [username], [password], [name], [lastname], [job], [workHours], [createDate], [updateDate], [createUserId], [updateUserId], [phone], [mobile], [email], [address], [isActive], [notes], [isOnline], [image], [groupId], [balance], [balanceType], [isAdmin], [driverIsAvailable]) VALUES (18, N'yasin', N'1b8baf4f819e5b304e1a176e1c590c84', N'yasin', N'yasin', N'generalManager', N'1', CAST(N'2022-03-05T13:18:17.1955659' AS DateTime2), CAST(N'2022-04-18T13:21:35.3792536' AS DateTime2), 2, 2, NULL, N'+966-999999999', N'', N'', 1, N'', 0, N'9c8336c58218f7dbea9b172c0da81139.png', NULL, CAST(0.000 AS Decimal(20, 3)), 0, 1, 0)
GO
INSERT [dbo].[users] ([userId], [username], [password], [name], [lastname], [job], [workHours], [createDate], [updateDate], [createUserId], [updateUserId], [phone], [mobile], [email], [address], [isActive], [notes], [isOnline], [image], [groupId], [balance], [balanceType], [isAdmin], [driverIsAvailable]) VALUES (20, N'samer', N'88bc4525060f0e96bf15392785fc0bc9', N'', N'', N'employee', N'1', CAST(N'2022-03-05T15:37:27.2769323' AS DateTime2), CAST(N'2022-04-04T14:19:01.3175824' AS DateTime2), 18, 18, NULL, N'+966-999999999', N'', N'', 1, N'', 0, N'cba6ef02fcbd47ba36115f8f64248594.png', 5, CAST(0.000 AS Decimal(20, 3)), 0, 0, 0)
GO
INSERT [dbo].[users] ([userId], [username], [password], [name], [lastname], [job], [workHours], [createDate], [updateDate], [createUserId], [updateUserId], [phone], [mobile], [email], [address], [isActive], [notes], [isOnline], [image], [groupId], [balance], [balanceType], [isAdmin], [driverIsAvailable]) VALUES (21, N'aya', N'1b8baf4f819e5b304e1a176e1c590c84', N'', N'', N'kitchenManager', N'1', CAST(N'2022-03-05T15:38:22.6707530' AS DateTime2), CAST(N'2022-04-04T14:19:01.3445126' AS DateTime2), 18, 18, NULL, N'+966-999999999', N'', N'', 1, N'', 1, N'90f607ba318fce94cafe1571617d1b6c.png', 5, CAST(0.000 AS Decimal(20, 3)), 0, 0, 0)
GO
INSERT [dbo].[users] ([userId], [username], [password], [name], [lastname], [job], [workHours], [createDate], [updateDate], [createUserId], [updateUserId], [phone], [mobile], [email], [address], [isActive], [notes], [isOnline], [image], [groupId], [balance], [balanceType], [isAdmin], [driverIsAvailable]) VALUES (22, N'sabbagh', N'a8780070a43bc4dbfc612d9aa903b144', N'', N'', N'deliveryEmployee', N'1', CAST(N'2022-03-05T15:39:11.1092445' AS DateTime2), CAST(N'2022-04-07T16:06:25.0689642' AS DateTime2), 18, 18, NULL, N'+968-999999999', N'', N'', 1, N'', 0, N'77d0501bbf02ad459f88ab4b7531b14d.png', 5, CAST(0.000 AS Decimal(20, 3)), 0, 0, 1)
GO
INSERT [dbo].[users] ([userId], [username], [password], [name], [lastname], [job], [workHours], [createDate], [updateDate], [createUserId], [updateUserId], [phone], [mobile], [email], [address], [isActive], [notes], [isOnline], [image], [groupId], [balance], [balanceType], [isAdmin], [driverIsAvailable]) VALUES (23, N'user1', N'1b8baf4f819e5b304e1a176e1c590c84', N'user', N'permission', N'employee', N'1', CAST(N'2022-03-07T15:12:44.5284888' AS DateTime2), CAST(N'2022-04-04T14:19:01.3305474' AS DateTime2), 2, 18, NULL, N'+966-222222222', N'', N'', 1, N'', 1, N'e8a124154d6b4436a9d47827fcd24d4d.png', 5, CAST(0.000 AS Decimal(20, 3)), 0, 0, 0)
GO
INSERT [dbo].[users] ([userId], [username], [password], [name], [lastname], [job], [workHours], [createDate], [updateDate], [createUserId], [updateUserId], [phone], [mobile], [email], [address], [isActive], [notes], [isOnline], [image], [groupId], [balance], [balanceType], [isAdmin], [driverIsAvailable]) VALUES (24, N'user2', N'6714523532b49462e549ebb6b334b034', N'user2', N'2', N'waiter', N'1', CAST(N'2022-03-08T17:17:39.7953234' AS DateTime2), CAST(N'2022-04-04T14:19:01.3365320' AS DateTime2), 18, 18, NULL, N'+965-222222222', N'', N'', 1, N'', 0, N'3f85263e6e6e21f6a4057fab7f956f1b.png', 5, CAST(0.000 AS Decimal(20, 3)), 0, 0, 0)
GO
INSERT [dbo].[users] ([userId], [username], [password], [name], [lastname], [job], [workHours], [createDate], [updateDate], [createUserId], [updateUserId], [phone], [mobile], [email], [address], [isActive], [notes], [isOnline], [image], [groupId], [balance], [balanceType], [isAdmin], [driverIsAvailable]) VALUES (25, N'dina', N'c1d468e8dfc8b763a874f1ba82cf3b3d', N'dina', N'dina', N'admin', N'1', CAST(N'2022-03-26T13:11:00.8192549' AS DateTime2), CAST(N'2022-04-02T14:55:31.5267101' AS DateTime2), 17, 17, NULL, N'+966-897542322', N'', N'', 1, N'', 1, NULL, NULL, CAST(0.000 AS Decimal(20, 3)), 0, 1, 0)
GO
INSERT [dbo].[users] ([userId], [username], [password], [name], [lastname], [job], [workHours], [createDate], [updateDate], [createUserId], [updateUserId], [phone], [mobile], [email], [address], [isActive], [notes], [isOnline], [image], [groupId], [balance], [balanceType], [isAdmin], [driverIsAvailable]) VALUES (26, N'x', N'bfa38ce810bee9e8b07f770b97c4cf19', N'x', N'x', N'Headwaiter', N'8', CAST(N'2022-04-02T13:11:02.1132877' AS DateTime2), CAST(N'2022-04-06T13:49:06.2858172' AS DateTime2), 17, 17, N'+965--987465112', N'+965-023636987', N'', N'', 1, N'', 0, NULL, NULL, CAST(0.000 AS Decimal(20, 3)), 0, 0, 0)
GO
INSERT [dbo].[users] ([userId], [username], [password], [name], [lastname], [job], [workHours], [createDate], [updateDate], [createUserId], [updateUserId], [phone], [mobile], [email], [address], [isActive], [notes], [isOnline], [image], [groupId], [balance], [balanceType], [isAdmin], [driverIsAvailable]) VALUES (27, N'driver1', N'98aa95acf98b89cf0a23589ebcceb5c8', N'driver1', N'driver1', N'deliveryEmployee', N'6', CAST(N'2022-04-06T14:58:22.3842763' AS DateTime2), CAST(N'2022-04-13T15:05:14.3952140' AS DateTime2), 17, 17, NULL, N'+965-036369852', N'', N'', 1, N'', 0, NULL, NULL, CAST(0.000 AS Decimal(20, 3)), 0, 0, 1)
GO
INSERT [dbo].[users] ([userId], [username], [password], [name], [lastname], [job], [workHours], [createDate], [updateDate], [createUserId], [updateUserId], [phone], [mobile], [email], [address], [isActive], [notes], [isOnline], [image], [groupId], [balance], [balanceType], [isAdmin], [driverIsAvailable]) VALUES (28, N'driver2', N'950f971cad20e052d0f7749e349d526b', N'driver2', N'driver2', N'deliveryEmployee', N'8', CAST(N'2022-04-06T14:59:28.2689488' AS DateTime2), CAST(N'2022-04-09T15:12:59.2485749' AS DateTime2), 17, 17, NULL, N'+966-654987712', N'', N'', 1, N'', 0, NULL, NULL, CAST(0.000 AS Decimal(20, 3)), 0, 0, 1)
GO
INSERT [dbo].[users] ([userId], [username], [password], [name], [lastname], [job], [workHours], [createDate], [updateDate], [createUserId], [updateUserId], [phone], [mobile], [email], [address], [isActive], [notes], [isOnline], [image], [groupId], [balance], [balanceType], [isAdmin], [driverIsAvailable]) VALUES (29, N'driver3', N'c98c64a2b63ba0090c83c60eb227c783', N'driver3', N'driver3', N'deliveryEmployee', N'5', CAST(N'2022-04-06T15:00:08.2028283' AS DateTime2), CAST(N'2022-04-06T15:00:08.2028283' AS DateTime2), 17, 17, NULL, N'+968-753951185', N'', N'', 1, N'', 0, NULL, NULL, CAST(0.000 AS Decimal(20, 3)), 0, 0, 1)
GO
INSERT [dbo].[users] ([userId], [username], [password], [name], [lastname], [job], [workHours], [createDate], [updateDate], [createUserId], [updateUserId], [phone], [mobile], [email], [address], [isActive], [notes], [isOnline], [image], [groupId], [balance], [balanceType], [isAdmin], [driverIsAvailable]) VALUES (31, N'naji', N'9b43a5e653134fc8350ca9944eadaf2f', N'naji', N'masri', N'admin', N'1', CAST(N'2022-04-13T15:47:17.9034604' AS DateTime2), CAST(N'2022-04-13T16:04:57.4396598' AS DateTime2), 1, 1, NULL, N'+965-965959595', N'najims@gmail.com', N'', 1, N'', 0, NULL, NULL, CAST(0.000 AS Decimal(20, 3)), 0, 0, 0)
GO
SET IDENTITY_INSERT [dbo].[users] OFF
GO
SET IDENTITY_INSERT [dbo].[userSetValues] ON 
GO
INSERT [dbo].[userSetValues] ([id], [userId], [valId], [notes], [createDate], [updateDate], [createUserId], [updateUserId]) VALUES (1, 2, 79, NULL, CAST(N'2021-11-27T14:17:08.0090060' AS DateTime2), CAST(N'2022-03-30T13:01:27.3808733' AS DateTime2), 2, 2)
GO
INSERT [dbo].[userSetValues] ([id], [userId], [valId], [notes], [createDate], [updateDate], [createUserId], [updateUserId]) VALUES (2, 18, 2, NULL, CAST(N'2022-03-20T18:51:46.4520422' AS DateTime2), CAST(N'2022-03-29T18:27:28.8250594' AS DateTime2), 18, 18)
GO
INSERT [dbo].[userSetValues] ([id], [userId], [valId], [notes], [createDate], [updateDate], [createUserId], [updateUserId]) VALUES (3, 2, 1, NULL, CAST(N'2022-03-21T16:45:51.6783168' AS DateTime2), CAST(N'2022-03-21T16:45:51.6783168' AS DateTime2), 2, 2)
GO
INSERT [dbo].[userSetValues] ([id], [userId], [valId], [notes], [createDate], [updateDate], [createUserId], [updateUserId]) VALUES (4, 2, 2, NULL, CAST(N'2022-03-21T16:45:57.0150446' AS DateTime2), CAST(N'2022-03-21T16:45:57.0150446' AS DateTime2), 2, 2)
GO
INSERT [dbo].[userSetValues] ([id], [userId], [valId], [notes], [createDate], [updateDate], [createUserId], [updateUserId]) VALUES (5, 2, 1, NULL, CAST(N'2022-03-21T16:46:13.0192440' AS DateTime2), CAST(N'2022-03-21T16:46:13.0192440' AS DateTime2), 2, 2)
GO
INSERT [dbo].[userSetValues] ([id], [userId], [valId], [notes], [createDate], [updateDate], [createUserId], [updateUserId]) VALUES (6, 2, 2, NULL, CAST(N'2022-03-21T16:46:17.8991929' AS DateTime2), CAST(N'2022-03-21T16:46:17.8991929' AS DateTime2), 2, 2)
GO
INSERT [dbo].[userSetValues] ([id], [userId], [valId], [notes], [createDate], [updateDate], [createUserId], [updateUserId]) VALUES (7, 2, 1, NULL, CAST(N'2022-03-21T16:46:27.1584332' AS DateTime2), CAST(N'2022-03-21T16:46:27.1584332' AS DateTime2), 2, 2)
GO
INSERT [dbo].[userSetValues] ([id], [userId], [valId], [notes], [createDate], [updateDate], [createUserId], [updateUserId]) VALUES (11, 18, 84, N'', CAST(N'2022-03-22T17:42:02.4177504' AS DateTime2), CAST(N'2022-03-27T13:00:31.3561640' AS DateTime2), 18, 18)
GO
INSERT [dbo].[userSetValues] ([id], [userId], [valId], [notes], [createDate], [updateDate], [createUserId], [updateUserId]) VALUES (12, 2, 84, N'home', CAST(N'2022-03-29T16:49:56.4857120' AS DateTime2), CAST(N'2022-03-30T15:14:09.2116102' AS DateTime2), 2, 2)
GO
INSERT [dbo].[userSetValues] ([id], [userId], [valId], [notes], [createDate], [updateDate], [createUserId], [updateUserId]) VALUES (13, 17, 1, NULL, CAST(N'2022-04-06T13:46:02.9430651' AS DateTime2), CAST(N'2022-04-06T13:46:02.9430651' AS DateTime2), 17, 17)
GO
INSERT [dbo].[userSetValues] ([id], [userId], [valId], [notes], [createDate], [updateDate], [createUserId], [updateUserId]) VALUES (14, 17, 1, NULL, CAST(N'2022-04-06T13:46:08.8138720' AS DateTime2), CAST(N'2022-04-14T11:22:33.9973747' AS DateTime2), 17, 17)
GO
INSERT [dbo].[userSetValues] ([id], [userId], [valId], [notes], [createDate], [updateDate], [createUserId], [updateUserId]) VALUES (15, 17, 84, N'home', CAST(N'2022-04-06T13:49:47.1285347' AS DateTime2), CAST(N'2022-04-06T13:50:24.6138315' AS DateTime2), 17, 17)
GO
INSERT [dbo].[userSetValues] ([id], [userId], [valId], [notes], [createDate], [updateDate], [createUserId], [updateUserId]) VALUES (47, 18, 164, NULL, CAST(N'2022-04-12T16:34:29.0314761' AS DateTime2), CAST(N'2022-04-13T16:25:04.2644036' AS DateTime2), 18, 18)
GO
INSERT [dbo].[userSetValues] ([id], [userId], [valId], [notes], [createDate], [updateDate], [createUserId], [updateUserId]) VALUES (48, 2, 165, NULL, CAST(N'2022-04-13T11:36:51.1209522' AS DateTime2), CAST(N'2022-04-17T14:24:18.7014612' AS DateTime2), 2, 2)
GO
INSERT [dbo].[userSetValues] ([id], [userId], [valId], [notes], [createDate], [updateDate], [createUserId], [updateUserId]) VALUES (49, 1, 169, NULL, CAST(N'2022-04-13T15:43:35.8127344' AS DateTime2), CAST(N'2022-04-13T15:43:35.8127344' AS DateTime2), 1, 1)
GO
INSERT [dbo].[userSetValues] ([id], [userId], [valId], [notes], [createDate], [updateDate], [createUserId], [updateUserId]) VALUES (50, 17, 170, NULL, CAST(N'2022-04-14T11:23:08.9887356' AS DateTime2), CAST(N'2022-04-14T11:23:08.9887356' AS DateTime2), 17, 17)
GO
SET IDENTITY_INSERT [dbo].[userSetValues] OFF
GO
SET IDENTITY_INSERT [dbo].[usersLogs] ON 
GO
INSERT [dbo].[usersLogs] ([logId], [sInDate], [sOutDate], [posId], [userId]) VALUES (446, CAST(N'2022-04-14T16:04:08.3113094' AS DateTime2), CAST(N'2022-04-16T11:27:42.7113700' AS DateTime2), 1, 18)
GO
INSERT [dbo].[usersLogs] ([logId], [sInDate], [sOutDate], [posId], [userId]) VALUES (447, CAST(N'2022-04-14T16:24:59.6321067' AS DateTime2), CAST(N'2022-04-14T16:27:33.9734255' AS DateTime2), 1, 2)
GO
INSERT [dbo].[usersLogs] ([logId], [sInDate], [sOutDate], [posId], [userId]) VALUES (448, CAST(N'2022-04-14T16:28:50.2034235' AS DateTime2), CAST(N'2022-04-14T16:29:13.5480193' AS DateTime2), 1, 2)
GO
INSERT [dbo].[usersLogs] ([logId], [sInDate], [sOutDate], [posId], [userId]) VALUES (449, CAST(N'2022-04-14T16:33:03.8035176' AS DateTime2), CAST(N'2022-04-14T16:34:07.7056920' AS DateTime2), 1, 2)
GO
INSERT [dbo].[usersLogs] ([logId], [sInDate], [sOutDate], [posId], [userId]) VALUES (450, CAST(N'2022-04-14T16:37:47.6050129' AS DateTime2), CAST(N'2022-04-14T16:38:48.8344808' AS DateTime2), 1, 2)
GO
INSERT [dbo].[usersLogs] ([logId], [sInDate], [sOutDate], [posId], [userId]) VALUES (451, CAST(N'2022-04-14T16:41:03.0761755' AS DateTime2), CAST(N'2022-04-16T11:27:42.7163575' AS DateTime2), 1, 18)
GO
INSERT [dbo].[usersLogs] ([logId], [sInDate], [sOutDate], [posId], [userId]) VALUES (452, CAST(N'2022-04-14T16:46:38.2781064' AS DateTime2), CAST(N'2022-04-16T11:27:42.7193475' AS DateTime2), 1, 18)
GO
INSERT [dbo].[usersLogs] ([logId], [sInDate], [sOutDate], [posId], [userId]) VALUES (453, CAST(N'2022-04-14T16:52:13.5089551' AS DateTime2), CAST(N'2022-04-14T16:53:22.1803842' AS DateTime2), 1, 18)
GO
INSERT [dbo].[usersLogs] ([logId], [sInDate], [sOutDate], [posId], [userId]) VALUES (454, CAST(N'2022-04-14T16:55:17.2517686' AS DateTime2), CAST(N'2022-04-14T16:55:52.2841194' AS DateTime2), 1, 18)
GO
INSERT [dbo].[usersLogs] ([logId], [sInDate], [sOutDate], [posId], [userId]) VALUES (455, CAST(N'2022-04-14T17:01:01.6022404' AS DateTime2), CAST(N'2022-04-16T11:27:42.7203466' AS DateTime2), 1, 18)
GO
INSERT [dbo].[usersLogs] ([logId], [sInDate], [sOutDate], [posId], [userId]) VALUES (456, CAST(N'2022-04-14T17:04:42.9505263' AS DateTime2), CAST(N'2022-04-14T17:04:53.6589010' AS DateTime2), 1, 2)
GO
INSERT [dbo].[usersLogs] ([logId], [sInDate], [sOutDate], [posId], [userId]) VALUES (457, CAST(N'2022-04-14T17:05:00.4237784' AS DateTime2), CAST(N'2022-04-14T17:05:40.4507774' AS DateTime2), 1, 2)
GO
INSERT [dbo].[usersLogs] ([logId], [sInDate], [sOutDate], [posId], [userId]) VALUES (458, CAST(N'2022-04-14T17:11:31.5631097' AS DateTime2), CAST(N'2022-04-16T11:27:42.7223433' AS DateTime2), 1, 18)
GO
INSERT [dbo].[usersLogs] ([logId], [sInDate], [sOutDate], [posId], [userId]) VALUES (459, CAST(N'2022-04-16T11:27:42.5517966' AS DateTime2), CAST(N'2022-04-17T11:11:39.3597395' AS DateTime2), 1, 17)
GO
INSERT [dbo].[usersLogs] ([logId], [sInDate], [sOutDate], [posId], [userId]) VALUES (460, CAST(N'2022-04-16T11:34:13.1459359' AS DateTime2), CAST(N'2022-04-16T11:34:37.9109206' AS DateTime2), 1, 17)
GO
INSERT [dbo].[usersLogs] ([logId], [sInDate], [sOutDate], [posId], [userId]) VALUES (461, CAST(N'2022-04-16T11:36:40.8918358' AS DateTime2), CAST(N'2022-04-17T11:11:39.3647270' AS DateTime2), 1, 17)
GO
INSERT [dbo].[usersLogs] ([logId], [sInDate], [sOutDate], [posId], [userId]) VALUES (462, CAST(N'2022-04-16T11:39:46.0499778' AS DateTime2), CAST(N'2022-04-17T11:11:39.3687169' AS DateTime2), 1, 17)
GO
INSERT [dbo].[usersLogs] ([logId], [sInDate], [sOutDate], [posId], [userId]) VALUES (463, CAST(N'2022-04-16T11:41:44.4696470' AS DateTime2), CAST(N'2022-04-17T11:11:39.3707090' AS DateTime2), 1, 17)
GO
INSERT [dbo].[usersLogs] ([logId], [sInDate], [sOutDate], [posId], [userId]) VALUES (464, CAST(N'2022-04-16T11:49:59.3654684' AS DateTime2), CAST(N'2022-04-17T11:11:39.3727049' AS DateTime2), 1, 17)
GO
INSERT [dbo].[usersLogs] ([logId], [sInDate], [sOutDate], [posId], [userId]) VALUES (465, CAST(N'2022-04-16T11:51:46.0707375' AS DateTime2), CAST(N'2022-04-17T11:11:39.3746997' AS DateTime2), 1, 17)
GO
INSERT [dbo].[usersLogs] ([logId], [sInDate], [sOutDate], [posId], [userId]) VALUES (466, CAST(N'2022-04-16T11:56:11.6509248' AS DateTime2), CAST(N'2022-04-17T11:11:39.3766937' AS DateTime2), 1, 17)
GO
INSERT [dbo].[usersLogs] ([logId], [sInDate], [sOutDate], [posId], [userId]) VALUES (467, CAST(N'2022-04-16T12:01:18.0414875' AS DateTime2), CAST(N'2022-04-17T11:11:39.3786873' AS DateTime2), 1, 17)
GO
INSERT [dbo].[usersLogs] ([logId], [sInDate], [sOutDate], [posId], [userId]) VALUES (468, CAST(N'2022-04-16T12:05:04.7524346' AS DateTime2), CAST(N'2022-04-16T12:10:28.3075101' AS DateTime2), 1, 17)
GO
INSERT [dbo].[usersLogs] ([logId], [sInDate], [sOutDate], [posId], [userId]) VALUES (469, CAST(N'2022-04-16T12:10:37.9133556' AS DateTime2), CAST(N'2022-04-17T11:11:39.3816793' AS DateTime2), 1, 17)
GO
INSERT [dbo].[usersLogs] ([logId], [sInDate], [sOutDate], [posId], [userId]) VALUES (470, CAST(N'2022-04-16T12:12:41.8161367' AS DateTime2), CAST(N'2022-04-17T11:11:39.3836774' AS DateTime2), 1, 17)
GO
INSERT [dbo].[usersLogs] ([logId], [sInDate], [sOutDate], [posId], [userId]) VALUES (471, CAST(N'2022-04-16T12:13:02.4290317' AS DateTime2), CAST(N'2022-04-16T12:13:23.7969110' AS DateTime2), 1, 2)
GO
INSERT [dbo].[usersLogs] ([logId], [sInDate], [sOutDate], [posId], [userId]) VALUES (472, CAST(N'2022-04-16T12:13:10.7258529' AS DateTime2), CAST(N'2022-04-16T12:19:07.1487028' AS DateTime2), 1, 17)
GO
INSERT [dbo].[usersLogs] ([logId], [sInDate], [sOutDate], [posId], [userId]) VALUES (473, CAST(N'2022-04-16T12:19:16.8487692' AS DateTime2), CAST(N'2022-04-16T12:19:43.0826412' AS DateTime2), 1, 2)
GO
INSERT [dbo].[usersLogs] ([logId], [sInDate], [sOutDate], [posId], [userId]) VALUES (474, CAST(N'2022-04-16T12:24:04.1393373' AS DateTime2), CAST(N'2022-04-17T11:11:39.3856699' AS DateTime2), 1, 17)
GO
INSERT [dbo].[usersLogs] ([logId], [sInDate], [sOutDate], [posId], [userId]) VALUES (475, CAST(N'2022-04-16T12:30:39.2978742' AS DateTime2), CAST(N'2022-04-16T12:35:59.0560542' AS DateTime2), 1, 17)
GO
INSERT [dbo].[usersLogs] ([logId], [sInDate], [sOutDate], [posId], [userId]) VALUES (476, CAST(N'2022-04-16T12:37:39.1055989' AS DateTime2), CAST(N'2022-04-16T12:40:49.0159256' AS DateTime2), 1, 2)
GO
INSERT [dbo].[usersLogs] ([logId], [sInDate], [sOutDate], [posId], [userId]) VALUES (477, CAST(N'2022-04-16T12:44:10.5817724' AS DateTime2), CAST(N'2022-04-16T12:50:45.3409129' AS DateTime2), 1, 2)
GO
INSERT [dbo].[usersLogs] ([logId], [sInDate], [sOutDate], [posId], [userId]) VALUES (478, CAST(N'2022-04-16T13:21:48.8245228' AS DateTime2), CAST(N'2022-04-16T13:22:11.1189279' AS DateTime2), 1, 17)
GO
INSERT [dbo].[usersLogs] ([logId], [sInDate], [sOutDate], [posId], [userId]) VALUES (479, CAST(N'2022-04-16T13:26:33.1674112' AS DateTime2), CAST(N'2022-04-16T13:26:57.6459752' AS DateTime2), 1, 17)
GO
INSERT [dbo].[usersLogs] ([logId], [sInDate], [sOutDate], [posId], [userId]) VALUES (480, CAST(N'2022-04-16T13:29:24.7217807' AS DateTime2), CAST(N'2022-04-17T11:11:39.3886611' AS DateTime2), 1, 17)
GO
INSERT [dbo].[usersLogs] ([logId], [sInDate], [sOutDate], [posId], [userId]) VALUES (481, CAST(N'2022-04-16T13:38:37.3358095' AS DateTime2), CAST(N'2022-04-17T11:11:39.3906566' AS DateTime2), 1, 2)
GO
INSERT [dbo].[usersLogs] ([logId], [sInDate], [sOutDate], [posId], [userId]) VALUES (482, CAST(N'2022-04-16T13:40:56.2728021' AS DateTime2), CAST(N'2022-04-17T11:11:39.3936471' AS DateTime2), 1, 17)
GO
INSERT [dbo].[usersLogs] ([logId], [sInDate], [sOutDate], [posId], [userId]) VALUES (483, CAST(N'2022-04-16T13:43:48.6827425' AS DateTime2), CAST(N'2022-04-17T11:11:39.3966405' AS DateTime2), 1, 17)
GO
INSERT [dbo].[usersLogs] ([logId], [sInDate], [sOutDate], [posId], [userId]) VALUES (484, CAST(N'2022-04-16T13:45:17.8733154' AS DateTime2), CAST(N'2022-04-17T11:11:39.3976374' AS DateTime2), 1, 17)
GO
INSERT [dbo].[usersLogs] ([logId], [sInDate], [sOutDate], [posId], [userId]) VALUES (485, CAST(N'2022-04-16T13:46:14.0870438' AS DateTime2), CAST(N'2022-04-17T11:11:39.3996325' AS DateTime2), 1, 17)
GO
INSERT [dbo].[usersLogs] ([logId], [sInDate], [sOutDate], [posId], [userId]) VALUES (486, CAST(N'2022-04-16T13:48:19.9246506' AS DateTime2), CAST(N'2022-04-17T11:11:39.4016269' AS DateTime2), 1, 17)
GO
INSERT [dbo].[usersLogs] ([logId], [sInDate], [sOutDate], [posId], [userId]) VALUES (487, CAST(N'2022-04-16T13:50:07.9189589' AS DateTime2), CAST(N'2022-04-17T11:11:39.4056160' AS DateTime2), 1, 17)
GO
INSERT [dbo].[usersLogs] ([logId], [sInDate], [sOutDate], [posId], [userId]) VALUES (488, CAST(N'2022-04-16T13:51:30.1890304' AS DateTime2), CAST(N'2022-04-16T13:57:08.6033742' AS DateTime2), 1, 17)
GO
INSERT [dbo].[usersLogs] ([logId], [sInDate], [sOutDate], [posId], [userId]) VALUES (489, CAST(N'2022-04-16T14:01:08.6925577' AS DateTime2), CAST(N'2022-04-16T14:01:42.4193984' AS DateTime2), 1, 17)
GO
INSERT [dbo].[usersLogs] ([logId], [sInDate], [sOutDate], [posId], [userId]) VALUES (490, CAST(N'2022-04-16T14:04:54.9108273' AS DateTime2), CAST(N'2022-04-16T14:08:34.6569979' AS DateTime2), 1, 17)
GO
INSERT [dbo].[usersLogs] ([logId], [sInDate], [sOutDate], [posId], [userId]) VALUES (491, CAST(N'2022-04-16T14:06:58.4506652' AS DateTime2), CAST(N'2022-04-16T14:10:48.9190850' AS DateTime2), 1, 2)
GO
INSERT [dbo].[usersLogs] ([logId], [sInDate], [sOutDate], [posId], [userId]) VALUES (492, CAST(N'2022-04-16T14:09:23.5213726' AS DateTime2), CAST(N'2022-04-16T14:12:16.1552051' AS DateTime2), 1, 17)
GO
INSERT [dbo].[usersLogs] ([logId], [sInDate], [sOutDate], [posId], [userId]) VALUES (493, CAST(N'2022-04-16T14:15:12.3446917' AS DateTime2), CAST(N'2022-04-16T14:16:29.7614358' AS DateTime2), 1, 17)
GO
INSERT [dbo].[usersLogs] ([logId], [sInDate], [sOutDate], [posId], [userId]) VALUES (494, CAST(N'2022-04-16T14:20:44.9313062' AS DateTime2), CAST(N'2022-04-17T11:11:39.4086072' AS DateTime2), 1, 17)
GO
INSERT [dbo].[usersLogs] ([logId], [sInDate], [sOutDate], [posId], [userId]) VALUES (495, CAST(N'2022-04-16T14:24:48.1665964' AS DateTime2), CAST(N'2022-04-17T11:11:39.4115996' AS DateTime2), 1, 17)
GO
INSERT [dbo].[usersLogs] ([logId], [sInDate], [sOutDate], [posId], [userId]) VALUES (496, CAST(N'2022-04-16T14:34:51.0450212' AS DateTime2), CAST(N'2022-04-16T14:35:25.9537017' AS DateTime2), 1, 17)
GO
INSERT [dbo].[usersLogs] ([logId], [sInDate], [sOutDate], [posId], [userId]) VALUES (497, CAST(N'2022-04-16T14:35:52.8617731' AS DateTime2), CAST(N'2022-04-17T11:11:39.4145915' AS DateTime2), 1, 17)
GO
INSERT [dbo].[usersLogs] ([logId], [sInDate], [sOutDate], [posId], [userId]) VALUES (498, CAST(N'2022-04-16T14:41:13.1691806' AS DateTime2), CAST(N'2022-04-16T14:42:13.4091452' AS DateTime2), 1, 17)
GO
INSERT [dbo].[usersLogs] ([logId], [sInDate], [sOutDate], [posId], [userId]) VALUES (499, CAST(N'2022-04-16T14:50:26.6889949' AS DateTime2), CAST(N'2022-04-16T14:51:03.6816068' AS DateTime2), 1, 17)
GO
INSERT [dbo].[usersLogs] ([logId], [sInDate], [sOutDate], [posId], [userId]) VALUES (500, CAST(N'2022-04-16T14:52:45.0783571' AS DateTime2), CAST(N'2022-04-16T14:54:05.8902816' AS DateTime2), 1, 17)
GO
INSERT [dbo].[usersLogs] ([logId], [sInDate], [sOutDate], [posId], [userId]) VALUES (501, CAST(N'2022-04-16T14:59:48.8766675' AS DateTime2), CAST(N'2022-04-17T11:11:39.4185814' AS DateTime2), 1, 17)
GO
INSERT [dbo].[usersLogs] ([logId], [sInDate], [sOutDate], [posId], [userId]) VALUES (502, CAST(N'2022-04-16T15:01:30.5683063' AS DateTime2), CAST(N'2022-04-16T15:02:17.0763858' AS DateTime2), 1, 17)
GO
INSERT [dbo].[usersLogs] ([logId], [sInDate], [sOutDate], [posId], [userId]) VALUES (503, CAST(N'2022-04-16T15:02:49.5272855' AS DateTime2), CAST(N'2022-04-16T15:03:52.1328852' AS DateTime2), 1, 17)
GO
INSERT [dbo].[usersLogs] ([logId], [sInDate], [sOutDate], [posId], [userId]) VALUES (504, CAST(N'2022-04-16T15:06:43.2823606' AS DateTime2), CAST(N'2022-04-16T15:07:14.7831542' AS DateTime2), 1, 17)
GO
INSERT [dbo].[usersLogs] ([logId], [sInDate], [sOutDate], [posId], [userId]) VALUES (505, CAST(N'2022-04-16T15:08:24.7850595' AS DateTime2), CAST(N'2022-04-16T15:09:03.9866626' AS DateTime2), 1, 17)
GO
INSERT [dbo].[usersLogs] ([logId], [sInDate], [sOutDate], [posId], [userId]) VALUES (506, CAST(N'2022-04-16T16:37:31.7698977' AS DateTime2), CAST(N'2022-04-17T11:11:39.4205750' AS DateTime2), 1, 2)
GO
INSERT [dbo].[usersLogs] ([logId], [sInDate], [sOutDate], [posId], [userId]) VALUES (507, CAST(N'2022-04-16T17:02:02.2600670' AS DateTime2), CAST(N'2022-04-17T11:11:39.4235678' AS DateTime2), 1, 2)
GO
INSERT [dbo].[usersLogs] ([logId], [sInDate], [sOutDate], [posId], [userId]) VALUES (508, CAST(N'2022-04-16T17:02:38.7011183' AS DateTime2), CAST(N'2022-04-17T11:11:39.4275573' AS DateTime2), 1, 2)
GO
INSERT [dbo].[usersLogs] ([logId], [sInDate], [sOutDate], [posId], [userId]) VALUES (509, CAST(N'2022-04-16T17:03:30.1446431' AS DateTime2), CAST(N'2022-04-16T17:04:17.1410334' AS DateTime2), 1, 2)
GO
INSERT [dbo].[usersLogs] ([logId], [sInDate], [sOutDate], [posId], [userId]) VALUES (510, CAST(N'2022-04-16T17:06:20.4304430' AS DateTime2), CAST(N'2022-04-16T17:09:01.6783909' AS DateTime2), 1, 2)
GO
INSERT [dbo].[usersLogs] ([logId], [sInDate], [sOutDate], [posId], [userId]) VALUES (511, CAST(N'2022-04-16T17:22:40.2355635' AS DateTime2), CAST(N'2022-04-16T17:30:10.6764316' AS DateTime2), 1, 2)
GO
INSERT [dbo].[usersLogs] ([logId], [sInDate], [sOutDate], [posId], [userId]) VALUES (512, CAST(N'2022-04-17T11:11:39.2350720' AS DateTime2), CAST(N'2022-04-18T13:02:58.4177786' AS DateTime2), 1, 2)
GO
INSERT [dbo].[usersLogs] ([logId], [sInDate], [sOutDate], [posId], [userId]) VALUES (513, CAST(N'2022-04-17T11:16:36.8236106' AS DateTime2), CAST(N'2022-04-17T11:21:37.7990343' AS DateTime2), 1, 2)
GO
INSERT [dbo].[usersLogs] ([logId], [sInDate], [sOutDate], [posId], [userId]) VALUES (514, CAST(N'2022-04-17T11:22:46.2726447' AS DateTime2), CAST(N'2022-04-18T13:02:58.4177786' AS DateTime2), 1, 17)
GO
INSERT [dbo].[usersLogs] ([logId], [sInDate], [sOutDate], [posId], [userId]) VALUES (515, CAST(N'2022-04-17T11:23:49.6362348' AS DateTime2), CAST(N'2022-04-17T11:25:12.1178821' AS DateTime2), 1, 17)
GO
INSERT [dbo].[usersLogs] ([logId], [sInDate], [sOutDate], [posId], [userId]) VALUES (516, CAST(N'2022-04-17T11:51:47.1758952' AS DateTime2), CAST(N'2022-04-17T11:52:20.3286891' AS DateTime2), 1, 17)
GO
INSERT [dbo].[usersLogs] ([logId], [sInDate], [sOutDate], [posId], [userId]) VALUES (517, CAST(N'2022-04-17T11:54:06.3429183' AS DateTime2), CAST(N'2022-04-17T12:02:34.6059331' AS DateTime2), 1, 17)
GO
INSERT [dbo].[usersLogs] ([logId], [sInDate], [sOutDate], [posId], [userId]) VALUES (518, CAST(N'2022-04-17T12:07:13.6303385' AS DateTime2), CAST(N'2022-04-18T13:02:58.4334007' AS DateTime2), 1, 18)
GO
INSERT [dbo].[usersLogs] ([logId], [sInDate], [sOutDate], [posId], [userId]) VALUES (519, CAST(N'2022-04-17T12:10:06.2311735' AS DateTime2), CAST(N'2022-04-17T12:27:16.0452494' AS DateTime2), 1, 2)
GO
INSERT [dbo].[usersLogs] ([logId], [sInDate], [sOutDate], [posId], [userId]) VALUES (520, CAST(N'2022-04-17T12:10:28.3291014' AS DateTime2), CAST(N'2022-04-17T12:10:59.4369417' AS DateTime2), 1, 17)
GO
INSERT [dbo].[usersLogs] ([logId], [sInDate], [sOutDate], [posId], [userId]) VALUES (521, CAST(N'2022-04-17T12:12:26.8373010' AS DateTime2), CAST(N'2022-04-18T13:02:58.4334007' AS DateTime2), 1, 17)
GO
INSERT [dbo].[usersLogs] ([logId], [sInDate], [sOutDate], [posId], [userId]) VALUES (522, CAST(N'2022-04-17T12:14:34.8461035' AS DateTime2), CAST(N'2022-04-17T12:15:41.4380892' AS DateTime2), 1, 17)
GO
INSERT [dbo].[usersLogs] ([logId], [sInDate], [sOutDate], [posId], [userId]) VALUES (523, CAST(N'2022-04-17T12:19:50.9730245' AS DateTime2), CAST(N'2022-04-18T13:02:58.4334007' AS DateTime2), 1, 17)
GO
INSERT [dbo].[usersLogs] ([logId], [sInDate], [sOutDate], [posId], [userId]) VALUES (524, CAST(N'2022-04-17T12:20:26.1370224' AS DateTime2), CAST(N'2022-04-18T13:02:58.4334007' AS DateTime2), 1, 17)
GO
INSERT [dbo].[usersLogs] ([logId], [sInDate], [sOutDate], [posId], [userId]) VALUES (525, CAST(N'2022-04-17T12:22:09.0519069' AS DateTime2), CAST(N'2022-04-17T12:22:37.6205376' AS DateTime2), 1, 17)
GO
INSERT [dbo].[usersLogs] ([logId], [sInDate], [sOutDate], [posId], [userId]) VALUES (526, CAST(N'2022-04-17T12:25:35.0681803' AS DateTime2), CAST(N'2022-04-17T12:27:54.1375016' AS DateTime2), 1, 17)
GO
INSERT [dbo].[usersLogs] ([logId], [sInDate], [sOutDate], [posId], [userId]) VALUES (527, CAST(N'2022-04-17T12:29:01.7373069' AS DateTime2), CAST(N'2022-04-17T12:29:22.7676289' AS DateTime2), 1, 17)
GO
INSERT [dbo].[usersLogs] ([logId], [sInDate], [sOutDate], [posId], [userId]) VALUES (528, CAST(N'2022-04-17T12:30:21.3154893' AS DateTime2), CAST(N'2022-04-17T12:31:10.0545311' AS DateTime2), 1, 17)
GO
INSERT [dbo].[usersLogs] ([logId], [sInDate], [sOutDate], [posId], [userId]) VALUES (529, CAST(N'2022-04-17T12:35:35.1151367' AS DateTime2), CAST(N'2022-04-18T13:02:58.4490212' AS DateTime2), 1, 18)
GO
INSERT [dbo].[usersLogs] ([logId], [sInDate], [sOutDate], [posId], [userId]) VALUES (530, CAST(N'2022-04-17T12:37:04.9373034' AS DateTime2), CAST(N'2022-04-17T12:38:09.9466489' AS DateTime2), 1, 17)
GO
INSERT [dbo].[usersLogs] ([logId], [sInDate], [sOutDate], [posId], [userId]) VALUES (531, CAST(N'2022-04-17T12:43:34.9587266' AS DateTime2), CAST(N'2022-04-17T12:44:13.1489106' AS DateTime2), 1, 17)
GO
INSERT [dbo].[usersLogs] ([logId], [sInDate], [sOutDate], [posId], [userId]) VALUES (532, CAST(N'2022-04-17T12:46:02.3980368' AS DateTime2), CAST(N'2022-04-18T13:02:58.4490212' AS DateTime2), 1, 18)
GO
INSERT [dbo].[usersLogs] ([logId], [sInDate], [sOutDate], [posId], [userId]) VALUES (533, CAST(N'2022-04-17T12:46:40.2402354' AS DateTime2), CAST(N'2022-04-17T12:47:05.8824061' AS DateTime2), 1, 17)
GO
INSERT [dbo].[usersLogs] ([logId], [sInDate], [sOutDate], [posId], [userId]) VALUES (534, CAST(N'2022-04-17T12:53:32.5290719' AS DateTime2), CAST(N'2022-04-17T12:53:56.8205787' AS DateTime2), 1, 17)
GO
INSERT [dbo].[usersLogs] ([logId], [sInDate], [sOutDate], [posId], [userId]) VALUES (535, CAST(N'2022-04-17T12:54:08.0104896' AS DateTime2), CAST(N'2022-04-18T13:02:58.4490212' AS DateTime2), 1, 18)
GO
INSERT [dbo].[usersLogs] ([logId], [sInDate], [sOutDate], [posId], [userId]) VALUES (536, CAST(N'2022-04-17T12:55:15.6724984' AS DateTime2), CAST(N'2022-04-17T12:56:35.4677806' AS DateTime2), 1, 17)
GO
INSERT [dbo].[usersLogs] ([logId], [sInDate], [sOutDate], [posId], [userId]) VALUES (537, CAST(N'2022-04-17T12:59:42.7021378' AS DateTime2), CAST(N'2022-04-18T13:02:58.4490212' AS DateTime2), 1, 18)
GO
INSERT [dbo].[usersLogs] ([logId], [sInDate], [sOutDate], [posId], [userId]) VALUES (538, CAST(N'2022-04-17T13:01:25.5069657' AS DateTime2), CAST(N'2022-04-17T13:13:48.3322252' AS DateTime2), 1, 2)
GO
INSERT [dbo].[usersLogs] ([logId], [sInDate], [sOutDate], [posId], [userId]) VALUES (539, CAST(N'2022-04-17T13:03:11.3141190' AS DateTime2), CAST(N'2022-04-18T13:02:58.4646425' AS DateTime2), 1, 18)
GO
INSERT [dbo].[usersLogs] ([logId], [sInDate], [sOutDate], [posId], [userId]) VALUES (540, CAST(N'2022-04-17T13:10:49.6558671' AS DateTime2), CAST(N'2022-04-17T13:22:54.1704822' AS DateTime2), 1, 18)
GO
INSERT [dbo].[usersLogs] ([logId], [sInDate], [sOutDate], [posId], [userId]) VALUES (541, CAST(N'2022-04-17T13:25:08.2109328' AS DateTime2), CAST(N'2022-04-17T13:31:34.8009916' AS DateTime2), 1, 17)
GO
INSERT [dbo].[usersLogs] ([logId], [sInDate], [sOutDate], [posId], [userId]) VALUES (542, CAST(N'2022-04-17T13:26:10.7635767' AS DateTime2), CAST(N'2022-04-18T13:02:58.4646425' AS DateTime2), 1, 18)
GO
INSERT [dbo].[usersLogs] ([logId], [sInDate], [sOutDate], [posId], [userId]) VALUES (543, CAST(N'2022-04-17T13:32:10.7167551' AS DateTime2), CAST(N'2022-04-17T13:32:54.7861772' AS DateTime2), 1, 18)
GO
INSERT [dbo].[usersLogs] ([logId], [sInDate], [sOutDate], [posId], [userId]) VALUES (544, CAST(N'2022-04-17T13:34:59.0760079' AS DateTime2), CAST(N'2022-04-17T13:35:59.2719349' AS DateTime2), 1, 18)
GO
INSERT [dbo].[usersLogs] ([logId], [sInDate], [sOutDate], [posId], [userId]) VALUES (545, CAST(N'2022-04-17T13:37:06.1772031' AS DateTime2), CAST(N'2022-04-17T13:38:00.0553206' AS DateTime2), 1, 17)
GO
INSERT [dbo].[usersLogs] ([logId], [sInDate], [sOutDate], [posId], [userId]) VALUES (546, CAST(N'2022-04-17T13:40:39.2107206' AS DateTime2), CAST(N'2022-04-17T13:48:29.7120014' AS DateTime2), 6, 17)
GO
INSERT [dbo].[usersLogs] ([logId], [sInDate], [sOutDate], [posId], [userId]) VALUES (547, CAST(N'2022-04-17T13:42:19.6480410' AS DateTime2), CAST(N'2022-04-17T13:43:46.2525261' AS DateTime2), 1, 18)
GO
INSERT [dbo].[usersLogs] ([logId], [sInDate], [sOutDate], [posId], [userId]) VALUES (548, CAST(N'2022-04-17T13:52:06.1517330' AS DateTime2), CAST(N'2022-04-17T14:02:34.6697425' AS DateTime2), 6, 17)
GO
INSERT [dbo].[usersLogs] ([logId], [sInDate], [sOutDate], [posId], [userId]) VALUES (549, CAST(N'2022-04-17T13:58:12.6881783' AS DateTime2), CAST(N'2022-04-17T14:01:19.0763477' AS DateTime2), 1, 18)
GO
INSERT [dbo].[usersLogs] ([logId], [sInDate], [sOutDate], [posId], [userId]) VALUES (550, CAST(N'2022-04-17T14:06:50.5512004' AS DateTime2), CAST(N'2022-04-18T13:02:58.4646425' AS DateTime2), 6, 17)
GO
INSERT [dbo].[usersLogs] ([logId], [sInDate], [sOutDate], [posId], [userId]) VALUES (551, CAST(N'2022-04-17T14:08:26.4347770' AS DateTime2), CAST(N'2022-04-17T14:34:46.2638429' AS DateTime2), 1, 2)
GO
INSERT [dbo].[usersLogs] ([logId], [sInDate], [sOutDate], [posId], [userId]) VALUES (552, CAST(N'2022-04-17T14:11:27.5119724' AS DateTime2), CAST(N'2022-04-18T13:02:58.4646425' AS DateTime2), 6, 17)
GO
INSERT [dbo].[usersLogs] ([logId], [sInDate], [sOutDate], [posId], [userId]) VALUES (553, CAST(N'2022-04-17T14:13:25.1425747' AS DateTime2), CAST(N'2022-04-17T14:18:04.6902776' AS DateTime2), 6, 17)
GO
INSERT [dbo].[usersLogs] ([logId], [sInDate], [sOutDate], [posId], [userId]) VALUES (554, CAST(N'2022-04-17T14:19:03.2108396' AS DateTime2), CAST(N'2022-04-17T14:19:34.0663566' AS DateTime2), 6, 17)
GO
INSERT [dbo].[usersLogs] ([logId], [sInDate], [sOutDate], [posId], [userId]) VALUES (555, CAST(N'2022-04-17T14:27:02.0079058' AS DateTime2), CAST(N'2022-04-18T13:02:58.4802646' AS DateTime2), 1, 18)
GO
INSERT [dbo].[usersLogs] ([logId], [sInDate], [sOutDate], [posId], [userId]) VALUES (556, CAST(N'2022-04-17T14:27:07.3386550' AS DateTime2), CAST(N'2022-04-17T14:34:43.2948091' AS DateTime2), 6, 17)
GO
INSERT [dbo].[usersLogs] ([logId], [sInDate], [sOutDate], [posId], [userId]) VALUES (557, CAST(N'2022-04-17T14:39:19.2271662' AS DateTime2), CAST(N'2022-04-18T13:02:58.4802646' AS DateTime2), 1, 18)
GO
INSERT [dbo].[usersLogs] ([logId], [sInDate], [sOutDate], [posId], [userId]) VALUES (558, CAST(N'2022-04-17T14:39:20.2344731' AS DateTime2), CAST(N'2022-04-17T14:39:46.2529195' AS DateTime2), 6, 17)
GO
INSERT [dbo].[usersLogs] ([logId], [sInDate], [sOutDate], [posId], [userId]) VALUES (559, CAST(N'2022-04-17T14:47:38.2952894' AS DateTime2), CAST(N'2022-04-18T13:02:58.4802646' AS DateTime2), 1, 18)
GO
INSERT [dbo].[usersLogs] ([logId], [sInDate], [sOutDate], [posId], [userId]) VALUES (560, CAST(N'2022-04-17T14:52:21.2871963' AS DateTime2), CAST(N'2022-04-18T13:02:58.4802646' AS DateTime2), 1, 18)
GO
INSERT [dbo].[usersLogs] ([logId], [sInDate], [sOutDate], [posId], [userId]) VALUES (561, CAST(N'2022-04-17T14:54:27.6160731' AS DateTime2), CAST(N'2022-04-17T14:57:43.9099231' AS DateTime2), 1, 2)
GO
INSERT [dbo].[usersLogs] ([logId], [sInDate], [sOutDate], [posId], [userId]) VALUES (562, CAST(N'2022-04-17T14:57:38.0942870' AS DateTime2), CAST(N'2022-04-17T14:58:35.4132571' AS DateTime2), 1, 17)
GO
INSERT [dbo].[usersLogs] ([logId], [sInDate], [sOutDate], [posId], [userId]) VALUES (563, CAST(N'2022-04-17T14:58:05.2346347' AS DateTime2), CAST(N'2022-04-17T14:58:42.8764596' AS DateTime2), 1, 18)
GO
INSERT [dbo].[usersLogs] ([logId], [sInDate], [sOutDate], [posId], [userId]) VALUES (564, CAST(N'2022-04-17T14:59:31.1576874' AS DateTime2), CAST(N'2022-04-17T14:59:58.0970290' AS DateTime2), 1, 17)
GO
INSERT [dbo].[usersLogs] ([logId], [sInDate], [sOutDate], [posId], [userId]) VALUES (565, CAST(N'2022-04-17T15:00:44.1259446' AS DateTime2), CAST(N'2022-04-18T13:02:58.4958851' AS DateTime2), 1, 17)
GO
INSERT [dbo].[usersLogs] ([logId], [sInDate], [sOutDate], [posId], [userId]) VALUES (566, CAST(N'2022-04-17T15:01:12.4209262' AS DateTime2), CAST(N'2022-04-17T15:03:07.9546401' AS DateTime2), 1, 18)
GO
INSERT [dbo].[usersLogs] ([logId], [sInDate], [sOutDate], [posId], [userId]) VALUES (567, CAST(N'2022-04-17T15:03:46.3619888' AS DateTime2), CAST(N'2022-04-17T15:04:37.6520418' AS DateTime2), 1, 18)
GO
INSERT [dbo].[usersLogs] ([logId], [sInDate], [sOutDate], [posId], [userId]) VALUES (568, CAST(N'2022-04-17T15:07:15.5420418' AS DateTime2), CAST(N'2022-04-17T15:07:39.4080390' AS DateTime2), 1, 17)
GO
INSERT [dbo].[usersLogs] ([logId], [sInDate], [sOutDate], [posId], [userId]) VALUES (569, CAST(N'2022-04-17T15:15:14.7389947' AS DateTime2), CAST(N'2022-04-17T15:20:26.2497958' AS DateTime2), 1, 18)
GO
INSERT [dbo].[usersLogs] ([logId], [sInDate], [sOutDate], [posId], [userId]) VALUES (570, CAST(N'2022-04-17T15:36:59.1358806' AS DateTime2), CAST(N'2022-04-17T15:46:14.7281079' AS DateTime2), 1, 18)
GO
INSERT [dbo].[usersLogs] ([logId], [sInDate], [sOutDate], [posId], [userId]) VALUES (571, CAST(N'2022-04-17T15:41:24.8899124' AS DateTime2), CAST(N'2022-04-17T15:51:15.5120441' AS DateTime2), 1, 2)
GO
INSERT [dbo].[usersLogs] ([logId], [sInDate], [sOutDate], [posId], [userId]) VALUES (572, CAST(N'2022-04-17T15:48:41.3381876' AS DateTime2), CAST(N'2022-04-17T15:54:07.6739631' AS DateTime2), 1, 18)
GO
INSERT [dbo].[usersLogs] ([logId], [sInDate], [sOutDate], [posId], [userId]) VALUES (573, CAST(N'2022-04-17T16:00:50.3328278' AS DateTime2), CAST(N'2022-04-18T13:02:58.4958851' AS DateTime2), 1, 18)
GO
INSERT [dbo].[usersLogs] ([logId], [sInDate], [sOutDate], [posId], [userId]) VALUES (574, CAST(N'2022-04-17T16:14:00.1399781' AS DateTime2), CAST(N'2022-04-18T13:02:58.4958851' AS DateTime2), 1, 18)
GO
INSERT [dbo].[usersLogs] ([logId], [sInDate], [sOutDate], [posId], [userId]) VALUES (575, CAST(N'2022-04-17T16:16:42.1060034' AS DateTime2), CAST(N'2022-04-18T13:02:58.4958851' AS DateTime2), 1, 18)
GO
INSERT [dbo].[usersLogs] ([logId], [sInDate], [sOutDate], [posId], [userId]) VALUES (576, CAST(N'2022-04-17T16:23:55.8000420' AS DateTime2), CAST(N'2022-04-18T13:02:58.5115068' AS DateTime2), 1, 18)
GO
INSERT [dbo].[usersLogs] ([logId], [sInDate], [sOutDate], [posId], [userId]) VALUES (577, CAST(N'2022-04-17T16:29:27.1942951' AS DateTime2), CAST(N'2022-04-17T16:30:17.4858607' AS DateTime2), 1, 18)
GO
INSERT [dbo].[usersLogs] ([logId], [sInDate], [sOutDate], [posId], [userId]) VALUES (578, CAST(N'2022-04-17T16:32:31.9105121' AS DateTime2), CAST(N'2022-04-17T16:33:22.0155704' AS DateTime2), 1, 18)
GO
INSERT [dbo].[usersLogs] ([logId], [sInDate], [sOutDate], [posId], [userId]) VALUES (579, CAST(N'2022-04-17T16:34:32.4323303' AS DateTime2), CAST(N'2022-04-18T13:02:58.5115068' AS DateTime2), 1, 18)
GO
INSERT [dbo].[usersLogs] ([logId], [sInDate], [sOutDate], [posId], [userId]) VALUES (580, CAST(N'2022-04-17T16:37:47.1857104' AS DateTime2), CAST(N'2022-04-17T16:38:37.4333837' AS DateTime2), 1, 18)
GO
INSERT [dbo].[usersLogs] ([logId], [sInDate], [sOutDate], [posId], [userId]) VALUES (581, CAST(N'2022-04-17T16:46:07.1661453' AS DateTime2), CAST(N'2022-04-17T16:49:33.7359382' AS DateTime2), 1, 18)
GO
INSERT [dbo].[usersLogs] ([logId], [sInDate], [sOutDate], [posId], [userId]) VALUES (582, CAST(N'2022-04-17T16:54:38.1840777' AS DateTime2), CAST(N'2022-04-18T13:02:58.5115068' AS DateTime2), 1, 18)
GO
INSERT [dbo].[usersLogs] ([logId], [sInDate], [sOutDate], [posId], [userId]) VALUES (583, CAST(N'2022-04-17T16:58:10.6385176' AS DateTime2), CAST(N'2022-04-17T17:04:08.8994116' AS DateTime2), 1, 18)
GO
INSERT [dbo].[usersLogs] ([logId], [sInDate], [sOutDate], [posId], [userId]) VALUES (584, CAST(N'2022-04-17T17:33:06.1560665' AS DateTime2), CAST(N'2022-04-17T17:34:59.0063929' AS DateTime2), 1, 2)
GO
INSERT [dbo].[usersLogs] ([logId], [sInDate], [sOutDate], [posId], [userId]) VALUES (585, CAST(N'2022-04-18T13:02:58.3396718' AS DateTime2), CAST(N'2022-04-18T13:05:30.4685180' AS DateTime2), 1, 18)
GO
INSERT [dbo].[usersLogs] ([logId], [sInDate], [sOutDate], [posId], [userId]) VALUES (586, CAST(N'2022-04-18T13:17:21.8669505' AS DateTime2), CAST(N'2022-04-18T13:21:35.4969416' AS DateTime2), 1, 18)
GO
SET IDENTITY_INSERT [dbo].[usersLogs] OFF
GO
ALTER TABLE [dbo].[agentMembershipCash] ADD  CONSTRAINT [DF_agentMembershipCash_discountValue]  DEFAULT ((0)) FOR [discountValue]
GO
ALTER TABLE [dbo].[agentMembershipCash] ADD  CONSTRAINT [DF_agentMembershipCash_total]  DEFAULT ((0)) FOR [total]
GO
ALTER TABLE [dbo].[agents] ADD  CONSTRAINT [DF_agents_isLimited_1]  DEFAULT ((0)) FOR [isLimited]
GO
ALTER TABLE [dbo].[agents] ADD  CONSTRAINT [DF_agents_canReserve]  DEFAULT ((1)) FOR [canReserve]
GO
ALTER TABLE [dbo].[countriesCodes] ADD  CONSTRAINT [DF_countriesCodes_isDefault]  DEFAULT ((0)) FOR [isDefault]
GO
ALTER TABLE [dbo].[countriesCodes] ADD  CONSTRAINT [DF_countriesCodes_currencyId]  DEFAULT ((0)) FOR [currencyId]
GO
ALTER TABLE [dbo].[dishIngredients] ADD  CONSTRAINT [DF_dishIngredients_isActive]  DEFAULT ((1)) FOR [isActive]
GO
ALTER TABLE [dbo].[inventoryItemLocation] ADD  CONSTRAINT [DF_inventoryItemLocation_isFalls]  DEFAULT ((0)) FOR [isFalls]
GO
ALTER TABLE [dbo].[invoiceClassDiscount] ADD  CONSTRAINT [DF_invoiceClassDiscount_discountValue]  DEFAULT ((0)) FOR [discountValue]
GO
ALTER TABLE [dbo].[invoiceClassDiscount] ADD  CONSTRAINT [DF_invoiceClassDiscount_discountType]  DEFAULT ((0)) FOR [discountType]
GO
ALTER TABLE [dbo].[invoices] ADD  CONSTRAINT [DF_invoices_manualDiscountValue]  DEFAULT ((0)) FOR [manualDiscountValue]
GO
ALTER TABLE [dbo].[invoices] ADD  CONSTRAINT [DF_invoices_isActive]  DEFAULT ((1)) FOR [isActive]
GO
ALTER TABLE [dbo].[invoices] ADD  CONSTRAINT [DF_invoices_cashReturn]  DEFAULT ((0)) FOR [cashReturn]
GO
ALTER TABLE [dbo].[invoices] ADD  CONSTRAINT [DF_invoices_printedcount]  DEFAULT ((0)) FOR [printedcount]
GO
ALTER TABLE [dbo].[invoices] ADD  CONSTRAINT [DF_invoices_isOrginal]  DEFAULT ((1)) FOR [isOrginal]
GO
ALTER TABLE [dbo].[invoices] ADD  CONSTRAINT [DF_invoices_shippingCost]  DEFAULT ((0)) FOR [shippingCost]
GO
ALTER TABLE [dbo].[invoices] ADD  CONSTRAINT [DF_invoices_realShippingCost]  DEFAULT ((0)) FOR [realShippingCost]
GO
ALTER TABLE [dbo].[invoiceTables] ADD  CONSTRAINT [DF_invoiceTables_isActive]  DEFAULT ((1)) FOR [isActive]
GO
ALTER TABLE [dbo].[itemsUnits] ADD  CONSTRAINT [DF_itemsUnits_priceWithService]  DEFAULT ((0)) FOR [priceWithService]
GO
ALTER TABLE [dbo].[itemsUnits] ADD  CONSTRAINT [DF_itemsUnits_isCountable]  DEFAULT ((0)) FOR [isCountable]
GO
ALTER TABLE [dbo].[locations] ADD  CONSTRAINT [DF_locations_isKitchen]  DEFAULT ((0)) FOR [isKitchen]
GO
ALTER TABLE [dbo].[memberships] ADD  CONSTRAINT [DF_memberships_isFreeDelivery]  DEFAULT ((0)) FOR [isFreeDelivery]
GO
ALTER TABLE [dbo].[memberships] ADD  CONSTRAINT [DF_memberships_deliveryDiscountPercent]  DEFAULT ((0)) FOR [deliveryDiscountPercent]
GO
ALTER TABLE [dbo].[menuSettings] ADD  CONSTRAINT [DF_menuSettings_sat]  DEFAULT ((0)) FOR [sat]
GO
ALTER TABLE [dbo].[menuSettings] ADD  CONSTRAINT [DF_menuSettings_sun]  DEFAULT ((0)) FOR [sun]
GO
ALTER TABLE [dbo].[menuSettings] ADD  CONSTRAINT [DF_menuSettings_mon]  DEFAULT ((0)) FOR [mon]
GO
ALTER TABLE [dbo].[menuSettings] ADD  CONSTRAINT [DF_menuSettings_tues]  DEFAULT ((0)) FOR [tues]
GO
ALTER TABLE [dbo].[menuSettings] ADD  CONSTRAINT [DF_menuSettings_wed]  DEFAULT ((0)) FOR [wed]
GO
ALTER TABLE [dbo].[menuSettings] ADD  CONSTRAINT [DF_menuSettings_isActive]  DEFAULT ((1)) FOR [isActive]
GO
ALTER TABLE [dbo].[notificationUser] ADD  CONSTRAINT [DF_notificationUser_isRead]  DEFAULT ((0)) FOR [isRead]
GO
ALTER TABLE [dbo].[packages] ADD  CONSTRAINT [DF_packages_quantity]  DEFAULT ((0)) FOR [quantity]
GO
ALTER TABLE [dbo].[packages] ADD  CONSTRAINT [DF_packages_isActive]  DEFAULT ((1)) FOR [isActive]
GO
ALTER TABLE [dbo].[reservations] ADD  CONSTRAINT [DF_reservations_isActive]  DEFAULT ((1)) FOR [isActive]
GO
ALTER TABLE [dbo].[sections] ADD  CONSTRAINT [DF_sections_isKitchen]  DEFAULT ((0)) FOR [isKitchen]
GO
ALTER TABLE [dbo].[shippingCompanies] ADD  CONSTRAINT [DF_shippingCompanies_balance]  DEFAULT ((0)) FOR [balance]
GO
ALTER TABLE [dbo].[storageCost] ADD  CONSTRAINT [DF_storageCost_cost]  DEFAULT ((0)) FOR [cost]
GO
ALTER TABLE [dbo].[tables] ADD  CONSTRAINT [DF_tables_isActive]  DEFAULT ((1)) FOR [isActive]
GO
ALTER TABLE [dbo].[tablesReservations] ADD  CONSTRAINT [DF_tablesReservations_isActive]  DEFAULT ((1)) FOR [isActive]
GO
ALTER TABLE [dbo].[agentMembershipCash]  WITH CHECK ADD  CONSTRAINT [FK_agentMembershipCash_agents] FOREIGN KEY([agentId])
REFERENCES [dbo].[agents] ([agentId])
GO
ALTER TABLE [dbo].[agentMembershipCash] CHECK CONSTRAINT [FK_agentMembershipCash_agents]
GO
ALTER TABLE [dbo].[agentMembershipCash]  WITH CHECK ADD  CONSTRAINT [FK_agentMembershipCash_cashTransfer] FOREIGN KEY([cashTransId])
REFERENCES [dbo].[cashTransfer] ([cashTransId])
GO
ALTER TABLE [dbo].[agentMembershipCash] CHECK CONSTRAINT [FK_agentMembershipCash_cashTransfer]
GO
ALTER TABLE [dbo].[agentMembershipCash]  WITH CHECK ADD  CONSTRAINT [FK_agentMembershipCash_memberships] FOREIGN KEY([membershipId])
REFERENCES [dbo].[memberships] ([membershipId])
GO
ALTER TABLE [dbo].[agentMembershipCash] CHECK CONSTRAINT [FK_agentMembershipCash_memberships]
GO
ALTER TABLE [dbo].[agentMembershipCash]  WITH CHECK ADD  CONSTRAINT [FK_agentMembershipCash_subscriptionFees] FOREIGN KEY([subscriptionFeesId])
REFERENCES [dbo].[subscriptionFees] ([subscriptionFeesId])
GO
ALTER TABLE [dbo].[agentMembershipCash] CHECK CONSTRAINT [FK_agentMembershipCash_subscriptionFees]
GO
ALTER TABLE [dbo].[agentMembershipCash]  WITH CHECK ADD  CONSTRAINT [FK_agentMembershipCash_users] FOREIGN KEY([createUserId])
REFERENCES [dbo].[users] ([userId])
GO
ALTER TABLE [dbo].[agentMembershipCash] CHECK CONSTRAINT [FK_agentMembershipCash_users]
GO
ALTER TABLE [dbo].[agentMembershipCash]  WITH CHECK ADD  CONSTRAINT [FK_agentMembershipCash_users1] FOREIGN KEY([updateUserId])
REFERENCES [dbo].[users] ([userId])
GO
ALTER TABLE [dbo].[agentMembershipCash] CHECK CONSTRAINT [FK_agentMembershipCash_users1]
GO
ALTER TABLE [dbo].[agents]  WITH CHECK ADD  CONSTRAINT [FK_agents_memberships] FOREIGN KEY([membershipId])
REFERENCES [dbo].[memberships] ([membershipId])
GO
ALTER TABLE [dbo].[agents] CHECK CONSTRAINT [FK_agents_memberships]
GO
ALTER TABLE [dbo].[agents]  WITH CHECK ADD  CONSTRAINT [FK_agents_Points] FOREIGN KEY([pointId])
REFERENCES [dbo].[Points] ([pointId])
GO
ALTER TABLE [dbo].[agents] CHECK CONSTRAINT [FK_agents_Points]
GO
ALTER TABLE [dbo].[agents]  WITH CHECK ADD  CONSTRAINT [FK_agents_residentialSectors] FOREIGN KEY([residentSecId])
REFERENCES [dbo].[residentialSectors] ([residentSecId])
GO
ALTER TABLE [dbo].[agents] CHECK CONSTRAINT [FK_agents_residentialSectors]
GO
ALTER TABLE [dbo].[agents]  WITH CHECK ADD  CONSTRAINT [FK_agents_users] FOREIGN KEY([createUserId])
REFERENCES [dbo].[users] ([userId])
GO
ALTER TABLE [dbo].[agents] CHECK CONSTRAINT [FK_agents_users]
GO
ALTER TABLE [dbo].[agents]  WITH CHECK ADD  CONSTRAINT [FK_agents_users1] FOREIGN KEY([updateUserId])
REFERENCES [dbo].[users] ([userId])
GO
ALTER TABLE [dbo].[agents] CHECK CONSTRAINT [FK_agents_users1]
GO
ALTER TABLE [dbo].[bondes]  WITH CHECK ADD  CONSTRAINT [FK_bondes_cashTransfer] FOREIGN KEY([cashTransId])
REFERENCES [dbo].[cashTransfer] ([cashTransId])
GO
ALTER TABLE [dbo].[bondes] CHECK CONSTRAINT [FK_bondes_cashTransfer]
GO
ALTER TABLE [dbo].[bondes]  WITH CHECK ADD  CONSTRAINT [FK_bondes_users] FOREIGN KEY([createUserId])
REFERENCES [dbo].[users] ([userId])
GO
ALTER TABLE [dbo].[bondes] CHECK CONSTRAINT [FK_bondes_users]
GO
ALTER TABLE [dbo].[bondes]  WITH CHECK ADD  CONSTRAINT [FK_bondes_users1] FOREIGN KEY([updateUserId])
REFERENCES [dbo].[users] ([userId])
GO
ALTER TABLE [dbo].[bondes] CHECK CONSTRAINT [FK_bondes_users1]
GO
ALTER TABLE [dbo].[branches]  WITH CHECK ADD  CONSTRAINT [FK_branches_users] FOREIGN KEY([createUserId])
REFERENCES [dbo].[users] ([userId])
GO
ALTER TABLE [dbo].[branches] CHECK CONSTRAINT [FK_branches_users]
GO
ALTER TABLE [dbo].[branches]  WITH CHECK ADD  CONSTRAINT [FK_branches_users1] FOREIGN KEY([updateUserId])
REFERENCES [dbo].[users] ([userId])
GO
ALTER TABLE [dbo].[branches] CHECK CONSTRAINT [FK_branches_users1]
GO
ALTER TABLE [dbo].[branchesUsers]  WITH CHECK ADD  CONSTRAINT [FK_branchesUsers_branches] FOREIGN KEY([branchId])
REFERENCES [dbo].[branches] ([branchId])
GO
ALTER TABLE [dbo].[branchesUsers] CHECK CONSTRAINT [FK_branchesUsers_branches]
GO
ALTER TABLE [dbo].[branchesUsers]  WITH CHECK ADD  CONSTRAINT [FK_branchesUsers_users] FOREIGN KEY([userId])
REFERENCES [dbo].[users] ([userId])
GO
ALTER TABLE [dbo].[branchesUsers] CHECK CONSTRAINT [FK_branchesUsers_users]
GO
ALTER TABLE [dbo].[branchStore]  WITH CHECK ADD  CONSTRAINT [FK_branchStore_branches] FOREIGN KEY([branchId])
REFERENCES [dbo].[branches] ([branchId])
GO
ALTER TABLE [dbo].[branchStore] CHECK CONSTRAINT [FK_branchStore_branches]
GO
ALTER TABLE [dbo].[branchStore]  WITH CHECK ADD  CONSTRAINT [FK_branchStore_branches2] FOREIGN KEY([branchId])
REFERENCES [dbo].[branches] ([branchId])
GO
ALTER TABLE [dbo].[branchStore] CHECK CONSTRAINT [FK_branchStore_branches2]
GO
ALTER TABLE [dbo].[branchStore]  WITH CHECK ADD  CONSTRAINT [FK_branchStore_users] FOREIGN KEY([createUserId])
REFERENCES [dbo].[users] ([userId])
GO
ALTER TABLE [dbo].[branchStore] CHECK CONSTRAINT [FK_branchStore_users]
GO
ALTER TABLE [dbo].[branchStore]  WITH CHECK ADD  CONSTRAINT [FK_branchStore_users1] FOREIGN KEY([updateUserId])
REFERENCES [dbo].[users] ([userId])
GO
ALTER TABLE [dbo].[branchStore] CHECK CONSTRAINT [FK_branchStore_users1]
GO
ALTER TABLE [dbo].[cards]  WITH CHECK ADD  CONSTRAINT [FK_cards_users] FOREIGN KEY([createUserId])
REFERENCES [dbo].[users] ([userId])
GO
ALTER TABLE [dbo].[cards] CHECK CONSTRAINT [FK_cards_users]
GO
ALTER TABLE [dbo].[cards]  WITH CHECK ADD  CONSTRAINT [FK_cards_users1] FOREIGN KEY([updateUserId])
REFERENCES [dbo].[users] ([userId])
GO
ALTER TABLE [dbo].[cards] CHECK CONSTRAINT [FK_cards_users1]
GO
ALTER TABLE [dbo].[cashTransfer]  WITH CHECK ADD  CONSTRAINT [FK_cashTransfer_agents] FOREIGN KEY([agentId])
REFERENCES [dbo].[agents] ([agentId])
GO
ALTER TABLE [dbo].[cashTransfer] CHECK CONSTRAINT [FK_cashTransfer_agents]
GO
ALTER TABLE [dbo].[cashTransfer]  WITH CHECK ADD  CONSTRAINT [FK_cashTransfer_banks] FOREIGN KEY([bankId])
REFERENCES [dbo].[banks] ([bankId])
GO
ALTER TABLE [dbo].[cashTransfer] CHECK CONSTRAINT [FK_cashTransfer_banks]
GO
ALTER TABLE [dbo].[cashTransfer]  WITH CHECK ADD  CONSTRAINT [FK_cashTransfer_bondes] FOREIGN KEY([bondId])
REFERENCES [dbo].[bondes] ([bondId])
GO
ALTER TABLE [dbo].[cashTransfer] CHECK CONSTRAINT [FK_cashTransfer_bondes]
GO
ALTER TABLE [dbo].[cashTransfer]  WITH CHECK ADD  CONSTRAINT [FK_cashTransfer_cards] FOREIGN KEY([cardId])
REFERENCES [dbo].[cards] ([cardId])
GO
ALTER TABLE [dbo].[cashTransfer] CHECK CONSTRAINT [FK_cashTransfer_cards]
GO
ALTER TABLE [dbo].[cashTransfer]  WITH CHECK ADD  CONSTRAINT [FK_cashTransfer_cashTransfer] FOREIGN KEY([cashTransIdSource])
REFERENCES [dbo].[cashTransfer] ([cashTransId])
GO
ALTER TABLE [dbo].[cashTransfer] CHECK CONSTRAINT [FK_cashTransfer_cashTransfer]
GO
ALTER TABLE [dbo].[cashTransfer]  WITH CHECK ADD  CONSTRAINT [FK_cashTransfer_invoices] FOREIGN KEY([invId])
REFERENCES [dbo].[invoices] ([invoiceId])
GO
ALTER TABLE [dbo].[cashTransfer] CHECK CONSTRAINT [FK_cashTransfer_invoices]
GO
ALTER TABLE [dbo].[cashTransfer]  WITH CHECK ADD  CONSTRAINT [FK_cashTransfer_pos] FOREIGN KEY([posId])
REFERENCES [dbo].[pos] ([posId])
GO
ALTER TABLE [dbo].[cashTransfer] CHECK CONSTRAINT [FK_cashTransfer_pos]
GO
ALTER TABLE [dbo].[cashTransfer]  WITH CHECK ADD  CONSTRAINT [FK_cashTransfer_pos1] FOREIGN KEY([posIdCreator])
REFERENCES [dbo].[pos] ([posId])
GO
ALTER TABLE [dbo].[cashTransfer] CHECK CONSTRAINT [FK_cashTransfer_pos1]
GO
ALTER TABLE [dbo].[cashTransfer]  WITH CHECK ADD  CONSTRAINT [FK_cashTransfer_shippingCompanies] FOREIGN KEY([shippingCompanyId])
REFERENCES [dbo].[shippingCompanies] ([shippingCompanyId])
GO
ALTER TABLE [dbo].[cashTransfer] CHECK CONSTRAINT [FK_cashTransfer_shippingCompanies]
GO
ALTER TABLE [dbo].[cashTransfer]  WITH CHECK ADD  CONSTRAINT [FK_cashTransfer_users] FOREIGN KEY([updateUserId])
REFERENCES [dbo].[users] ([userId])
GO
ALTER TABLE [dbo].[cashTransfer] CHECK CONSTRAINT [FK_cashTransfer_users]
GO
ALTER TABLE [dbo].[cashTransfer]  WITH CHECK ADD  CONSTRAINT [FK_cashTransfer_users1] FOREIGN KEY([createUserId])
REFERENCES [dbo].[users] ([userId])
GO
ALTER TABLE [dbo].[cashTransfer] CHECK CONSTRAINT [FK_cashTransfer_users1]
GO
ALTER TABLE [dbo].[cashTransfer]  WITH CHECK ADD  CONSTRAINT [FK_cashTransfer_users2] FOREIGN KEY([userId])
REFERENCES [dbo].[users] ([userId])
GO
ALTER TABLE [dbo].[cashTransfer] CHECK CONSTRAINT [FK_cashTransfer_users2]
GO
ALTER TABLE [dbo].[categories]  WITH CHECK ADD  CONSTRAINT [FK_categories_users] FOREIGN KEY([createUserId])
REFERENCES [dbo].[users] ([userId])
GO
ALTER TABLE [dbo].[categories] CHECK CONSTRAINT [FK_categories_users]
GO
ALTER TABLE [dbo].[categories]  WITH CHECK ADD  CONSTRAINT [FK_categories_users1] FOREIGN KEY([updateUserId])
REFERENCES [dbo].[users] ([userId])
GO
ALTER TABLE [dbo].[categories] CHECK CONSTRAINT [FK_categories_users1]
GO
ALTER TABLE [dbo].[cities]  WITH CHECK ADD  CONSTRAINT [FK_cities_countriesCodes] FOREIGN KEY([countryId])
REFERENCES [dbo].[countriesCodes] ([countryId])
GO
ALTER TABLE [dbo].[cities] CHECK CONSTRAINT [FK_cities_countriesCodes]
GO
ALTER TABLE [dbo].[coupons]  WITH CHECK ADD  CONSTRAINT [FK_coupons_users] FOREIGN KEY([createUserId])
REFERENCES [dbo].[users] ([userId])
GO
ALTER TABLE [dbo].[coupons] CHECK CONSTRAINT [FK_coupons_users]
GO
ALTER TABLE [dbo].[coupons]  WITH NOCHECK ADD  CONSTRAINT [FK_coupons_users1] FOREIGN KEY([updateUserId])
REFERENCES [dbo].[users] ([userId])
GO
ALTER TABLE [dbo].[coupons] NOCHECK CONSTRAINT [FK_coupons_users1]
GO
ALTER TABLE [dbo].[couponsInvoices]  WITH CHECK ADD  CONSTRAINT [FK_couponsInvoices_coupons] FOREIGN KEY([couponId])
REFERENCES [dbo].[coupons] ([cId])
GO
ALTER TABLE [dbo].[couponsInvoices] CHECK CONSTRAINT [FK_couponsInvoices_coupons]
GO
ALTER TABLE [dbo].[couponsInvoices]  WITH CHECK ADD  CONSTRAINT [FK_couponsInvoices_invoices] FOREIGN KEY([InvoiceId])
REFERENCES [dbo].[invoices] ([invoiceId])
GO
ALTER TABLE [dbo].[couponsInvoices] CHECK CONSTRAINT [FK_couponsInvoices_invoices]
GO
ALTER TABLE [dbo].[couponsInvoices]  WITH CHECK ADD  CONSTRAINT [FK_couponsInvoices_users] FOREIGN KEY([createUserId])
REFERENCES [dbo].[users] ([userId])
GO
ALTER TABLE [dbo].[couponsInvoices] CHECK CONSTRAINT [FK_couponsInvoices_users]
GO
ALTER TABLE [dbo].[couponsInvoices]  WITH CHECK ADD  CONSTRAINT [FK_couponsInvoices_users1] FOREIGN KEY([updateUserId])
REFERENCES [dbo].[users] ([userId])
GO
ALTER TABLE [dbo].[couponsInvoices] CHECK CONSTRAINT [FK_couponsInvoices_users1]
GO
ALTER TABLE [dbo].[couponsMemberships]  WITH CHECK ADD  CONSTRAINT [FK_couponsMemberships_coupons] FOREIGN KEY([cId])
REFERENCES [dbo].[coupons] ([cId])
GO
ALTER TABLE [dbo].[couponsMemberships] CHECK CONSTRAINT [FK_couponsMemberships_coupons]
GO
ALTER TABLE [dbo].[couponsMemberships]  WITH CHECK ADD  CONSTRAINT [FK_couponsMemberships_memberships] FOREIGN KEY([membershipId])
REFERENCES [dbo].[memberships] ([membershipId])
GO
ALTER TABLE [dbo].[couponsMemberships] CHECK CONSTRAINT [FK_couponsMemberships_memberships]
GO
ALTER TABLE [dbo].[couponsMemberships]  WITH CHECK ADD  CONSTRAINT [FK_couponsMemberships_users] FOREIGN KEY([createUserId])
REFERENCES [dbo].[users] ([userId])
GO
ALTER TABLE [dbo].[couponsMemberships] CHECK CONSTRAINT [FK_couponsMemberships_users]
GO
ALTER TABLE [dbo].[couponsMemberships]  WITH CHECK ADD  CONSTRAINT [FK_couponsMemberships_users1] FOREIGN KEY([updateUserId])
REFERENCES [dbo].[users] ([userId])
GO
ALTER TABLE [dbo].[couponsMemberships] CHECK CONSTRAINT [FK_couponsMemberships_users1]
GO
ALTER TABLE [dbo].[dishIngredients]  WITH CHECK ADD  CONSTRAINT [FK_dishIngredients_itemsUnits] FOREIGN KEY([itemUnitId])
REFERENCES [dbo].[itemsUnits] ([itemUnitId])
GO
ALTER TABLE [dbo].[dishIngredients] CHECK CONSTRAINT [FK_dishIngredients_itemsUnits]
GO
ALTER TABLE [dbo].[dishIngredients]  WITH CHECK ADD  CONSTRAINT [FK_dishIngredients_users] FOREIGN KEY([createUserId])
REFERENCES [dbo].[users] ([userId])
GO
ALTER TABLE [dbo].[dishIngredients] CHECK CONSTRAINT [FK_dishIngredients_users]
GO
ALTER TABLE [dbo].[dishIngredients]  WITH CHECK ADD  CONSTRAINT [FK_dishIngredients_users1] FOREIGN KEY([updateUserId])
REFERENCES [dbo].[users] ([userId])
GO
ALTER TABLE [dbo].[dishIngredients] CHECK CONSTRAINT [FK_dishIngredients_users1]
GO
ALTER TABLE [dbo].[docImages]  WITH CHECK ADD  CONSTRAINT [FK_docImages_users] FOREIGN KEY([createUserId])
REFERENCES [dbo].[users] ([userId])
GO
ALTER TABLE [dbo].[docImages] CHECK CONSTRAINT [FK_docImages_users]
GO
ALTER TABLE [dbo].[docImages]  WITH CHECK ADD  CONSTRAINT [FK_docImages_users1] FOREIGN KEY([updateUserId])
REFERENCES [dbo].[users] ([userId])
GO
ALTER TABLE [dbo].[docImages] CHECK CONSTRAINT [FK_docImages_users1]
GO
ALTER TABLE [dbo].[error]  WITH CHECK ADD  CONSTRAINT [FK_error_branches] FOREIGN KEY([branchId])
REFERENCES [dbo].[branches] ([branchId])
GO
ALTER TABLE [dbo].[error] CHECK CONSTRAINT [FK_error_branches]
GO
ALTER TABLE [dbo].[error]  WITH CHECK ADD  CONSTRAINT [FK_error_pos] FOREIGN KEY([posId])
REFERENCES [dbo].[pos] ([posId])
GO
ALTER TABLE [dbo].[error] CHECK CONSTRAINT [FK_error_pos]
GO
ALTER TABLE [dbo].[error]  WITH CHECK ADD  CONSTRAINT [FK_error_users] FOREIGN KEY([createUserId])
REFERENCES [dbo].[users] ([userId])
GO
ALTER TABLE [dbo].[error] CHECK CONSTRAINT [FK_error_users]
GO
ALTER TABLE [dbo].[Expenses]  WITH CHECK ADD  CONSTRAINT [FK_Expenses_users] FOREIGN KEY([createUserId])
REFERENCES [dbo].[users] ([userId])
GO
ALTER TABLE [dbo].[Expenses] CHECK CONSTRAINT [FK_Expenses_users]
GO
ALTER TABLE [dbo].[groupObject]  WITH CHECK ADD  CONSTRAINT [FK_groupObject_objects] FOREIGN KEY([objectId])
REFERENCES [dbo].[objects] ([objectId])
GO
ALTER TABLE [dbo].[groupObject] CHECK CONSTRAINT [FK_groupObject_objects]
GO
ALTER TABLE [dbo].[groupObject]  WITH CHECK ADD  CONSTRAINT [FK_groupObject_users] FOREIGN KEY([createUserId])
REFERENCES [dbo].[users] ([userId])
GO
ALTER TABLE [dbo].[groupObject] CHECK CONSTRAINT [FK_groupObject_users]
GO
ALTER TABLE [dbo].[groupObject]  WITH CHECK ADD  CONSTRAINT [FK_groupObject_users1] FOREIGN KEY([updateUserId])
REFERENCES [dbo].[users] ([userId])
GO
ALTER TABLE [dbo].[groupObject] CHECK CONSTRAINT [FK_groupObject_users1]
GO
ALTER TABLE [dbo].[groups]  WITH CHECK ADD  CONSTRAINT [FK_groups_users1] FOREIGN KEY([updateUserId])
REFERENCES [dbo].[users] ([userId])
GO
ALTER TABLE [dbo].[groups] CHECK CONSTRAINT [FK_groups_users1]
GO
ALTER TABLE [dbo].[groups]  WITH CHECK ADD  CONSTRAINT [FK_groups_users2] FOREIGN KEY([createUserId])
REFERENCES [dbo].[users] ([userId])
GO
ALTER TABLE [dbo].[groups] CHECK CONSTRAINT [FK_groups_users2]
GO
ALTER TABLE [dbo].[hallSections]  WITH CHECK ADD  CONSTRAINT [FK_hallSections_branches] FOREIGN KEY([branchId])
REFERENCES [dbo].[branches] ([branchId])
GO
ALTER TABLE [dbo].[hallSections] CHECK CONSTRAINT [FK_hallSections_branches]
GO
ALTER TABLE [dbo].[Inventory]  WITH CHECK ADD  CONSTRAINT [FK_Inventory_branches] FOREIGN KEY([branchId])
REFERENCES [dbo].[branches] ([branchId])
GO
ALTER TABLE [dbo].[Inventory] CHECK CONSTRAINT [FK_Inventory_branches]
GO
ALTER TABLE [dbo].[Inventory]  WITH CHECK ADD  CONSTRAINT [FK_Inventory_pos] FOREIGN KEY([posId])
REFERENCES [dbo].[pos] ([posId])
GO
ALTER TABLE [dbo].[Inventory] CHECK CONSTRAINT [FK_Inventory_pos]
GO
ALTER TABLE [dbo].[Inventory]  WITH CHECK ADD  CONSTRAINT [FK_Inventory_users] FOREIGN KEY([createUserId])
REFERENCES [dbo].[users] ([userId])
GO
ALTER TABLE [dbo].[Inventory] CHECK CONSTRAINT [FK_Inventory_users]
GO
ALTER TABLE [dbo].[Inventory]  WITH CHECK ADD  CONSTRAINT [FK_Inventory_users1] FOREIGN KEY([updateUserId])
REFERENCES [dbo].[users] ([userId])
GO
ALTER TABLE [dbo].[Inventory] CHECK CONSTRAINT [FK_Inventory_users1]
GO
ALTER TABLE [dbo].[inventoryItemLocation]  WITH CHECK ADD  CONSTRAINT [FK_inventoryItemLocation_Inventory] FOREIGN KEY([inventoryId])
REFERENCES [dbo].[Inventory] ([inventoryId])
GO
ALTER TABLE [dbo].[inventoryItemLocation] CHECK CONSTRAINT [FK_inventoryItemLocation_Inventory]
GO
ALTER TABLE [dbo].[inventoryItemLocation]  WITH CHECK ADD  CONSTRAINT [FK_inventoryItemLocation_itemsLocations] FOREIGN KEY([itemLocationId])
REFERENCES [dbo].[itemsLocations] ([itemsLocId])
GO
ALTER TABLE [dbo].[inventoryItemLocation] CHECK CONSTRAINT [FK_inventoryItemLocation_itemsLocations]
GO
ALTER TABLE [dbo].[inventoryItemLocation]  WITH CHECK ADD  CONSTRAINT [FK_inventoryItemLocation_users] FOREIGN KEY([createUserId])
REFERENCES [dbo].[users] ([userId])
GO
ALTER TABLE [dbo].[inventoryItemLocation] CHECK CONSTRAINT [FK_inventoryItemLocation_users]
GO
ALTER TABLE [dbo].[inventoryItemLocation]  WITH CHECK ADD  CONSTRAINT [FK_inventoryItemLocation_users1] FOREIGN KEY([updateUserId])
REFERENCES [dbo].[users] ([userId])
GO
ALTER TABLE [dbo].[inventoryItemLocation] CHECK CONSTRAINT [FK_inventoryItemLocation_users1]
GO
ALTER TABLE [dbo].[invoiceClassDiscount]  WITH CHECK ADD  CONSTRAINT [FK_invoiceClassDiscount_invoices] FOREIGN KEY([invoiceId])
REFERENCES [dbo].[invoices] ([invoiceId])
GO
ALTER TABLE [dbo].[invoiceClassDiscount] CHECK CONSTRAINT [FK_invoiceClassDiscount_invoices]
GO
ALTER TABLE [dbo].[invoiceClassDiscount]  WITH CHECK ADD  CONSTRAINT [FK_invoiceClassDiscount_invoicesClass] FOREIGN KEY([invClassId])
REFERENCES [dbo].[invoicesClass] ([invClassId])
GO
ALTER TABLE [dbo].[invoiceClassDiscount] CHECK CONSTRAINT [FK_invoiceClassDiscount_invoicesClass]
GO
ALTER TABLE [dbo].[invoiceOrder]  WITH CHECK ADD  CONSTRAINT [FK_invoiceOrder_invoices] FOREIGN KEY([invoiceId])
REFERENCES [dbo].[invoices] ([invoiceId])
GO
ALTER TABLE [dbo].[invoiceOrder] CHECK CONSTRAINT [FK_invoiceOrder_invoices]
GO
ALTER TABLE [dbo].[invoiceOrder]  WITH CHECK ADD  CONSTRAINT [FK_invoiceOrder_invoices1] FOREIGN KEY([orderId])
REFERENCES [dbo].[invoices] ([invoiceId])
GO
ALTER TABLE [dbo].[invoiceOrder] CHECK CONSTRAINT [FK_invoiceOrder_invoices1]
GO
ALTER TABLE [dbo].[invoiceOrder]  WITH CHECK ADD  CONSTRAINT [FK_invoiceOrder_itemsTransfer] FOREIGN KEY([itemsTransferId])
REFERENCES [dbo].[itemsTransfer] ([itemsTransId])
GO
ALTER TABLE [dbo].[invoiceOrder] CHECK CONSTRAINT [FK_invoiceOrder_itemsTransfer]
GO
ALTER TABLE [dbo].[invoices]  WITH CHECK ADD  CONSTRAINT [FK_invoices_agents] FOREIGN KEY([agentId])
REFERENCES [dbo].[agents] ([agentId])
GO
ALTER TABLE [dbo].[invoices] CHECK CONSTRAINT [FK_invoices_agents]
GO
ALTER TABLE [dbo].[invoices]  WITH CHECK ADD  CONSTRAINT [FK_invoices_branches] FOREIGN KEY([branchId])
REFERENCES [dbo].[branches] ([branchId])
GO
ALTER TABLE [dbo].[invoices] CHECK CONSTRAINT [FK_invoices_branches]
GO
ALTER TABLE [dbo].[invoices]  WITH CHECK ADD  CONSTRAINT [FK_invoices_branches1] FOREIGN KEY([branchCreatorId])
REFERENCES [dbo].[branches] ([branchId])
GO
ALTER TABLE [dbo].[invoices] CHECK CONSTRAINT [FK_invoices_branches1]
GO
ALTER TABLE [dbo].[invoices]  WITH CHECK ADD  CONSTRAINT [FK_invoices_invoices] FOREIGN KEY([invoiceMainId])
REFERENCES [dbo].[invoices] ([invoiceId])
GO
ALTER TABLE [dbo].[invoices] CHECK CONSTRAINT [FK_invoices_invoices]
GO
ALTER TABLE [dbo].[invoices]  WITH CHECK ADD  CONSTRAINT [FK_invoices_memberships] FOREIGN KEY([membershipId])
REFERENCES [dbo].[memberships] ([membershipId])
GO
ALTER TABLE [dbo].[invoices] CHECK CONSTRAINT [FK_invoices_memberships]
GO
ALTER TABLE [dbo].[invoices]  WITH CHECK ADD  CONSTRAINT [FK_invoices_pos] FOREIGN KEY([posId])
REFERENCES [dbo].[pos] ([posId])
GO
ALTER TABLE [dbo].[invoices] CHECK CONSTRAINT [FK_invoices_pos]
GO
ALTER TABLE [dbo].[invoices]  WITH CHECK ADD  CONSTRAINT [FK_invoices_reservations] FOREIGN KEY([reservationId])
REFERENCES [dbo].[reservations] ([reservationId])
GO
ALTER TABLE [dbo].[invoices] CHECK CONSTRAINT [FK_invoices_reservations]
GO
ALTER TABLE [dbo].[invoices]  WITH CHECK ADD  CONSTRAINT [FK_invoices_shippingCompanies] FOREIGN KEY([shippingCompanyId])
REFERENCES [dbo].[shippingCompanies] ([shippingCompanyId])
GO
ALTER TABLE [dbo].[invoices] CHECK CONSTRAINT [FK_invoices_shippingCompanies]
GO
ALTER TABLE [dbo].[invoices]  WITH CHECK ADD  CONSTRAINT [FK_invoices_users] FOREIGN KEY([updateUserId])
REFERENCES [dbo].[users] ([userId])
GO
ALTER TABLE [dbo].[invoices] CHECK CONSTRAINT [FK_invoices_users]
GO
ALTER TABLE [dbo].[invoices]  WITH CHECK ADD  CONSTRAINT [FK_invoices_users1] FOREIGN KEY([createUserId])
REFERENCES [dbo].[users] ([userId])
GO
ALTER TABLE [dbo].[invoices] CHECK CONSTRAINT [FK_invoices_users1]
GO
ALTER TABLE [dbo].[invoices]  WITH CHECK ADD  CONSTRAINT [FK_invoices_users2] FOREIGN KEY([createUserId])
REFERENCES [dbo].[users] ([userId])
GO
ALTER TABLE [dbo].[invoices] CHECK CONSTRAINT [FK_invoices_users2]
GO
ALTER TABLE [dbo].[invoices]  WITH CHECK ADD  CONSTRAINT [FK_invoices_users3] FOREIGN KEY([updateUserId])
REFERENCES [dbo].[users] ([userId])
GO
ALTER TABLE [dbo].[invoices] CHECK CONSTRAINT [FK_invoices_users3]
GO
ALTER TABLE [dbo].[invoices]  WITH CHECK ADD  CONSTRAINT [FK_invoices_users4] FOREIGN KEY([shipUserId])
REFERENCES [dbo].[users] ([userId])
GO
ALTER TABLE [dbo].[invoices] CHECK CONSTRAINT [FK_invoices_users4]
GO
ALTER TABLE [dbo].[invoices]  WITH CHECK ADD  CONSTRAINT [FK_invoices_users5] FOREIGN KEY([userId])
REFERENCES [dbo].[users] ([userId])
GO
ALTER TABLE [dbo].[invoices] CHECK CONSTRAINT [FK_invoices_users5]
GO
ALTER TABLE [dbo].[invoices]  WITH CHECK ADD  CONSTRAINT [FK_invoices_waiters] FOREIGN KEY([waiterId])
REFERENCES [dbo].[users] ([userId])
GO
ALTER TABLE [dbo].[invoices] CHECK CONSTRAINT [FK_invoices_waiters]
GO
ALTER TABLE [dbo].[invoicesClassMemberships]  WITH CHECK ADD  CONSTRAINT [FK_invoicesClassMemberships_invoicesClass] FOREIGN KEY([invClassId])
REFERENCES [dbo].[invoicesClass] ([invClassId])
GO
ALTER TABLE [dbo].[invoicesClassMemberships] CHECK CONSTRAINT [FK_invoicesClassMemberships_invoicesClass]
GO
ALTER TABLE [dbo].[invoicesClassMemberships]  WITH CHECK ADD  CONSTRAINT [FK_invoicesClassMemberships_memberships] FOREIGN KEY([membershipId])
REFERENCES [dbo].[memberships] ([membershipId])
GO
ALTER TABLE [dbo].[invoicesClassMemberships] CHECK CONSTRAINT [FK_invoicesClassMemberships_memberships]
GO
ALTER TABLE [dbo].[invoicesClassMemberships]  WITH CHECK ADD  CONSTRAINT [FK_invoicesClassMemberships_users] FOREIGN KEY([createUserId])
REFERENCES [dbo].[users] ([userId])
GO
ALTER TABLE [dbo].[invoicesClassMemberships] CHECK CONSTRAINT [FK_invoicesClassMemberships_users]
GO
ALTER TABLE [dbo].[invoicesClassMemberships]  WITH CHECK ADD  CONSTRAINT [FK_invoicesClassMemberships_users1] FOREIGN KEY([updateUserId])
REFERENCES [dbo].[users] ([userId])
GO
ALTER TABLE [dbo].[invoicesClassMemberships] CHECK CONSTRAINT [FK_invoicesClassMemberships_users1]
GO
ALTER TABLE [dbo].[invoiceStatus]  WITH CHECK ADD  CONSTRAINT [FK_invoiceStatus_invoices] FOREIGN KEY([invoiceId])
REFERENCES [dbo].[invoices] ([invoiceId])
GO
ALTER TABLE [dbo].[invoiceStatus] CHECK CONSTRAINT [FK_invoiceStatus_invoices]
GO
ALTER TABLE [dbo].[invoiceStatus]  WITH CHECK ADD  CONSTRAINT [FK_invoiceStatus_users] FOREIGN KEY([createUserId])
REFERENCES [dbo].[users] ([userId])
GO
ALTER TABLE [dbo].[invoiceStatus] CHECK CONSTRAINT [FK_invoiceStatus_users]
GO
ALTER TABLE [dbo].[invoiceStatus]  WITH CHECK ADD  CONSTRAINT [FK_invoiceStatus_users1] FOREIGN KEY([updateUserId])
REFERENCES [dbo].[users] ([userId])
GO
ALTER TABLE [dbo].[invoiceStatus] CHECK CONSTRAINT [FK_invoiceStatus_users1]
GO
ALTER TABLE [dbo].[invoiceTables]  WITH CHECK ADD  CONSTRAINT [FK_invoiceTables_invoices] FOREIGN KEY([invoiceId])
REFERENCES [dbo].[invoices] ([invoiceId])
GO
ALTER TABLE [dbo].[invoiceTables] CHECK CONSTRAINT [FK_invoiceTables_invoices]
GO
ALTER TABLE [dbo].[invoiceTables]  WITH CHECK ADD  CONSTRAINT [FK_invoiceTables_tables] FOREIGN KEY([tableId])
REFERENCES [dbo].[tables] ([tableId])
GO
ALTER TABLE [dbo].[invoiceTables] CHECK CONSTRAINT [FK_invoiceTables_tables]
GO
ALTER TABLE [dbo].[invoiceTables]  WITH CHECK ADD  CONSTRAINT [FK_invoiceTables_updateUsers] FOREIGN KEY([updateUserId])
REFERENCES [dbo].[users] ([userId])
GO
ALTER TABLE [dbo].[invoiceTables] CHECK CONSTRAINT [FK_invoiceTables_updateUsers]
GO
ALTER TABLE [dbo].[invoiceTables]  WITH CHECK ADD  CONSTRAINT [FK_invoiceTables_users] FOREIGN KEY([createUserId])
REFERENCES [dbo].[users] ([userId])
GO
ALTER TABLE [dbo].[invoiceTables] CHECK CONSTRAINT [FK_invoiceTables_users]
GO
ALTER TABLE [dbo].[itemOrderPreparing]  WITH CHECK ADD  CONSTRAINT [FK_itemOrderPreparing_itemsUnits] FOREIGN KEY([itemUnitId])
REFERENCES [dbo].[itemsUnits] ([itemUnitId])
GO
ALTER TABLE [dbo].[itemOrderPreparing] CHECK CONSTRAINT [FK_itemOrderPreparing_itemsUnits]
GO
ALTER TABLE [dbo].[itemOrderPreparing]  WITH CHECK ADD  CONSTRAINT [FK_itemOrderPreparing_orderPreparing] FOREIGN KEY([orderPreparingId])
REFERENCES [dbo].[orderPreparing] ([orderPreparingId])
GO
ALTER TABLE [dbo].[itemOrderPreparing] CHECK CONSTRAINT [FK_itemOrderPreparing_orderPreparing]
GO
ALTER TABLE [dbo].[itemOrderPreparing]  WITH CHECK ADD  CONSTRAINT [FK_itemOrderPreparing_users] FOREIGN KEY([createUserId])
REFERENCES [dbo].[users] ([userId])
GO
ALTER TABLE [dbo].[itemOrderPreparing] CHECK CONSTRAINT [FK_itemOrderPreparing_users]
GO
ALTER TABLE [dbo].[itemOrderPreparing]  WITH CHECK ADD  CONSTRAINT [FK_itemOrderPreparing_users1] FOREIGN KEY([updateUserId])
REFERENCES [dbo].[users] ([userId])
GO
ALTER TABLE [dbo].[itemOrderPreparing] CHECK CONSTRAINT [FK_itemOrderPreparing_users1]
GO
ALTER TABLE [dbo].[items]  WITH CHECK ADD  CONSTRAINT [FK_items_categories] FOREIGN KEY([categoryId])
REFERENCES [dbo].[categories] ([categoryId])
GO
ALTER TABLE [dbo].[items] CHECK CONSTRAINT [FK_items_categories]
GO
ALTER TABLE [dbo].[items]  WITH CHECK ADD  CONSTRAINT [FK_items_tags] FOREIGN KEY([tagId])
REFERENCES [dbo].[tags] ([tagId])
GO
ALTER TABLE [dbo].[items] CHECK CONSTRAINT [FK_items_tags]
GO
ALTER TABLE [dbo].[items]  WITH CHECK ADD  CONSTRAINT [FK_items_units] FOREIGN KEY([minUnitId])
REFERENCES [dbo].[units] ([unitId])
GO
ALTER TABLE [dbo].[items] CHECK CONSTRAINT [FK_items_units]
GO
ALTER TABLE [dbo].[items]  WITH CHECK ADD  CONSTRAINT [FK_items_units1] FOREIGN KEY([maxUnitId])
REFERENCES [dbo].[units] ([unitId])
GO
ALTER TABLE [dbo].[items] CHECK CONSTRAINT [FK_items_units1]
GO
ALTER TABLE [dbo].[items]  WITH CHECK ADD  CONSTRAINT [FK_items_users] FOREIGN KEY([createUserId])
REFERENCES [dbo].[users] ([userId])
GO
ALTER TABLE [dbo].[items] CHECK CONSTRAINT [FK_items_users]
GO
ALTER TABLE [dbo].[items]  WITH CHECK ADD  CONSTRAINT [FK_items_users1] FOREIGN KEY([updateUserId])
REFERENCES [dbo].[users] ([userId])
GO
ALTER TABLE [dbo].[items] CHECK CONSTRAINT [FK_items_users1]
GO
ALTER TABLE [dbo].[items]  WITH CHECK ADD  CONSTRAINT [FK_items_users2] FOREIGN KEY([createUserId])
REFERENCES [dbo].[users] ([userId])
GO
ALTER TABLE [dbo].[items] CHECK CONSTRAINT [FK_items_users2]
GO
ALTER TABLE [dbo].[items]  WITH CHECK ADD  CONSTRAINT [FK_items_users3] FOREIGN KEY([updateUserId])
REFERENCES [dbo].[users] ([userId])
GO
ALTER TABLE [dbo].[items] CHECK CONSTRAINT [FK_items_users3]
GO
ALTER TABLE [dbo].[itemsLocations]  WITH CHECK ADD  CONSTRAINT [FK_itemsLocations_invoices] FOREIGN KEY([invoiceId])
REFERENCES [dbo].[invoices] ([invoiceId])
GO
ALTER TABLE [dbo].[itemsLocations] CHECK CONSTRAINT [FK_itemsLocations_invoices]
GO
ALTER TABLE [dbo].[itemsLocations]  WITH CHECK ADD  CONSTRAINT [FK_itemsLocations_itemsUnits] FOREIGN KEY([itemUnitId])
REFERENCES [dbo].[itemsUnits] ([itemUnitId])
GO
ALTER TABLE [dbo].[itemsLocations] CHECK CONSTRAINT [FK_itemsLocations_itemsUnits]
GO
ALTER TABLE [dbo].[itemsLocations]  WITH CHECK ADD  CONSTRAINT [FK_itemsLocations_locations] FOREIGN KEY([locationId])
REFERENCES [dbo].[locations] ([locationId])
GO
ALTER TABLE [dbo].[itemsLocations] CHECK CONSTRAINT [FK_itemsLocations_locations]
GO
ALTER TABLE [dbo].[itemsLocations]  WITH CHECK ADD  CONSTRAINT [FK_itemsLocations_users] FOREIGN KEY([createUserId])
REFERENCES [dbo].[users] ([userId])
GO
ALTER TABLE [dbo].[itemsLocations] CHECK CONSTRAINT [FK_itemsLocations_users]
GO
ALTER TABLE [dbo].[itemsLocations]  WITH CHECK ADD  CONSTRAINT [FK_itemsLocations_users1] FOREIGN KEY([updateUserId])
REFERENCES [dbo].[users] ([userId])
GO
ALTER TABLE [dbo].[itemsLocations] CHECK CONSTRAINT [FK_itemsLocations_users1]
GO
ALTER TABLE [dbo].[itemsLocations]  WITH CHECK ADD  CONSTRAINT [FK_itemsLocations_users2] FOREIGN KEY([createUserId])
REFERENCES [dbo].[users] ([userId])
GO
ALTER TABLE [dbo].[itemsLocations] CHECK CONSTRAINT [FK_itemsLocations_users2]
GO
ALTER TABLE [dbo].[itemsLocations]  WITH CHECK ADD  CONSTRAINT [FK_itemsLocations_users3] FOREIGN KEY([updateUserId])
REFERENCES [dbo].[users] ([userId])
GO
ALTER TABLE [dbo].[itemsLocations] CHECK CONSTRAINT [FK_itemsLocations_users3]
GO
ALTER TABLE [dbo].[itemsMaterials]  WITH CHECK ADD  CONSTRAINT [FK_itemsMaterials_items] FOREIGN KEY([itemId])
REFERENCES [dbo].[items] ([itemId])
GO
ALTER TABLE [dbo].[itemsMaterials] CHECK CONSTRAINT [FK_itemsMaterials_items]
GO
ALTER TABLE [dbo].[itemsMaterials]  WITH CHECK ADD  CONSTRAINT [FK_itemsMaterials_items1] FOREIGN KEY([materialId])
REFERENCES [dbo].[items] ([itemId])
GO
ALTER TABLE [dbo].[itemsMaterials] CHECK CONSTRAINT [FK_itemsMaterials_items1]
GO
ALTER TABLE [dbo].[itemsMaterials]  WITH CHECK ADD  CONSTRAINT [FK_itemsMaterials_units] FOREIGN KEY([unitId])
REFERENCES [dbo].[units] ([unitId])
GO
ALTER TABLE [dbo].[itemsMaterials] CHECK CONSTRAINT [FK_itemsMaterials_units]
GO
ALTER TABLE [dbo].[itemsOffers]  WITH CHECK ADD  CONSTRAINT [FK_itemsOffers_itemsUnits] FOREIGN KEY([iuId])
REFERENCES [dbo].[itemsUnits] ([itemUnitId])
GO
ALTER TABLE [dbo].[itemsOffers] CHECK CONSTRAINT [FK_itemsOffers_itemsUnits]
GO
ALTER TABLE [dbo].[itemsOffers]  WITH CHECK ADD  CONSTRAINT [FK_itemsOffers_offers] FOREIGN KEY([offerId])
REFERENCES [dbo].[offers] ([offerId])
GO
ALTER TABLE [dbo].[itemsOffers] CHECK CONSTRAINT [FK_itemsOffers_offers]
GO
ALTER TABLE [dbo].[itemsOffers]  WITH CHECK ADD  CONSTRAINT [FK_itemsOffers_users] FOREIGN KEY([createUserId])
REFERENCES [dbo].[users] ([userId])
GO
ALTER TABLE [dbo].[itemsOffers] CHECK CONSTRAINT [FK_itemsOffers_users]
GO
ALTER TABLE [dbo].[itemsOffers]  WITH CHECK ADD  CONSTRAINT [FK_itemsOffers_users1] FOREIGN KEY([updateUserId])
REFERENCES [dbo].[users] ([userId])
GO
ALTER TABLE [dbo].[itemsOffers] CHECK CONSTRAINT [FK_itemsOffers_users1]
GO
ALTER TABLE [dbo].[itemsProp]  WITH CHECK ADD  CONSTRAINT [FK_itemsProp_items] FOREIGN KEY([itemId])
REFERENCES [dbo].[items] ([itemId])
GO
ALTER TABLE [dbo].[itemsProp] CHECK CONSTRAINT [FK_itemsProp_items]
GO
ALTER TABLE [dbo].[itemsProp]  WITH CHECK ADD  CONSTRAINT [FK_itemsProp_propertiesItems] FOREIGN KEY([propertyItemId])
REFERENCES [dbo].[propertiesItems] ([propertyItemId])
GO
ALTER TABLE [dbo].[itemsProp] CHECK CONSTRAINT [FK_itemsProp_propertiesItems]
GO
ALTER TABLE [dbo].[itemsProp]  WITH CHECK ADD  CONSTRAINT [FK_itemsProp_users] FOREIGN KEY([createUserId])
REFERENCES [dbo].[users] ([userId])
GO
ALTER TABLE [dbo].[itemsProp] CHECK CONSTRAINT [FK_itemsProp_users]
GO
ALTER TABLE [dbo].[itemsProp]  WITH CHECK ADD  CONSTRAINT [FK_itemsProp_users1] FOREIGN KEY([updateUserId])
REFERENCES [dbo].[users] ([userId])
GO
ALTER TABLE [dbo].[itemsProp] CHECK CONSTRAINT [FK_itemsProp_users1]
GO
ALTER TABLE [dbo].[itemsTransfer]  WITH CHECK ADD  CONSTRAINT [FK_itemsTransfer_inventoryItemLocation] FOREIGN KEY([inventoryItemLocId])
REFERENCES [dbo].[inventoryItemLocation] ([id])
GO
ALTER TABLE [dbo].[itemsTransfer] CHECK CONSTRAINT [FK_itemsTransfer_inventoryItemLocation]
GO
ALTER TABLE [dbo].[itemsTransfer]  WITH CHECK ADD  CONSTRAINT [FK_itemsTransfer_invoices] FOREIGN KEY([invoiceId])
REFERENCES [dbo].[invoices] ([invoiceId])
GO
ALTER TABLE [dbo].[itemsTransfer] CHECK CONSTRAINT [FK_itemsTransfer_invoices]
GO
ALTER TABLE [dbo].[itemsTransfer]  WITH CHECK ADD  CONSTRAINT [FK_itemsTransfer_itemsUnits] FOREIGN KEY([itemUnitId])
REFERENCES [dbo].[itemsUnits] ([itemUnitId])
GO
ALTER TABLE [dbo].[itemsTransfer] CHECK CONSTRAINT [FK_itemsTransfer_itemsUnits]
GO
ALTER TABLE [dbo].[itemsTransfer]  WITH CHECK ADD  CONSTRAINT [FK_itemsTransfer_offers] FOREIGN KEY([offerId])
REFERENCES [dbo].[offers] ([offerId])
GO
ALTER TABLE [dbo].[itemsTransfer] CHECK CONSTRAINT [FK_itemsTransfer_offers]
GO
ALTER TABLE [dbo].[itemsUnits]  WITH CHECK ADD  CONSTRAINT [FK_itemsUnits_items] FOREIGN KEY([itemId])
REFERENCES [dbo].[items] ([itemId])
GO
ALTER TABLE [dbo].[itemsUnits] CHECK CONSTRAINT [FK_itemsUnits_items]
GO
ALTER TABLE [dbo].[itemsUnits]  WITH CHECK ADD  CONSTRAINT [FK_itemsUnits_storageCost] FOREIGN KEY([storageCostId])
REFERENCES [dbo].[storageCost] ([storageCostId])
GO
ALTER TABLE [dbo].[itemsUnits] CHECK CONSTRAINT [FK_itemsUnits_storageCost]
GO
ALTER TABLE [dbo].[itemsUnits]  WITH CHECK ADD  CONSTRAINT [FK_itemsUnits_units] FOREIGN KEY([unitId])
REFERENCES [dbo].[units] ([unitId])
GO
ALTER TABLE [dbo].[itemsUnits] CHECK CONSTRAINT [FK_itemsUnits_units]
GO
ALTER TABLE [dbo].[itemsUnits]  WITH CHECK ADD  CONSTRAINT [FK_itemsUnits_users] FOREIGN KEY([createUserId])
REFERENCES [dbo].[users] ([userId])
GO
ALTER TABLE [dbo].[itemsUnits] CHECK CONSTRAINT [FK_itemsUnits_users]
GO
ALTER TABLE [dbo].[itemsUnits]  WITH CHECK ADD  CONSTRAINT [FK_itemsUnits_users1] FOREIGN KEY([updateUserId])
REFERENCES [dbo].[users] ([userId])
GO
ALTER TABLE [dbo].[itemsUnits] CHECK CONSTRAINT [FK_itemsUnits_users1]
GO
ALTER TABLE [dbo].[itemTransferOffer]  WITH CHECK ADD  CONSTRAINT [FK_itemTransferOffer_itemsTransfer] FOREIGN KEY([itemTransId])
REFERENCES [dbo].[itemsTransfer] ([itemsTransId])
GO
ALTER TABLE [dbo].[itemTransferOffer] CHECK CONSTRAINT [FK_itemTransferOffer_itemsTransfer]
GO
ALTER TABLE [dbo].[itemTransferOffer]  WITH CHECK ADD  CONSTRAINT [FK_itemTransferOffer_offers] FOREIGN KEY([offerId])
REFERENCES [dbo].[offers] ([offerId])
GO
ALTER TABLE [dbo].[itemTransferOffer] CHECK CONSTRAINT [FK_itemTransferOffer_offers]
GO
ALTER TABLE [dbo].[itemTransferOffer]  WITH CHECK ADD  CONSTRAINT [FK_itemTransferOffer_users] FOREIGN KEY([createUserId])
REFERENCES [dbo].[users] ([userId])
GO
ALTER TABLE [dbo].[itemTransferOffer] CHECK CONSTRAINT [FK_itemTransferOffer_users]
GO
ALTER TABLE [dbo].[itemTransferOffer]  WITH CHECK ADD  CONSTRAINT [FK_itemTransferOffer_users1] FOREIGN KEY([updateUserId])
REFERENCES [dbo].[users] ([userId])
GO
ALTER TABLE [dbo].[itemTransferOffer] CHECK CONSTRAINT [FK_itemTransferOffer_users1]
GO
ALTER TABLE [dbo].[itemUnitUser]  WITH CHECK ADD  CONSTRAINT [FK_itemUnitUser_itemsUnits] FOREIGN KEY([itemUnitId])
REFERENCES [dbo].[itemsUnits] ([itemUnitId])
GO
ALTER TABLE [dbo].[itemUnitUser] CHECK CONSTRAINT [FK_itemUnitUser_itemsUnits]
GO
ALTER TABLE [dbo].[itemUnitUser]  WITH CHECK ADD  CONSTRAINT [FK_itemUnitUser_users] FOREIGN KEY([userId])
REFERENCES [dbo].[users] ([userId])
GO
ALTER TABLE [dbo].[itemUnitUser] CHECK CONSTRAINT [FK_itemUnitUser_users]
GO
ALTER TABLE [dbo].[itemUnitUser]  WITH CHECK ADD  CONSTRAINT [FK_itemUnitUser_users1] FOREIGN KEY([createUserId])
REFERENCES [dbo].[users] ([userId])
GO
ALTER TABLE [dbo].[itemUnitUser] CHECK CONSTRAINT [FK_itemUnitUser_users1]
GO
ALTER TABLE [dbo].[itemUnitUser]  WITH CHECK ADD  CONSTRAINT [FK_itemUnitUser_users2] FOREIGN KEY([updateUserId])
REFERENCES [dbo].[users] ([userId])
GO
ALTER TABLE [dbo].[itemUnitUser] CHECK CONSTRAINT [FK_itemUnitUser_users2]
GO
ALTER TABLE [dbo].[locations]  WITH CHECK ADD  CONSTRAINT [FK_locations_branches1] FOREIGN KEY([branchId])
REFERENCES [dbo].[branches] ([branchId])
GO
ALTER TABLE [dbo].[locations] CHECK CONSTRAINT [FK_locations_branches1]
GO
ALTER TABLE [dbo].[locations]  WITH CHECK ADD  CONSTRAINT [FK_locations_sections] FOREIGN KEY([sectionId])
REFERENCES [dbo].[sections] ([sectionId])
GO
ALTER TABLE [dbo].[locations] CHECK CONSTRAINT [FK_locations_sections]
GO
ALTER TABLE [dbo].[locations]  WITH CHECK ADD  CONSTRAINT [FK_locations_users] FOREIGN KEY([createUserId])
REFERENCES [dbo].[users] ([userId])
GO
ALTER TABLE [dbo].[locations] CHECK CONSTRAINT [FK_locations_users]
GO
ALTER TABLE [dbo].[locations]  WITH CHECK ADD  CONSTRAINT [FK_locations_users1] FOREIGN KEY([updateUserId])
REFERENCES [dbo].[users] ([userId])
GO
ALTER TABLE [dbo].[locations] CHECK CONSTRAINT [FK_locations_users1]
GO
ALTER TABLE [dbo].[medalAgent]  WITH CHECK ADD  CONSTRAINT [FK_medalAgent_agents] FOREIGN KEY([agentId])
REFERENCES [dbo].[agents] ([agentId])
GO
ALTER TABLE [dbo].[medalAgent] CHECK CONSTRAINT [FK_medalAgent_agents]
GO
ALTER TABLE [dbo].[medalAgent]  WITH CHECK ADD  CONSTRAINT [FK_medalAgent_medals] FOREIGN KEY([medalId])
REFERENCES [dbo].[medals] ([medalId])
GO
ALTER TABLE [dbo].[medalAgent] CHECK CONSTRAINT [FK_medalAgent_medals]
GO
ALTER TABLE [dbo].[medalAgent]  WITH CHECK ADD  CONSTRAINT [FK_medalAgent_users] FOREIGN KEY([createUserId])
REFERENCES [dbo].[users] ([userId])
GO
ALTER TABLE [dbo].[medalAgent] CHECK CONSTRAINT [FK_medalAgent_users]
GO
ALTER TABLE [dbo].[medalAgent]  WITH CHECK ADD  CONSTRAINT [FK_medalAgent_users1] FOREIGN KEY([updateUserId])
REFERENCES [dbo].[users] ([userId])
GO
ALTER TABLE [dbo].[medalAgent] CHECK CONSTRAINT [FK_medalAgent_users1]
GO
ALTER TABLE [dbo].[medals]  WITH CHECK ADD  CONSTRAINT [FK_medals_users] FOREIGN KEY([createUserId])
REFERENCES [dbo].[users] ([userId])
GO
ALTER TABLE [dbo].[medals] CHECK CONSTRAINT [FK_medals_users]
GO
ALTER TABLE [dbo].[medals]  WITH CHECK ADD  CONSTRAINT [FK_medals_users1] FOREIGN KEY([updateUserId])
REFERENCES [dbo].[users] ([userId])
GO
ALTER TABLE [dbo].[medals] CHECK CONSTRAINT [FK_medals_users1]
GO
ALTER TABLE [dbo].[memberships]  WITH CHECK ADD  CONSTRAINT [FK_memberships_users] FOREIGN KEY([createUserId])
REFERENCES [dbo].[users] ([userId])
GO
ALTER TABLE [dbo].[memberships] CHECK CONSTRAINT [FK_memberships_users]
GO
ALTER TABLE [dbo].[memberships]  WITH CHECK ADD  CONSTRAINT [FK_memberships_users1] FOREIGN KEY([updateUserId])
REFERENCES [dbo].[users] ([userId])
GO
ALTER TABLE [dbo].[memberships] CHECK CONSTRAINT [FK_memberships_users1]
GO
ALTER TABLE [dbo].[membershipsOffers]  WITH CHECK ADD  CONSTRAINT [FK_membershipsOffers_memberships] FOREIGN KEY([membershipId])
REFERENCES [dbo].[memberships] ([membershipId])
GO
ALTER TABLE [dbo].[membershipsOffers] CHECK CONSTRAINT [FK_membershipsOffers_memberships]
GO
ALTER TABLE [dbo].[membershipsOffers]  WITH CHECK ADD  CONSTRAINT [FK_membershipsOffers_offers] FOREIGN KEY([offerId])
REFERENCES [dbo].[offers] ([offerId])
GO
ALTER TABLE [dbo].[membershipsOffers] CHECK CONSTRAINT [FK_membershipsOffers_offers]
GO
ALTER TABLE [dbo].[membershipsOffers]  WITH CHECK ADD  CONSTRAINT [FK_membershipsOffers_users] FOREIGN KEY([createUserId])
REFERENCES [dbo].[users] ([userId])
GO
ALTER TABLE [dbo].[membershipsOffers] CHECK CONSTRAINT [FK_membershipsOffers_users]
GO
ALTER TABLE [dbo].[membershipsOffers]  WITH CHECK ADD  CONSTRAINT [FK_membershipsOffers_users1] FOREIGN KEY([updateUserId])
REFERENCES [dbo].[users] ([userId])
GO
ALTER TABLE [dbo].[membershipsOffers] CHECK CONSTRAINT [FK_membershipsOffers_users1]
GO
ALTER TABLE [dbo].[menuSettings]  WITH CHECK ADD  CONSTRAINT [FK_menuSettings_branches] FOREIGN KEY([branchId])
REFERENCES [dbo].[branches] ([branchId])
GO
ALTER TABLE [dbo].[menuSettings] CHECK CONSTRAINT [FK_menuSettings_branches]
GO
ALTER TABLE [dbo].[menuSettings]  WITH CHECK ADD  CONSTRAINT [FK_menuSettings_itemsUnits] FOREIGN KEY([itemUnitId])
REFERENCES [dbo].[itemsUnits] ([itemUnitId])
GO
ALTER TABLE [dbo].[menuSettings] CHECK CONSTRAINT [FK_menuSettings_itemsUnits]
GO
ALTER TABLE [dbo].[menuSettings]  WITH CHECK ADD  CONSTRAINT [FK_menuSettings_users] FOREIGN KEY([updateUserId])
REFERENCES [dbo].[users] ([userId])
GO
ALTER TABLE [dbo].[menuSettings] CHECK CONSTRAINT [FK_menuSettings_users]
GO
ALTER TABLE [dbo].[notification]  WITH CHECK ADD  CONSTRAINT [FK_notification_users] FOREIGN KEY([updateUserId])
REFERENCES [dbo].[users] ([userId])
GO
ALTER TABLE [dbo].[notification] CHECK CONSTRAINT [FK_notification_users]
GO
ALTER TABLE [dbo].[notification]  WITH CHECK ADD  CONSTRAINT [FK_notification_users1] FOREIGN KEY([createUserId])
REFERENCES [dbo].[users] ([userId])
GO
ALTER TABLE [dbo].[notification] CHECK CONSTRAINT [FK_notification_users1]
GO
ALTER TABLE [dbo].[notificationUser]  WITH CHECK ADD  CONSTRAINT [FK_notificationUser_notification] FOREIGN KEY([notId])
REFERENCES [dbo].[notification] ([notId])
GO
ALTER TABLE [dbo].[notificationUser] CHECK CONSTRAINT [FK_notificationUser_notification]
GO
ALTER TABLE [dbo].[notificationUser]  WITH CHECK ADD  CONSTRAINT [FK_notificationUser_pos] FOREIGN KEY([posId])
REFERENCES [dbo].[pos] ([posId])
GO
ALTER TABLE [dbo].[notificationUser] CHECK CONSTRAINT [FK_notificationUser_pos]
GO
ALTER TABLE [dbo].[notificationUser]  WITH CHECK ADD  CONSTRAINT [FK_notificationUser_users] FOREIGN KEY([userId])
REFERENCES [dbo].[users] ([userId])
GO
ALTER TABLE [dbo].[notificationUser] CHECK CONSTRAINT [FK_notificationUser_users]
GO
ALTER TABLE [dbo].[notificationUser]  WITH CHECK ADD  CONSTRAINT [FK_notificationUser_users1] FOREIGN KEY([createUserId])
REFERENCES [dbo].[users] ([userId])
GO
ALTER TABLE [dbo].[notificationUser] CHECK CONSTRAINT [FK_notificationUser_users1]
GO
ALTER TABLE [dbo].[notificationUser]  WITH CHECK ADD  CONSTRAINT [FK_notificationUser_users2] FOREIGN KEY([updateUserId])
REFERENCES [dbo].[users] ([userId])
GO
ALTER TABLE [dbo].[notificationUser] CHECK CONSTRAINT [FK_notificationUser_users2]
GO
ALTER TABLE [dbo].[objects]  WITH CHECK ADD  CONSTRAINT [FK_objects_objects] FOREIGN KEY([parentObjectId])
REFERENCES [dbo].[objects] ([objectId])
GO
ALTER TABLE [dbo].[objects] CHECK CONSTRAINT [FK_objects_objects]
GO
ALTER TABLE [dbo].[orderPreparing]  WITH CHECK ADD  CONSTRAINT [FK_orderPreparing_invoices] FOREIGN KEY([invoiceId])
REFERENCES [dbo].[invoices] ([invoiceId])
GO
ALTER TABLE [dbo].[orderPreparing] CHECK CONSTRAINT [FK_orderPreparing_invoices]
GO
ALTER TABLE [dbo].[orderPreparing]  WITH CHECK ADD  CONSTRAINT [FK_orderPreparing_users] FOREIGN KEY([createUserId])
REFERENCES [dbo].[users] ([userId])
GO
ALTER TABLE [dbo].[orderPreparing] CHECK CONSTRAINT [FK_orderPreparing_users]
GO
ALTER TABLE [dbo].[orderPreparing]  WITH CHECK ADD  CONSTRAINT [FK_orderPreparing_users1] FOREIGN KEY([updateUserId])
REFERENCES [dbo].[users] ([userId])
GO
ALTER TABLE [dbo].[orderPreparing] CHECK CONSTRAINT [FK_orderPreparing_users1]
GO
ALTER TABLE [dbo].[orderPreparingStatus]  WITH CHECK ADD  CONSTRAINT [FK_orderPreparingStatus_orderPreparing] FOREIGN KEY([orderPreparingId])
REFERENCES [dbo].[orderPreparing] ([orderPreparingId])
GO
ALTER TABLE [dbo].[orderPreparingStatus] CHECK CONSTRAINT [FK_orderPreparingStatus_orderPreparing]
GO
ALTER TABLE [dbo].[orderPreparingStatus]  WITH CHECK ADD  CONSTRAINT [FK_orderPreparingStatus_users] FOREIGN KEY([createUserId])
REFERENCES [dbo].[users] ([userId])
GO
ALTER TABLE [dbo].[orderPreparingStatus] CHECK CONSTRAINT [FK_orderPreparingStatus_users]
GO
ALTER TABLE [dbo].[orderPreparingStatus]  WITH CHECK ADD  CONSTRAINT [FK_orderPreparingStatus_users1] FOREIGN KEY([updateUserId])
REFERENCES [dbo].[users] ([userId])
GO
ALTER TABLE [dbo].[orderPreparingStatus] CHECK CONSTRAINT [FK_orderPreparingStatus_users1]
GO
ALTER TABLE [dbo].[packages]  WITH CHECK ADD  CONSTRAINT [FK_packages_itemsUnits] FOREIGN KEY([parentIUId])
REFERENCES [dbo].[itemsUnits] ([itemUnitId])
GO
ALTER TABLE [dbo].[packages] CHECK CONSTRAINT [FK_packages_itemsUnits]
GO
ALTER TABLE [dbo].[packages]  WITH CHECK ADD  CONSTRAINT [FK_packages_itemsUnits1] FOREIGN KEY([childIUId])
REFERENCES [dbo].[itemsUnits] ([itemUnitId])
GO
ALTER TABLE [dbo].[packages] CHECK CONSTRAINT [FK_packages_itemsUnits1]
GO
ALTER TABLE [dbo].[packages]  WITH CHECK ADD  CONSTRAINT [FK_packages_users1] FOREIGN KEY([updateUserId])
REFERENCES [dbo].[users] ([userId])
GO
ALTER TABLE [dbo].[packages] CHECK CONSTRAINT [FK_packages_users1]
GO
ALTER TABLE [dbo].[packages]  WITH CHECK ADD  CONSTRAINT [FK_packages_users2] FOREIGN KEY([createUserId])
REFERENCES [dbo].[users] ([userId])
GO
ALTER TABLE [dbo].[packages] CHECK CONSTRAINT [FK_packages_users2]
GO
ALTER TABLE [dbo].[Points]  WITH CHECK ADD  CONSTRAINT [FK_Points_agents] FOREIGN KEY([agentId])
REFERENCES [dbo].[agents] ([agentId])
GO
ALTER TABLE [dbo].[Points] CHECK CONSTRAINT [FK_Points_agents]
GO
ALTER TABLE [dbo].[Points]  WITH CHECK ADD  CONSTRAINT [FK_Points_users] FOREIGN KEY([createUserId])
REFERENCES [dbo].[users] ([userId])
GO
ALTER TABLE [dbo].[Points] CHECK CONSTRAINT [FK_Points_users]
GO
ALTER TABLE [dbo].[Points]  WITH CHECK ADD  CONSTRAINT [FK_Points_users1] FOREIGN KEY([updateUserId])
REFERENCES [dbo].[users] ([userId])
GO
ALTER TABLE [dbo].[Points] CHECK CONSTRAINT [FK_Points_users1]
GO
ALTER TABLE [dbo].[pos]  WITH CHECK ADD  CONSTRAINT [FK_pos_branches] FOREIGN KEY([branchId])
REFERENCES [dbo].[branches] ([branchId])
GO
ALTER TABLE [dbo].[pos] CHECK CONSTRAINT [FK_pos_branches]
GO
ALTER TABLE [dbo].[pos]  WITH CHECK ADD  CONSTRAINT [FK_pos_users] FOREIGN KEY([createUserId])
REFERENCES [dbo].[users] ([userId])
GO
ALTER TABLE [dbo].[pos] CHECK CONSTRAINT [FK_pos_users]
GO
ALTER TABLE [dbo].[pos]  WITH CHECK ADD  CONSTRAINT [FK_pos_users1] FOREIGN KEY([updateUserId])
REFERENCES [dbo].[users] ([userId])
GO
ALTER TABLE [dbo].[pos] CHECK CONSTRAINT [FK_pos_users1]
GO
ALTER TABLE [dbo].[posSetting]  WITH CHECK ADD  CONSTRAINT [FK_posSetting_paperSize] FOREIGN KEY([saleInvPapersizeId])
REFERENCES [dbo].[paperSize] ([sizeId])
GO
ALTER TABLE [dbo].[posSetting] CHECK CONSTRAINT [FK_posSetting_paperSize]
GO
ALTER TABLE [dbo].[posSetting]  WITH CHECK ADD  CONSTRAINT [FK_posSetting_pos] FOREIGN KEY([posId])
REFERENCES [dbo].[pos] ([posId])
GO
ALTER TABLE [dbo].[posSetting] CHECK CONSTRAINT [FK_posSetting_pos]
GO
ALTER TABLE [dbo].[posSetting]  WITH CHECK ADD  CONSTRAINT [FK_posSetting_posSerials] FOREIGN KEY([posSerialId])
REFERENCES [dbo].[posSerials] ([id])
GO
ALTER TABLE [dbo].[posSetting] CHECK CONSTRAINT [FK_posSetting_posSerials]
GO
ALTER TABLE [dbo].[posSetting]  WITH CHECK ADD  CONSTRAINT [FK_posSetting_printers] FOREIGN KEY([saleInvPrinterId])
REFERENCES [dbo].[printers] ([printerId])
GO
ALTER TABLE [dbo].[posSetting] CHECK CONSTRAINT [FK_posSetting_printers]
GO
ALTER TABLE [dbo].[posSetting]  WITH CHECK ADD  CONSTRAINT [FK_posSetting_printers1] FOREIGN KEY([reportPrinterId])
REFERENCES [dbo].[printers] ([printerId])
GO
ALTER TABLE [dbo].[posSetting] CHECK CONSTRAINT [FK_posSetting_printers1]
GO
ALTER TABLE [dbo].[posSetting]  WITH CHECK ADD  CONSTRAINT [FK_posSetting_users] FOREIGN KEY([createUserId])
REFERENCES [dbo].[users] ([userId])
GO
ALTER TABLE [dbo].[posSetting] CHECK CONSTRAINT [FK_posSetting_users]
GO
ALTER TABLE [dbo].[posSetting]  WITH CHECK ADD  CONSTRAINT [FK_posSetting_users1] FOREIGN KEY([updateUserId])
REFERENCES [dbo].[users] ([userId])
GO
ALTER TABLE [dbo].[posSetting] CHECK CONSTRAINT [FK_posSetting_users1]
GO
ALTER TABLE [dbo].[posUsers]  WITH CHECK ADD  CONSTRAINT [FK_posUsers_pos] FOREIGN KEY([posId])
REFERENCES [dbo].[pos] ([posId])
GO
ALTER TABLE [dbo].[posUsers] CHECK CONSTRAINT [FK_posUsers_pos]
GO
ALTER TABLE [dbo].[posUsers]  WITH CHECK ADD  CONSTRAINT [FK_posUsers_users] FOREIGN KEY([userId])
REFERENCES [dbo].[users] ([userId])
GO
ALTER TABLE [dbo].[posUsers] CHECK CONSTRAINT [FK_posUsers_users]
GO
ALTER TABLE [dbo].[posUsers]  WITH CHECK ADD  CONSTRAINT [FK_posUsers_users1] FOREIGN KEY([updateUserId])
REFERENCES [dbo].[users] ([userId])
GO
ALTER TABLE [dbo].[posUsers] CHECK CONSTRAINT [FK_posUsers_users1]
GO
ALTER TABLE [dbo].[posUsers]  WITH CHECK ADD  CONSTRAINT [FK_posUsers_users2] FOREIGN KEY([createUserId])
REFERENCES [dbo].[users] ([userId])
GO
ALTER TABLE [dbo].[posUsers] CHECK CONSTRAINT [FK_posUsers_users2]
GO
ALTER TABLE [dbo].[printers]  WITH CHECK ADD  CONSTRAINT [FK_printers_users] FOREIGN KEY([createUserId])
REFERENCES [dbo].[users] ([userId])
GO
ALTER TABLE [dbo].[printers] CHECK CONSTRAINT [FK_printers_users]
GO
ALTER TABLE [dbo].[printers]  WITH CHECK ADD  CONSTRAINT [FK_printers_users1] FOREIGN KEY([updateUserId])
REFERENCES [dbo].[users] ([userId])
GO
ALTER TABLE [dbo].[printers] CHECK CONSTRAINT [FK_printers_users1]
GO
ALTER TABLE [dbo].[properties]  WITH CHECK ADD  CONSTRAINT [FK_properties_users] FOREIGN KEY([createUserId])
REFERENCES [dbo].[users] ([userId])
GO
ALTER TABLE [dbo].[properties] CHECK CONSTRAINT [FK_properties_users]
GO
ALTER TABLE [dbo].[properties]  WITH CHECK ADD  CONSTRAINT [FK_properties_users1] FOREIGN KEY([updateUserId])
REFERENCES [dbo].[users] ([userId])
GO
ALTER TABLE [dbo].[properties] CHECK CONSTRAINT [FK_properties_users1]
GO
ALTER TABLE [dbo].[propertiesItems]  WITH CHECK ADD  CONSTRAINT [FK_propertiesItems_properties] FOREIGN KEY([propertyId])
REFERENCES [dbo].[properties] ([propertyId])
GO
ALTER TABLE [dbo].[propertiesItems] CHECK CONSTRAINT [FK_propertiesItems_properties]
GO
ALTER TABLE [dbo].[propertiesItems]  WITH CHECK ADD  CONSTRAINT [FK_propertiesItems_users] FOREIGN KEY([createUserId])
REFERENCES [dbo].[users] ([userId])
GO
ALTER TABLE [dbo].[propertiesItems] CHECK CONSTRAINT [FK_propertiesItems_users]
GO
ALTER TABLE [dbo].[propertiesItems]  WITH CHECK ADD  CONSTRAINT [FK_propertiesItems_users1] FOREIGN KEY([updateUserId])
REFERENCES [dbo].[users] ([userId])
GO
ALTER TABLE [dbo].[propertiesItems] CHECK CONSTRAINT [FK_propertiesItems_users1]
GO
ALTER TABLE [dbo].[reservations]  WITH CHECK ADD  CONSTRAINT [FK_reservations_branches] FOREIGN KEY([branchId])
REFERENCES [dbo].[branches] ([branchId])
GO
ALTER TABLE [dbo].[reservations] CHECK CONSTRAINT [FK_reservations_branches]
GO
ALTER TABLE [dbo].[reservations]  WITH CHECK ADD  CONSTRAINT [FK_reservations_updateUsers] FOREIGN KEY([updateUserId])
REFERENCES [dbo].[users] ([userId])
GO
ALTER TABLE [dbo].[reservations] CHECK CONSTRAINT [FK_reservations_updateUsers]
GO
ALTER TABLE [dbo].[reservations]  WITH CHECK ADD  CONSTRAINT [FK_reservations_users] FOREIGN KEY([createUserId])
REFERENCES [dbo].[users] ([userId])
GO
ALTER TABLE [dbo].[reservations] CHECK CONSTRAINT [FK_reservations_users]
GO
ALTER TABLE [dbo].[residentialSectors]  WITH CHECK ADD  CONSTRAINT [FK_residentialSectors_users] FOREIGN KEY([createUserId])
REFERENCES [dbo].[users] ([userId])
GO
ALTER TABLE [dbo].[residentialSectors] CHECK CONSTRAINT [FK_residentialSectors_users]
GO
ALTER TABLE [dbo].[residentialSectors]  WITH CHECK ADD  CONSTRAINT [FK_residentialSectors_users1] FOREIGN KEY([updateUserId])
REFERENCES [dbo].[users] ([userId])
GO
ALTER TABLE [dbo].[residentialSectors] CHECK CONSTRAINT [FK_residentialSectors_users1]
GO
ALTER TABLE [dbo].[residentialSectorsUsers]  WITH CHECK ADD  CONSTRAINT [FK_residentialSectorsUsers_residentialSectors] FOREIGN KEY([residentSecId])
REFERENCES [dbo].[residentialSectors] ([residentSecId])
GO
ALTER TABLE [dbo].[residentialSectorsUsers] CHECK CONSTRAINT [FK_residentialSectorsUsers_residentialSectors]
GO
ALTER TABLE [dbo].[residentialSectorsUsers]  WITH CHECK ADD  CONSTRAINT [FK_residentialSectorsUsers_users] FOREIGN KEY([userId])
REFERENCES [dbo].[users] ([userId])
GO
ALTER TABLE [dbo].[residentialSectorsUsers] CHECK CONSTRAINT [FK_residentialSectorsUsers_users]
GO
ALTER TABLE [dbo].[residentialSectorsUsers]  WITH CHECK ADD  CONSTRAINT [FK_residentialSectorsUsers_users1] FOREIGN KEY([updateUserId])
REFERENCES [dbo].[users] ([userId])
GO
ALTER TABLE [dbo].[residentialSectorsUsers] CHECK CONSTRAINT [FK_residentialSectorsUsers_users1]
GO
ALTER TABLE [dbo].[residentialSectorsUsers]  WITH CHECK ADD  CONSTRAINT [FK_residentialSectorsUsers_users2] FOREIGN KEY([createUserId])
REFERENCES [dbo].[users] ([userId])
GO
ALTER TABLE [dbo].[residentialSectorsUsers] CHECK CONSTRAINT [FK_residentialSectorsUsers_users2]
GO
ALTER TABLE [dbo].[sections]  WITH CHECK ADD  CONSTRAINT [FK_sections_branches] FOREIGN KEY([branchId])
REFERENCES [dbo].[branches] ([branchId])
GO
ALTER TABLE [dbo].[sections] CHECK CONSTRAINT [FK_sections_branches]
GO
ALTER TABLE [dbo].[serials]  WITH CHECK ADD  CONSTRAINT [FK_serials_items] FOREIGN KEY([itemId])
REFERENCES [dbo].[items] ([itemId])
GO
ALTER TABLE [dbo].[serials] CHECK CONSTRAINT [FK_serials_items]
GO
ALTER TABLE [dbo].[serials]  WITH CHECK ADD  CONSTRAINT [FK_serials_users] FOREIGN KEY([createUserId])
REFERENCES [dbo].[users] ([userId])
GO
ALTER TABLE [dbo].[serials] CHECK CONSTRAINT [FK_serials_users]
GO
ALTER TABLE [dbo].[serials]  WITH CHECK ADD  CONSTRAINT [FK_serials_users1] FOREIGN KEY([updateUserId])
REFERENCES [dbo].[users] ([userId])
GO
ALTER TABLE [dbo].[serials] CHECK CONSTRAINT [FK_serials_users1]
GO
ALTER TABLE [dbo].[setValues]  WITH CHECK ADD  CONSTRAINT [FK_setValues_setting] FOREIGN KEY([settingId])
REFERENCES [dbo].[setting] ([settingId])
GO
ALTER TABLE [dbo].[setValues] CHECK CONSTRAINT [FK_setValues_setting]
GO
ALTER TABLE [dbo].[subscriptionFees]  WITH CHECK ADD  CONSTRAINT [FK_subscriptionFees_memberships] FOREIGN KEY([membershipId])
REFERENCES [dbo].[memberships] ([membershipId])
GO
ALTER TABLE [dbo].[subscriptionFees] CHECK CONSTRAINT [FK_subscriptionFees_memberships]
GO
ALTER TABLE [dbo].[sysEmails]  WITH CHECK ADD  CONSTRAINT [FK_sysEmails_branches] FOREIGN KEY([branchId])
REFERENCES [dbo].[branches] ([branchId])
GO
ALTER TABLE [dbo].[sysEmails] CHECK CONSTRAINT [FK_sysEmails_branches]
GO
ALTER TABLE [dbo].[sysEmails]  WITH CHECK ADD  CONSTRAINT [FK_sysEmails_users] FOREIGN KEY([createUserId])
REFERENCES [dbo].[users] ([userId])
GO
ALTER TABLE [dbo].[sysEmails] CHECK CONSTRAINT [FK_sysEmails_users]
GO
ALTER TABLE [dbo].[sysEmails]  WITH CHECK ADD  CONSTRAINT [FK_sysEmails_users1] FOREIGN KEY([updateUserId])
REFERENCES [dbo].[users] ([userId])
GO
ALTER TABLE [dbo].[sysEmails] CHECK CONSTRAINT [FK_sysEmails_users1]
GO
ALTER TABLE [dbo].[tables]  WITH CHECK ADD  CONSTRAINT [FK_tables_branches] FOREIGN KEY([branchId])
REFERENCES [dbo].[branches] ([branchId])
GO
ALTER TABLE [dbo].[tables] CHECK CONSTRAINT [FK_tables_branches]
GO
ALTER TABLE [dbo].[tables]  WITH CHECK ADD  CONSTRAINT [FK_tables_hallSections] FOREIGN KEY([sectionId])
REFERENCES [dbo].[hallSections] ([sectionId])
GO
ALTER TABLE [dbo].[tables] CHECK CONSTRAINT [FK_tables_hallSections]
GO
ALTER TABLE [dbo].[tables]  WITH CHECK ADD  CONSTRAINT [FK_tables_updateUsers] FOREIGN KEY([updateUserId])
REFERENCES [dbo].[users] ([userId])
GO
ALTER TABLE [dbo].[tables] CHECK CONSTRAINT [FK_tables_updateUsers]
GO
ALTER TABLE [dbo].[tables]  WITH CHECK ADD  CONSTRAINT [FK_tables_users] FOREIGN KEY([createUserId])
REFERENCES [dbo].[users] ([userId])
GO
ALTER TABLE [dbo].[tables] CHECK CONSTRAINT [FK_tables_users]
GO
ALTER TABLE [dbo].[tables]  WITH CHECK ADD  CONSTRAINT [FK_tables_users1] FOREIGN KEY([createUserId])
REFERENCES [dbo].[users] ([userId])
GO
ALTER TABLE [dbo].[tables] CHECK CONSTRAINT [FK_tables_users1]
GO
ALTER TABLE [dbo].[tables]  WITH CHECK ADD  CONSTRAINT [FK_tables_users2] FOREIGN KEY([updateUserId])
REFERENCES [dbo].[users] ([userId])
GO
ALTER TABLE [dbo].[tables] CHECK CONSTRAINT [FK_tables_users2]
GO
ALTER TABLE [dbo].[tablesReservations]  WITH CHECK ADD  CONSTRAINT [FK_tablesReservations_reservations] FOREIGN KEY([reservationId])
REFERENCES [dbo].[reservations] ([reservationId])
GO
ALTER TABLE [dbo].[tablesReservations] CHECK CONSTRAINT [FK_tablesReservations_reservations]
GO
ALTER TABLE [dbo].[tablesReservations]  WITH CHECK ADD  CONSTRAINT [FK_tablesReservations_tables] FOREIGN KEY([tableId])
REFERENCES [dbo].[tables] ([tableId])
GO
ALTER TABLE [dbo].[tablesReservations] CHECK CONSTRAINT [FK_tablesReservations_tables]
GO
ALTER TABLE [dbo].[tablesReservations]  WITH CHECK ADD  CONSTRAINT [FK_tablesReservations_updateUsers] FOREIGN KEY([updateUserId])
REFERENCES [dbo].[users] ([userId])
GO
ALTER TABLE [dbo].[tablesReservations] CHECK CONSTRAINT [FK_tablesReservations_updateUsers]
GO
ALTER TABLE [dbo].[tablesReservations]  WITH CHECK ADD  CONSTRAINT [FK_tablesReservations_users] FOREIGN KEY([createUserId])
REFERENCES [dbo].[users] ([userId])
GO
ALTER TABLE [dbo].[tablesReservations] CHECK CONSTRAINT [FK_tablesReservations_users]
GO
ALTER TABLE [dbo].[tags]  WITH CHECK ADD  CONSTRAINT [FK_tags_users3] FOREIGN KEY([createUserId])
REFERENCES [dbo].[users] ([userId])
GO
ALTER TABLE [dbo].[tags] CHECK CONSTRAINT [FK_tags_users3]
GO
ALTER TABLE [dbo].[tags]  WITH CHECK ADD  CONSTRAINT [FK_tags_users4] FOREIGN KEY([updateUserId])
REFERENCES [dbo].[users] ([userId])
GO
ALTER TABLE [dbo].[tags] CHECK CONSTRAINT [FK_tags_users4]
GO
ALTER TABLE [dbo].[userSetValues]  WITH CHECK ADD  CONSTRAINT [FK_userSetValues_setValues] FOREIGN KEY([valId])
REFERENCES [dbo].[setValues] ([valId])
GO
ALTER TABLE [dbo].[userSetValues] CHECK CONSTRAINT [FK_userSetValues_setValues]
GO
ALTER TABLE [dbo].[userSetValues]  WITH CHECK ADD  CONSTRAINT [FK_userSetValues_users] FOREIGN KEY([userId])
REFERENCES [dbo].[users] ([userId])
GO
ALTER TABLE [dbo].[userSetValues] CHECK CONSTRAINT [FK_userSetValues_users]
GO
ALTER TABLE [dbo].[userSetValues]  WITH CHECK ADD  CONSTRAINT [FK_userSetValues_users1] FOREIGN KEY([createUserId])
REFERENCES [dbo].[users] ([userId])
GO
ALTER TABLE [dbo].[userSetValues] CHECK CONSTRAINT [FK_userSetValues_users1]
GO
ALTER TABLE [dbo].[userSetValues]  WITH CHECK ADD  CONSTRAINT [FK_userSetValues_users2] FOREIGN KEY([updateUserId])
REFERENCES [dbo].[users] ([userId])
GO
ALTER TABLE [dbo].[userSetValues] CHECK CONSTRAINT [FK_userSetValues_users2]
GO
ALTER TABLE [dbo].[usersLogs]  WITH CHECK ADD  CONSTRAINT [FK_usersLogs_pos] FOREIGN KEY([posId])
REFERENCES [dbo].[pos] ([posId])
GO
ALTER TABLE [dbo].[usersLogs] CHECK CONSTRAINT [FK_usersLogs_pos]
GO
ALTER TABLE [dbo].[usersLogs]  WITH CHECK ADD  CONSTRAINT [FK_usersLogs_users] FOREIGN KEY([userId])
REFERENCES [dbo].[users] ([userId])
GO
ALTER TABLE [dbo].[usersLogs] CHECK CONSTRAINT [FK_usersLogs_users]
GO
USE [master]
GO
ALTER DATABASE [resdb] SET  READ_WRITE 
GO
